query,page,clicks,impressions,ctr,position,ranking_pages
arizona web developer,https://azwebcorp.com/,2,970,0.002061855670103093,6.942268041237114,17
arizona web company,https://azwebcorp.com/,13,533,0.024390243902439025,5.866791744840525,17
arizona web developer,https://azwebcorp.com/arizona-web-development/,0,374,0.0,27.122994652406415,17
arizona web developer,https://azwebcorp.com/about-azwebcorp/,0,278,0.0,7.593525179856115,17
arizona web developer,https://azwebcorp.com/what-is-critical-error-on-wordpress/,0,228,0.0,4.864035087719298,17
arizona web developer,https://azwebcorp.com/tech/,0,124,0.0,4.443548387096774,17
arizona web developer,https://azwebcorp.com/frontend-development/,0,108,0.0,80.57407407407408,17
arizona web developer,https://azwebcorp.com/hire-our-services/,0,102,0.0,14.676470588235293,17
arizona web developer,https://azwebcorp.com/arizona-backend-development/,0,80,0.0,82.5125,17
arizona web developer,https://azwebcorp.com/mobile-app-development-services-arizona/,0,77,0.0,35.077922077922075,17
arizona web developer,https://azwebcorp.com/tech-industry-blog/,0,67,0.0,5.17910447761194,17
arizona web developer,https://azwebcorp.com/contact-us/,0,57,0.0,5.7368421052631575,17
arizona web developer,https://azwebcorp.com/workflow-automation/,0,48,0.0,5.729166666666667,17
arizona web company,https://azwebcorp.com/about-azwebcorp/,0,43,0.0,30.88372093023256,17
arizona web developer,https://azwebcorp.com/news-and-insights/,0,31,0.0,6.032258064516129,17
arizona web company,https://azwebcorp.com/mobile-app-development-services-arizona/,0,24,0.0,2.791666666666667,17
arizona web company,https://azwebcorp.com/tech/,0,24,0.0,2.791666666666667,17
arizona web company,https://azwebcorp.com/what-is-critical-error-on-wordpress/,0,24,0.0,2.791666666666667,17
arizona web company,https://azwebcorp.com/arizona-web-development/,0,19,0.0,63.21052631578947,17
arizona web company,https://azwebcorp.com/contact-us/,0,17,0.0,16.941176470588236,17
arizona web company,https://azwebcorp.com/marketing-automation2/,0,16,0.0,18.5,17
arizona web company,https://azwebcorp.com/hire-our-services/,0,12,0.0,68.41666666666667,17
arizona web developer,https://azwebcorp.com/marketing-automation2/,0,9,0.0,5.777777777777778,17
arizona web developer,https://azwebcorp.com/our-featured-projects/,0,9,0.0,87.77777777777777,17
arizona web company,https://azwebcorp.com/our-featured-projects/,0,7,0.0,82.57142857142857,17
arizona web company,https://azwebcorp.com/arizona-digital-marketing/,0,6,0.0,86.33333333333333,17
arizona web developer,https://azwebcorp.com/tech-industry-blogs/,0,6,0.0,4.0,17
arizona web company,https://azwebcorp.com/arizona-backend-development/,0,4,0.0,79.75,17
arizona web company,https://azwebcorp.com/web-development-services/,0,3,0.0,67.0,17
arizona web company,https://azwebcorp.com/privacy-policy/,0,2,0.0,85.0,17
arizona web developer,https://azwebcorp.com/web-development/,0,2,0.0,88.0,17
arizona web company,https://azwebcorp.com/arizona-seo-services/,0,1,0.0,88.0,17
arizona web company,https://azwebcorp.com/category/digital-marketing/,0,1,0.0,85.0,17
arizona web company,https://azwebcorp.com/frontend-development/,0,1,0.0,60.0,17
arizona web development,https://azwebcorp.com/,13,1778,0.007311586051743532,4.860517435320585,15
arizona web development,https://azwebcorp.com/arizona-web-development/,0,822,0.0,21.535279805352797,15
arizona web development,https://azwebcorp.com/about-azwebcorp/,0,759,0.0,4.5520421607378125,15
arizona web development,https://azwebcorp.com/what-is-critical-error-on-wordpress/,0,706,0.0,4.335694050991501,15
web developer arizona,https://azwebcorp.com/,1,588,0.0017006802721088435,8.879251700680271,15
arizona web development,https://azwebcorp.com/tech/,0,368,0.0,6.611413043478261,15
arizona web development,https://azwebcorp.com/tech-industry-blog/,0,228,0.0,3.986842105263158,15
web developer arizona,https://azwebcorp.com/arizona-web-development/,0,222,0.0,44.27477477477478,15
arizona web development,https://azwebcorp.com/mobile-app-development-services-arizona/,0,218,0.0,16.055045871559635,15
arizona web development,https://azwebcorp.com/hire-our-services/,0,177,0.0,16.28813559322034,15
arizona web development,https://azwebcorp.com/contact-us/,0,148,0.0,3.8175675675675675,15
web developer arizona,https://azwebcorp.com/about-azwebcorp/,0,143,0.0,6.6573426573426575,15
arizona web development,https://azwebcorp.com/frontend-development/,0,138,0.0,83.57246376811594,15
web developer arizona,https://azwebcorp.com/what-is-critical-error-on-wordpress/,0,122,0.0,6.918032786885246,15
arizona web development,https://azwebcorp.com/workflow-automation/,0,99,0.0,3.6666666666666665,15
arizona web development,https://azwebcorp.com/news-and-insights/,0,83,0.0,6.626506024096385,15
web developer arizona,https://azwebcorp.com/tech/,0,79,0.0,6.860759493670886,15
arizona web development,https://azwebcorp.com/arizona-backend-development/,0,72,0.0,79.30555555555556,15
web developer arizona,https://azwebcorp.com/mobile-app-development-services-arizona/,0,56,0.0,19.482142857142858,15
web developer arizona,https://azwebcorp.com/frontend-development/,0,51,0.0,78.92156862745098,15
web developer arizona,https://azwebcorp.com/hire-our-services/,0,46,0.0,5.630434782608695,15
arizona web development,https://azwebcorp.com/marketing-automation2/,0,45,0.0,4.533333333333333,15
arizona web development,https://azwebcorp.com/tech-industry-blogs/,0,38,0.0,4.894736842105264,15
web developer arizona,https://azwebcorp.com/tech-industry-blog/,0,38,0.0,6.842105263157895,15
web developer arizona,https://azwebcorp.com/contact-us/,0,33,0.0,6.575757575757576,15
web developer arizona,https://azwebcorp.com/arizona-backend-development/,0,28,0.0,84.89285714285714,15
web developer arizona,https://azwebcorp.com/workflow-automation/,0,25,0.0,6.04,15
web developer arizona,https://azwebcorp.com/marketing-automation2/,0,8,0.0,8.25,15
web developer arizona,https://azwebcorp.com/news-and-insights/,0,4,0.0,9.0,15
web developer arizona,https://azwebcorp.com/tech-industry-blogs/,0,1,0.0,6.0,15
web development arizona,https://azwebcorp.com/,2,1685,0.0011869436201780415,10.91513353115727,13
arizona website development,https://azwebcorp.com/,0,1142,0.0,18.726795096322242,13
web development arizona,https://azwebcorp.com/arizona-web-development/,0,694,0.0,30.53602305475504,13
web development arizona,https://azwebcorp.com/about-azwebcorp/,0,645,0.0,7.831007751937984,13
web development arizona,https://azwebcorp.com/what-is-critical-error-on-wordpress/,0,571,0.0,7.936952714535902,13
web development arizona,https://azwebcorp.com/tech/,0,463,0.0,7.5809935205183585,13
arizona backend development,https://azwebcorp.com/arizona-backend-development/,5,323,0.015479876160990712,3.708978328173375,13
arizona backend development,https://azwebcorp.com/,0,193,0.0,16.523316062176164,13
web development arizona,https://azwebcorp.com/mobile-app-development-services-arizona/,0,188,0.0,10.50531914893617,13
arizona website development,https://azwebcorp.com/arizona-web-development/,0,174,0.0,29.189655172413794,13
arizona website development,https://azwebcorp.com/tech/,0,165,0.0,10.121212121212121,13
arizona website development,https://azwebcorp.com/about-azwebcorp/,0,164,0.0,9.615853658536585,13
arizona website development,https://azwebcorp.com/what-is-critical-error-on-wordpress/,0,164,0.0,9.615853658536585,13
web development arizona,https://azwebcorp.com/hire-our-services/,0,145,0.0,9.641379310344828,13
web development arizona,https://azwebcorp.com/tech-industry-blog/,0,108,0.0,9.462962962962964,13
web development arizona,https://azwebcorp.com/contact-us/,0,104,0.0,7.384615384615385,13
arizona backend development,https://azwebcorp.com/arizona-web-development/,0,83,0.0,19.710843373493976,13
web development arizona,https://azwebcorp.com/frontend-development/,0,83,0.0,70.97590361445783,13
arizona backend development,https://azwebcorp.com/about-azwebcorp/,0,72,0.0,9.944444444444445,13
arizona backend development,https://azwebcorp.com/what-is-critical-error-on-wordpress/,0,72,0.0,9.944444444444445,13
web development arizona,https://azwebcorp.com/workflow-automation/,0,66,0.0,7.2727272727272725,13
az web solutions,https://azwebcorp.com/,0,48,0.0,52.395833333333336,13
arizona backend development,https://azwebcorp.com/tech/,0,44,0.0,24.40909090909091,13
web development arizona,https://azwebcorp.com/marketing-automation2/,0,38,0.0,7.578947368421052,13
arizona website development,https://azwebcorp.com/mobile-app-development-services-arizona/,0,37,0.0,9.64864864864865,13
arizona backend development,https://azwebcorp.com/tech-industry-blog/,0,35,0.0,9.342857142857143,13
az web solutions,https://azwebcorp.com/arizona-web-development/,0,26,0.0,65.6923076923077,13
az web solutions,https://azwebcorp.com/hire-our-services/,0,25,0.0,81.2,13
az web solutions,https://azwebcorp.com/our-featured-projects/,0,25,0.0,87.84,13
az web solutions,https://azwebcorp.com/about-azwebcorp/,0,22,0.0,76.18181818181819,13
az web solutions,https://azwebcorp.com/arizona-backend-development/,0,22,0.0,94.9090909090909,13
az web solutions,https://azwebcorp.com/contact-us/,0,22,0.0,91.72727272727273,13
az web solutions,https://azwebcorp.com/category/digital-marketing/,0,18,0.0,21.055555555555557,13
arizona website development,https://azwebcorp.com/contact-us/,0,17,0.0,10.235294117647058,13
arizona website development,https://azwebcorp.com/hire-our-services/,0,13,0.0,16.53846153846154,13
arizona backend development,https://azwebcorp.com/frontend-development/,0,12,0.0,59.666666666666664,13
arizona website development,https://azwebcorp.com/web-development-services/,0,12,0.0,58.833333333333336,13
arizona website development,https://azwebcorp.com/workflow-automation/,0,12,0.0,10.25,13
web development arizona,https://azwebcorp.com/arizona-backend-development/,0,12,0.0,89.5,13
az web solutions,https://azwebcorp.com/tech/,0,11,0.0,89.9090909090909,13
arizona backend development,https://azwebcorp.com/hire-our-services/,0,7,0.0,43.0,13
arizona website development,https://azwebcorp.com/frontend-development/,0,5,0.0,95.4,13
arizona website development,https://azwebcorp.com/marketing-automation2/,0,5,0.0,10.2,13
arizona backend development,https://azwebcorp.com/contact-us/,0,4,0.0,7.75,13
arizona backend development,https://azwebcorp.com/workflow-automation/,0,4,0.0,7.75,13
az web solutions,https://azwebcorp.com/domain-registration/,0,4,0.0,97.25,13
arizona backend development,https://azwebcorp.com/mobile-app-development-services-arizona/,0,2,0.0,93.0,13
arizona backend development,https://azwebcorp.com/news-and-insights/,0,2,0.0,7.0,13
arizona website development,https://azwebcorp.com/web-development/,0,2,0.0,95.5,13
az web solutions,https://azwebcorp.com/case-studies/,0,2,0.0,87.0,13
az web solutions,https://azwebcorp.com/arizona-web-design/,0,1,0.0,90.0,13
az web solutions,https://azwebcorp.com/mobile-app-development-services-arizona/,0,1,0.0,95.0,13
web developers arizona,https://azwebcorp.com/,0,318,0.0,14.30817610062893,12
web developers arizona,https://azwebcorp.com/about-azwebcorp/,0,79,0.0,8.544303797468356,12
web developers arizona,https://azwebcorp.com/what-is-critical-error-on-wordpress/,0,75,0.0,8.626666666666667,12
web developers arizona,https://azwebcorp.com/arizona-web-development/,0,70,0.0,19.085714285714285,12
web developers arizona,https://azwebcorp.com/tech/,0,67,0.0,8.64179104477612,12
web developers arizona,https://azwebcorp.com/contact-us/,0,61,0.0,8.62295081967213,12
web developers arizona,https://azwebcorp.com/hire-our-services/,0,46,0.0,8.673913043478262,12
web developers arizona,https://azwebcorp.com/workflow-automation/,0,42,0.0,8.833333333333332,12
web developers arizona,https://azwebcorp.com/mobile-app-development-services-arizona/,0,23,0.0,8.26086956521739,12
web developers arizona,https://azwebcorp.com/marketing-automation2/,0,19,0.0,8.157894736842106,12
web developers arizona,https://azwebcorp.com/tech-industry-blog/,0,8,0.0,8.5,12
web developers arizona,https://azwebcorp.com/frontend-development/,0,1,0.0,81.0,12
az web design,https://azwebcorp.com/,1,2175,0.0004597701149425287,48.74574712643678,11
arizona web,https://azwebcorp.com/,2,377,0.005305039787798408,14.848806366047745,11
az web design,https://azwebcorp.com/arizona-web-development/,0,309,0.0,69.25242718446601,11
az web design,https://azwebcorp.com/our-featured-projects/,0,179,0.0,88.51396648044692,11
az web design,https://azwebcorp.com/about-azwebcorp/,0,107,0.0,90.21495327102804,11
az web design,https://azwebcorp.com/category/digital-marketing/,0,90,0.0,35.84444444444444,11
az web design,https://azwebcorp.com/hire-our-services/,0,47,0.0,95.76595744680851,11
az web design,https://azwebcorp.com/frontend-development/,0,34,0.0,87.11764705882354,11
az web design,https://azwebcorp.com/contact-us/,0,12,0.0,96.66666666666667,11
arizona web,https://azwebcorp.com/hire-our-services/,0,11,0.0,68.9090909090909,11
arizona web,https://azwebcorp.com/privacy-policy/,0,8,0.0,80.375,11
arizona web,https://azwebcorp.com/about-azwebcorp/,0,7,0.0,67.71428571428571,11
arizona web,https://azwebcorp.com/arizona-web-development/,0,7,0.0,54.0,11
arizona web,https://azwebcorp.com/contact-us/,0,6,0.0,84.5,11
az web design,https://azwebcorp.com/arizona-web-design/,0,5,0.0,82.0,11
az web design,https://azwebcorp.com/tech/,0,5,0.0,97.0,11
arizona web,https://azwebcorp.com/frontend-development/,0,3,0.0,75.0,11
arizona web,https://azwebcorp.com/category/digital-marketing/,0,2,0.0,66.5,11
arizona web,https://azwebcorp.com/arizona-backend-development/,0,1,0.0,84.0,11
arizona web,https://azwebcorp.com/arizona-web-design/,0,1,0.0,61.0,11
arizona web,https://azwebcorp.com/web-development/,0,1,0.0,80.0,11
az web design,https://azwebcorp.com/web-development/,0,1,0.0,100.0,11
arizona web design company,https://azwebcorp.com/,0,1052,0.0,51.4287072243346,10
website design gilbert az,https://azwebcorp.com/,0,816,0.0,29.63235294117647,10
arizona website companies,https://azwebcorp.com/,0,532,0.0,61.63157894736842,10
web design gilbert az,https://azwebcorp.com/,4,381,0.010498687664041995,32.33070866141732,10
arizona website developers,https://azwebcorp.com/,0,372,0.0,26.629032258064516,10
website developer gilbert az,https://azwebcorp.com/,0,231,0.0,8.41125541125541,10
arizona website developer,https://azwebcorp.com/,0,145,0.0,9.517241379310345,10
web development company gilbert az,https://azwebcorp.com/,0,117,0.0,3.9572649572649574,10
web development agency gilbert az,https://azwebcorp.com/,0,111,0.0,4.4324324324324325,10
arizona web development gilbert,https://azwebcorp.com/,43,110,0.39090909090909093,1.2454545454545454,10
website design gilbert az,https://azwebcorp.com/about-azwebcorp/,0,92,0.0,10.554347826086957,10
website design gilbert az,https://azwebcorp.com/tech/,0,92,0.0,10.554347826086957,10
website design gilbert az,https://azwebcorp.com/what-is-critical-error-on-wordpress/,0,92,0.0,10.554347826086957,10
website design gilbert az,https://azwebcorp.com/mobile-app-development-services-arizona/,0,70,0.0,10.928571428571429,10
web development in arizona,https://azwebcorp.com/,0,58,0.0,16.67241379310345,10
arizona website developers,https://azwebcorp.com/arizona-web-development/,0,43,0.0,38.53488372093023,10
website developer gilbert az,https://azwebcorp.com/about-azwebcorp/,0,40,0.0,8.425,10
website developer gilbert az,https://azwebcorp.com/what-is-critical-error-on-wordpress/,0,40,0.0,8.425,10
website design gilbert az,https://azwebcorp.com/contact-us/,0,39,0.0,10.743589743589743,10
website developer gilbert az,https://azwebcorp.com/arizona-web-development/,0,39,0.0,8.41025641025641,10
web design gilbert az,https://azwebcorp.com/about-azwebcorp/,0,38,0.0,10.394736842105264,10
web design gilbert az,https://azwebcorp.com/tech/,0,38,0.0,10.394736842105264,10
web design gilbert az,https://azwebcorp.com/what-is-critical-error-on-wordpress/,0,38,0.0,10.394736842105264,10
website developer gilbert az,https://azwebcorp.com/tech/,0,37,0.0,8.243243243243242,10
arizona web development gilbert,https://azwebcorp.com/about-azwebcorp/,0,36,0.0,1.8333333333333335,10
arizona web development gilbert,https://azwebcorp.com/arizona-web-development/,0,36,0.0,1.8333333333333335,10
arizona web development gilbert,https://azwebcorp.com/what-is-critical-error-on-wordpress/,0,36,0.0,1.8333333333333335,10
web design gilbert az,https://azwebcorp.com/arizona-web-development/,0,36,0.0,10.38888888888889,10
arizona web development gilbert,https://azwebcorp.com/contact-us/,0,35,0.0,1.7428571428571429,10
arizona web development gilbert,https://azwebcorp.com/hire-our-services/,0,33,0.0,1.8181818181818183,10
arizona web development gilbert,https://azwebcorp.com/workflow-automation/,0,33,0.0,1.8181818181818183,10
arizona website developers,https://azwebcorp.com/about-azwebcorp/,0,29,0.0,8.517241379310345,10
website design gilbert az,https://azwebcorp.com/marketing-automation2/,0,28,0.0,11.142857142857142,10
arizona web development gilbert,https://azwebcorp.com/tech-industry-blog/,0,25,0.0,1.88,10
arizona website developers,https://azwebcorp.com/tech/,0,24,0.0,8.208333333333332,10
arizona website developers,https://azwebcorp.com/what-is-critical-error-on-wordpress/,0,24,0.0,8.208333333333332,10
web development company gilbert az,https://azwebcorp.com/about-azwebcorp/,0,23,0.0,4.3478260869565215,10
website design gilbert az,https://azwebcorp.com/arizona-web-development/,0,22,0.0,9.363636363636363,10
web development in arizona,https://azwebcorp.com/arizona-web-development/,0,20,0.0,46.85,10
web development company gilbert az,https://azwebcorp.com/tech/,0,19,0.0,4.421052631578947,10
web development company gilbert az,https://azwebcorp.com/what-is-critical-error-on-wordpress/,0,19,0.0,4.421052631578947,10
arizona website companies,https://azwebcorp.com/about-azwebcorp/,0,17,0.0,10.235294117647058,10
web development company gilbert az,https://azwebcorp.com/arizona-web-development/,0,17,0.0,4.1764705882352935,10
arizona web design company,https://azwebcorp.com/arizona-web-development/,0,15,0.0,15.333333333333334,10
arizona website companies,https://azwebcorp.com/tech/,0,15,0.0,10.266666666666667,10
arizona website developer,https://azwebcorp.com/arizona-web-development/,0,15,0.0,24.4,10
website developer gilbert az,https://azwebcorp.com/contact-us/,0,15,0.0,8.533333333333333,10
website developer gilbert az,https://azwebcorp.com/hire-our-services/,0,15,0.0,8.533333333333333,10
website developer gilbert az,https://azwebcorp.com/workflow-automation/,0,15,0.0,8.533333333333333,10
arizona web design company,https://azwebcorp.com/about-azwebcorp/,0,14,0.0,9.642857142857142,10
arizona web design company,https://azwebcorp.com/tech/,0,14,0.0,9.642857142857142,10
arizona web design company,https://azwebcorp.com/what-is-critical-error-on-wordpress/,0,14,0.0,9.642857142857142,10
arizona website developer,https://azwebcorp.com/about-azwebcorp/,0,13,0.0,6.230769230769231,10
arizona website developer,https://azwebcorp.com/tech/,0,13,0.0,6.230769230769231,10
arizona website developer,https://azwebcorp.com/what-is-critical-error-on-wordpress/,0,13,0.0,6.230769230769231,10
web development company gilbert az,https://azwebcorp.com/hire-our-services/,0,13,0.0,4.384615384615385,10
arizona website companies,https://azwebcorp.com/mobile-app-development-services-arizona/,0,12,0.0,10.083333333333334,10
arizona website companies,https://azwebcorp.com/what-is-critical-error-on-wordpress/,0,12,0.0,10.083333333333334,10
web development company gilbert az,https://azwebcorp.com/contact-us/,0,12,0.0,4.416666666666666,10
website design gilbert az,https://azwebcorp.com/hire-our-services/,0,11,0.0,9.727272727272727,10
website design gilbert az,https://azwebcorp.com/workflow-automation/,0,11,0.0,9.727272727272727,10
web design gilbert az,https://azwebcorp.com/contact-us/,0,10,0.0,9.0,10
web development agency gilbert az,https://azwebcorp.com/about-azwebcorp/,0,10,0.0,6.7,10
web development in arizona,https://azwebcorp.com/about-azwebcorp/,0,10,0.0,9.7,10
web development in arizona,https://azwebcorp.com/what-is-critical-error-on-wordpress/,0,10,0.0,9.7,10
arizona web development gilbert,https://azwebcorp.com/tech/,0,9,0.0,1.6666666666666665,10
web development company gilbert az,https://azwebcorp.com/workflow-automation/,0,9,0.0,4.555555555555555,10
web design gilbert az,https://azwebcorp.com/hire-our-services/,0,8,0.0,9.75,10
web design gilbert az,https://azwebcorp.com/workflow-automation/,0,8,0.0,9.75,10
web development agency gilbert az,https://azwebcorp.com/tech/,0,8,0.0,7.0,10
web development agency gilbert az,https://azwebcorp.com/what-is-critical-error-on-wordpress/,0,8,0.0,7.0,10
arizona web design company,https://azwebcorp.com/frontend-development/,0,7,0.0,57.285714285714285,10
arizona website developers,https://azwebcorp.com/mobile-app-development-services-arizona/,0,7,0.0,9.857142857142858,10
web development in arizona,https://azwebcorp.com/tech-industry-blog/,0,7,0.0,9.428571428571429,10
web development company gilbert az,https://azwebcorp.com/mobile-app-development-services-arizona/,0,6,0.0,4.833333333333334,10
arizona website developer,https://azwebcorp.com/contact-us/,0,5,0.0,7.4,10
arizona website developer,https://azwebcorp.com/hire-our-services/,0,5,0.0,7.4,10
arizona website developer,https://azwebcorp.com/workflow-automation/,0,5,0.0,7.4,10
arizona website developers,https://azwebcorp.com/hire-our-services/,0,5,0.0,10.0,10
web development agency gilbert az,https://azwebcorp.com/arizona-web-development/,0,5,0.0,4.8,10
web development agency gilbert az,https://azwebcorp.com/contact-us/,0,5,0.0,6.0,10
web development agency gilbert az,https://azwebcorp.com/hire-our-services/,0,5,0.0,4.8,10
web development agency gilbert az,https://azwebcorp.com/mobile-app-development-services-arizona/,0,5,0.0,8.6,10
arizona web design company,https://azwebcorp.com/contact-us/,0,4,0.0,10.0,10
arizona web design company,https://azwebcorp.com/hire-our-services/,0,4,0.0,10.0,10
arizona web design company,https://azwebcorp.com/workflow-automation/,0,4,0.0,10.0,10
arizona website companies,https://azwebcorp.com/arizona-web-development/,0,3,0.0,11.0,10
arizona website companies,https://azwebcorp.com/domain-registration/,0,3,0.0,11.0,10
arizona website developers,https://azwebcorp.com/frontend-development/,0,3,0.0,90.66666666666667,10
web development agency gilbert az,https://azwebcorp.com/workflow-automation/,0,3,0.0,4.333333333333334,10
web development company gilbert az,https://azwebcorp.com/marketing-automation2/,0,3,0.0,4.0,10
website developer gilbert az,https://azwebcorp.com/tech-industry-blog/,0,3,0.0,10.666666666666666,10
arizona web development gilbert,https://azwebcorp.com/news-and-insights/,0,2,0.0,2.0,10
arizona website companies,https://azwebcorp.com/arizona-digital-marketing/,0,2,0.0,10.0,10
arizona website companies,https://azwebcorp.com/hosting-domains/,0,2,0.0,10.0,10
arizona website companies,https://azwebcorp.com/web-hosting/,0,2,0.0,10.0,10
arizona website developer,https://azwebcorp.com/frontend-development/,0,2,0.0,76.0,10
web design gilbert az,https://azwebcorp.com/mobile-app-development-services-arizona/,0,2,0.0,10.5,10
web development agency gilbert az,https://azwebcorp.com/marketing-automation2/,0,2,0.0,8.5,10
web development in arizona,https://azwebcorp.com/tech/,0,2,0.0,9.5,10
arizona web design company,https://azwebcorp.com/our-featured-projects/,0,1,0.0,80.0,10
arizona website developer,https://azwebcorp.com/mobile-app-development-services-arizona/,0,1,0.0,8.0,10
arizona website developers,https://azwebcorp.com/contact-us/,0,1,0.0,9.0,10
arizona website developers,https://azwebcorp.com/marketing-automation2/,0,1,0.0,9.0,10
web design gilbert az,https://azwebcorp.com/marketing-automation2/,0,1,0.0,11.0,10
web development in arizona,https://azwebcorp.com/contact-us/,0,1,0.0,12.0,10
web development in arizona,https://azwebcorp.com/hire-our-services/,0,1,0.0,12.0,10
web development in arizona,https://azwebcorp.com/news-and-insights/,0,1,0.0,12.0,10
web development in arizona,https://azwebcorp.com/workflow-automation/,0,1,0.0,12.0,10
website developer gilbert az,https://azwebcorp.com/mobile-app-development-services-arizona/,0,1,0.0,9.0,10
arizona website design,https://azwebcorp.com/,0,1986,0.0,64.19284994964752,9
website development arizona,https://azwebcorp.com/,3,824,0.0036407766990291263,29.300970873786408,9
web development gilbert arizona,https://azwebcorp.com/,0,306,0.0,2.049019607843137,9
web development company mesa az,https://azwebcorp.com/,0,63,0.0,15.412698412698413,9
arizona web developers,https://azwebcorp.com/,0,43,0.0,10.116279069767442,9
web development gilbert arizona,https://azwebcorp.com/arizona-web-development/,0,31,0.0,6.387096774193548,9
web development gilbert arizona,https://azwebcorp.com/about-azwebcorp/,0,30,0.0,3.6333333333333333,9
web development gilbert arizona,https://azwebcorp.com/what-is-critical-error-on-wordpress/,0,25,0.0,3.48,9
arizona web developers,https://azwebcorp.com/about-azwebcorp/,0,22,0.0,10.090909090909092,9
arizona web developers,https://azwebcorp.com/arizona-web-development/,0,22,0.0,10.090909090909092,9
arizona web developers,https://azwebcorp.com/what-is-critical-error-on-wordpress/,0,22,0.0,10.090909090909092,9
arizona web developers,https://azwebcorp.com/tech-industry-blog/,0,20,0.0,10.0,9
web development gilbert arizona,https://azwebcorp.com/tech/,0,16,0.0,3.25,9
website development arizona,https://azwebcorp.com/arizona-web-development/,0,16,0.0,44.75,9
arizona website design,https://azwebcorp.com/our-featured-projects/,0,14,0.0,75.92857142857143,9
web development company mesa az,https://azwebcorp.com/about-azwebcorp/,0,14,0.0,9.785714285714286,9
web development company mesa az,https://azwebcorp.com/tech/,0,14,0.0,9.785714285714286,9
web development company mesa az,https://azwebcorp.com/what-is-critical-error-on-wordpress/,0,14,0.0,9.785714285714286,9
web development company mesa az,https://azwebcorp.com/arizona-web-development/,0,13,0.0,9.76923076923077,9
website development arizona,https://azwebcorp.com/about-azwebcorp/,0,10,0.0,9.9,9
website development arizona,https://azwebcorp.com/tech/,0,10,0.0,9.9,9
website development arizona,https://azwebcorp.com/what-is-critical-error-on-wordpress/,0,10,0.0,9.9,9
arizona website design,https://azwebcorp.com/arizona-web-development/,0,8,0.0,37.375,9
web development company mesa az,https://azwebcorp.com/contact-us/,0,6,0.0,9.833333333333334,9
web development company mesa az,https://azwebcorp.com/hire-our-services/,0,6,0.0,9.833333333333334,9
web development company mesa az,https://azwebcorp.com/workflow-automation/,0,6,0.0,9.833333333333334,9
web development gilbert arizona,https://azwebcorp.com/tech-industry-blog/,0,6,0.0,2.5,9
arizona website design,https://azwebcorp.com/about-azwebcorp/,0,5,0.0,9.8,9
arizona website design,https://azwebcorp.com/tech/,0,5,0.0,9.8,9
arizona website design,https://azwebcorp.com/what-is-critical-error-on-wordpress/,0,5,0.0,9.8,9
web development gilbert arizona,https://azwebcorp.com/hire-our-services/,0,5,0.0,4.4,9
arizona web developers,https://azwebcorp.com/tech-industry-blogs/,0,2,0.0,11.0,9
web development gilbert arizona,https://azwebcorp.com/tech-industry-blogs/,0,2,0.0,7.0,9
arizona web developers,https://azwebcorp.com/contact-us/,0,1,0.0,10.0,9
arizona web developers,https://azwebcorp.com/hire-our-services/,0,1,0.0,10.0,9
arizona web developers,https://azwebcorp.com/workflow-automation/,0,1,0.0,10.0,9
arizona website design,https://azwebcorp.com/contact-us/,0,1,0.0,9.0,9
arizona website design,https://azwebcorp.com/hire-our-services/,0,1,0.0,9.0,9
arizona website design,https://azwebcorp.com/workflow-automation/,0,1,0.0,9.0,9
web development company mesa az,https://azwebcorp.com/mobile-app-development-services-arizona/,0,1,0.0,10.0,9
web development gilbert arizona,https://azwebcorp.com/news-and-insights/,0,1,0.0,6.0,9
website development arizona,https://azwebcorp.com/contact-us/,0,1,0.0,10.0,9
website development arizona,https://azwebcorp.com/hire-our-services/,0,1,0.0,10.0,9
website development arizona,https://azwebcorp.com/mobile-app-development-services-arizona/,0,1,0.0,11.0,9
website development arizona,https://azwebcorp.com/workflow-automation/,0,1,0.0,10.0,9
arizona web designers,https://azwebcorp.com/,0,1119,0.0,39.52636282394995,8
website designer arizona,https://azwebcorp.com/,0,571,0.0,71.55516637478108,8
web designers in arizona,https://azwebcorp.com/,0,480,0.0,42.48125,8
web projects az,https://azwebcorp.com/,0,445,0.0,23.757303370786516,8
web projects az,https://azwebcorp.com/our-featured-projects/,0,364,0.0,56.637362637362635,8
web projects in arizona,https://azwebcorp.com/,0,309,0.0,36.56957928802589,8
az custom wordpress developer,https://azwebcorp.com/arizona-web-development/,0,284,0.0,27.79225352112676,8
web projects in arizona,https://azwebcorp.com/our-featured-projects/,0,253,0.0,45.359683794466406,8
az custom wordpress developer,https://azwebcorp.com/,0,229,0.0,56.838427947598255,8
best web app development services in arizona,https://azwebcorp.com/,0,149,0.0,33.59731543624161,8
arizona web design services,https://azwebcorp.com/,0,145,0.0,31.20689655172414,8
web projects in arizona,https://azwebcorp.com/arizona-web-development/,0,119,0.0,77.76470588235294,8
web projects az,https://azwebcorp.com/arizona-web-development/,0,117,0.0,65.52991452991454,8
az web,https://azwebcorp.com/,0,103,0.0,34.213592233009706,8
az custom wordpress developer,https://azwebcorp.com/arizona-backend-development/,0,92,0.0,66.42391304347827,8
web projects az,https://azwebcorp.com/frontend-development/,0,84,0.0,78.75,8
web projects az,https://azwebcorp.com/web-development-services/,0,84,0.0,67.95238095238095,8
web projects in arizona,https://azwebcorp.com/frontend-development/,0,84,0.0,71.55952380952381,8
az custom wordpress developer,https://azwebcorp.com/hire-our-services/,0,71,0.0,84.98591549295774,8
arizona web designers,https://azwebcorp.com/about-azwebcorp/,0,42,0.0,9.642857142857142,8
arizona web designers,https://azwebcorp.com/arizona-web-development/,0,42,0.0,9.642857142857142,8
arizona web designers,https://azwebcorp.com/tech/,0,42,0.0,9.642857142857142,8
arizona web designers,https://azwebcorp.com/what-is-critical-error-on-wordpress/,0,42,0.0,9.642857142857142,8
azweb,https://azwebcorp.com/,0,40,0.0,51.425,8
azweb,https://azwebcorp.com/privacy-policy/,0,29,0.0,28.275862068965516,8
web projects in arizona,https://azwebcorp.com/mobile-app-development-services-arizona/,0,29,0.0,81.96551724137932,8
best web app development services in arizona,https://azwebcorp.com/mobile-app-development-services-arizona/,0,28,0.0,79.53571428571429,8
azwebcorp,https://azwebcorp.com/,7,14,0.5,1.0,8
web projects in arizona,https://azwebcorp.com/arizona-backend-development/,0,14,0.0,74.14285714285714,8
web projects in arizona,https://azwebcorp.com/hire-our-services/,0,13,0.0,84.84615384615384,8
az custom wordpress developer,https://azwebcorp.com/mobile-app-development-services-arizona/,0,11,0.0,78.18181818181819,8
azwebcorp,https://azwebcorp.com/about-azwebcorp/,0,11,0.0,1.1818181818181819,8
azwebcorp,https://azwebcorp.com/arizona-web-development/,0,11,0.0,1.1818181818181819,8
azwebcorp,https://azwebcorp.com/contact-us/,0,11,0.0,1.1818181818181819,8
arizona web design services,https://azwebcorp.com/about-azwebcorp/,0,10,0.0,10.9,8
arizona web design services,https://azwebcorp.com/arizona-web-development/,0,10,0.0,10.9,8
arizona web design services,https://azwebcorp.com/tech/,0,10,0.0,10.9,8
arizona web design services,https://azwebcorp.com/what-is-critical-error-on-wordpress/,0,10,0.0,10.9,8
best web app development services in arizona,https://azwebcorp.com/about-azwebcorp/,0,9,0.0,12.777777777777779,8
best web app development services in arizona,https://azwebcorp.com/arizona-web-development/,0,9,0.0,12.777777777777779,8
best web app development services in arizona,https://azwebcorp.com/tech/,0,9,0.0,12.777777777777779,8
best web app development services in arizona,https://azwebcorp.com/what-is-critical-error-on-wordpress/,0,9,0.0,12.777777777777779,8
azwebcorp,https://azwebcorp.com/category/digital-marketing/,1,8,0.125,1.0,8
az web,https://azwebcorp.com/about-azwebcorp/,0,8,0.0,70.625,8
azwebcorp,https://azwebcorp.com/hire-our-services/,0,8,0.0,1.25,8
web projects in arizona,https://azwebcorp.com/web-development-services/,0,8,0.0,86.875,8
az web,https://azwebcorp.com/contact-us/,0,6,0.0,64.66666666666666,8
az web,https://azwebcorp.com/hire-our-services/,0,6,0.0,49.166666666666664,8
azweb,https://azwebcorp.com/hire-our-services/,0,6,0.0,32.66666666666667,8
web projects az,https://azwebcorp.com/hire-our-services/,0,6,0.0,92.33333333333333,8
az web,https://azwebcorp.com/arizona-web-development/,0,5,0.0,56.4,8
az web,https://azwebcorp.com/privacy-policy/,0,5,0.0,64.2,8
arizona web designers,https://azwebcorp.com/contact-us/,0,4,0.0,10.25,8
arizona web designers,https://azwebcorp.com/hire-our-services/,0,4,0.0,10.25,8
arizona web designers,https://azwebcorp.com/workflow-automation/,0,4,0.0,10.25,8
web designers in arizona,https://azwebcorp.com/about-azwebcorp/,0,4,0.0,11.0,8
web designers in arizona,https://azwebcorp.com/arizona-web-development/,0,4,0.0,11.0,8
web designers in arizona,https://azwebcorp.com/tech/,0,4,0.0,11.0,8
web designers in arizona,https://azwebcorp.com/what-is-critical-error-on-wordpress/,0,4,0.0,11.0,8
web projects az,https://azwebcorp.com/arizona-backend-development/,0,4,0.0,89.0,8
azwebcorp,http://shop.azwebcorp.com/,0,3,0.0,1.0,8
best web app development services in arizona,https://azwebcorp.com/frontend-development/,0,3,0.0,72.0,8
az custom wordpress developer,https://azwebcorp.com/frontend-development/,0,2,0.0,97.0,8
az custom wordpress developer,https://azwebcorp.com/web-development/,0,2,0.0,96.5,8
az web,https://azwebcorp.com/arizona-backend-development/,0,2,0.0,80.5,8
azwebcorp,https://azwebcorp.com/arizona-printing-services/,0,2,0.0,1.0,8
web designers in arizona,https://azwebcorp.com/contact-us/,0,2,0.0,11.5,8
web designers in arizona,https://azwebcorp.com/hire-our-services/,0,2,0.0,11.5,8
web designers in arizona,https://azwebcorp.com/workflow-automation/,0,2,0.0,11.5,8
arizona web design services,https://azwebcorp.com/contact-us/,0,1,0.0,10.0,8
arizona web design services,https://azwebcorp.com/hire-our-services/,0,1,0.0,10.0,8
arizona web design services,https://azwebcorp.com/workflow-automation/,0,1,0.0,10.0,8
az custom wordpress developer,https://azwebcorp.com/tech/,0,1,0.0,83.0,8
az web,https://azwebcorp.com/arizona-web-design/,0,1,0.0,74.0,8
azweb,https://azwebcorp.com/arizona-web-development/,0,1,0.0,26.0,8
azweb,https://azwebcorp.com/category/digital-marketing/,0,1,0.0,65.0,8
azweb,https://azwebcorp.com/marketing-automation2/,0,1,0.0,65.0,8
azweb,https://azwebcorp.com/our-featured-projects/,0,1,0.0,8.0,8
azweb,https://azwebcorp.com/workflow-automation/,0,1,0.0,3.0,8
best web app development services in arizona,https://azwebcorp.com/arizona-backend-development/,0,1,0.0,87.0,8
web projects az,https://azwebcorp.com/mobile-app-development-services-arizona/,0,1,0.0,100.0,8
website designer arizona,https://azwebcorp.com/about-azwebcorp/,0,1,0.0,10.0,8
website designer arizona,https://azwebcorp.com/arizona-web-development/,0,1,0.0,10.0,8
website designer arizona,https://azwebcorp.com/contact-us/,0,1,0.0,10.0,8
website designer arizona,https://azwebcorp.com/hire-our-services/,0,1,0.0,10.0,8
website designer arizona,https://azwebcorp.com/tech/,0,1,0.0,10.0,8
website designer arizona,https://azwebcorp.com/what-is-critical-error-on-wordpress/,0,1,0.0,10.0,8
website designer arizona,https://azwebcorp.com/workflow-automation/,0,1,0.0,10.0,8
arizona web design,https://azwebcorp.com/,0,3144,0.0,56.41762086513995,7
web development phoenix arizona,https://azwebcorp.com/,1,1084,0.0009225092250922509,26.567343173431734,7
web development company in arizona,https://azwebcorp.com/,1,322,0.003105590062111801,16.18944099378882,7
az website company,https://azwebcorp.com/,0,233,0.0,63.562231759656655,7
web development az,https://azwebcorp.com/,0,84,0.0,10.452380952380953,7
az website company,https://azwebcorp.com/about-azwebcorp/,0,51,0.0,55.72549019607843,7
web development agency mesa az,https://azwebcorp.com/,0,49,0.0,15.040816326530612,7
web development company in arizona,https://azwebcorp.com/arizona-web-development/,0,27,0.0,25.074074074074073,7
web development company in arizona,https://azwebcorp.com/about-azwebcorp/,0,22,0.0,8.90909090909091,7
web development company in arizona,https://azwebcorp.com/what-is-critical-error-on-wordpress/,0,22,0.0,8.90909090909091,7
web development az,https://azwebcorp.com/about-azwebcorp/,0,20,0.0,8.95,7
web development az,https://azwebcorp.com/mobile-app-development-services-arizona/,0,20,0.0,8.95,7
web development az,https://azwebcorp.com/tech/,0,20,0.0,8.95,7
web development az,https://azwebcorp.com/what-is-critical-error-on-wordpress/,0,20,0.0,8.95,7
az website company,https://azwebcorp.com/web-development-services/,0,18,0.0,60.111111111111114,7
arizona web design,https://azwebcorp.com/arizona-web-development/,0,16,0.0,57.8125,7
az website company,https://azwebcorp.com/hire-our-services/,0,15,0.0,79.93333333333334,7
web development company in arizona,https://azwebcorp.com/tech/,0,13,0.0,8.153846153846153,7
arizona web design,https://azwebcorp.com/our-featured-projects/,0,11,0.0,77.72727272727273,7
az website company,https://azwebcorp.com/arizona-web-development/,0,11,0.0,55.0,7
web development company in arizona,https://azwebcorp.com/tech-industry-blog/,0,9,0.0,10.0,7
az website company,https://azwebcorp.com/our-featured-projects/,0,6,0.0,78.66666666666667,7
az website company,https://azwebcorp.com/contact-us/,0,5,0.0,95.6,7
web development az,https://azwebcorp.com/arizona-web-development/,0,4,0.0,62.5,7
web development phoenix arizona,https://azwebcorp.com/about-azwebcorp/,0,4,0.0,8.0,7
web development phoenix arizona,https://azwebcorp.com/arizona-web-development/,0,4,0.0,8.0,7
web development phoenix arizona,https://azwebcorp.com/what-is-critical-error-on-wordpress/,0,4,0.0,8.0,7
web development az,https://azwebcorp.com/frontend-development/,0,3,0.0,77.66666666666667,7
web development company in arizona,https://azwebcorp.com/web-development/,0,3,0.0,82.66666666666667,7
web development phoenix arizona,https://azwebcorp.com/tech/,0,3,0.0,9.666666666666666,7
arizona web design,https://azwebcorp.com/about-azwebcorp/,0,2,0.0,9.0,7
arizona web design,https://azwebcorp.com/tech/,0,2,0.0,9.0,7
arizona web design,https://azwebcorp.com/web-development/,0,2,0.0,79.5,7
arizona web design,https://azwebcorp.com/what-is-critical-error-on-wordpress/,0,2,0.0,9.0,7
web development agency mesa az,https://azwebcorp.com/about-azwebcorp/,0,2,0.0,11.0,7
web development agency mesa az,https://azwebcorp.com/contact-us/,0,2,0.0,11.0,7
web development agency mesa az,https://azwebcorp.com/marketing-automation2/,0,2,0.0,11.0,7
web development agency mesa az,https://azwebcorp.com/mobile-app-development-services-arizona/,0,2,0.0,11.0,7
web development agency mesa az,https://azwebcorp.com/tech/,0,2,0.0,11.0,7
web development agency mesa az,https://azwebcorp.com/what-is-critical-error-on-wordpress/,0,2,0.0,11.0,7
web development phoenix arizona,https://azwebcorp.com/frontend-development/,0,1,0.0,84.0,7
web development phoenix arizona,https://azwebcorp.com/news-and-insights/,0,1,0.0,3.0,7
arizona web designer,https://azwebcorp.com/,0,766,0.0,33.240208877284594,6
web developer phoenix az,https://azwebcorp.com/,1,475,0.002105263157894737,34.04631578947368,6
web development phoenix az,https://azwebcorp.com/,0,444,0.0,38.695945945945944,6
web development agency arizona,https://azwebcorp.com/,0,363,0.0,17.31129476584022,6
phoenix az web projects,https://azwebcorp.com/,0,173,0.0,53.358381502890175,6
web development agency in az,https://azwebcorp.com/,0,133,0.0,23.68421052631579,6
phoenix az web projects,https://azwebcorp.com/our-featured-projects/,0,116,0.0,77.55172413793103,6
phoenix az web projects,https://azwebcorp.com/frontend-development/,0,105,0.0,83.07619047619048,6
arizona web designer,https://azwebcorp.com/arizona-web-development/,0,25,0.0,48.84,6
web developer phoenix az,https://azwebcorp.com/frontend-development/,0,25,0.0,82.0,6
arizona web development company,https://azwebcorp.com/,0,20,0.0,9.0,6
phoenix az web projects,https://azwebcorp.com/mobile-app-development-services-arizona/,0,13,0.0,93.6923076923077,6
arizona web designer,https://azwebcorp.com/about-azwebcorp/,0,10,0.0,10.2,6
arizona web designer,https://azwebcorp.com/tech/,0,10,0.0,10.2,6
arizona web designer,https://azwebcorp.com/what-is-critical-error-on-wordpress/,0,10,0.0,10.2,6
web development phoenix az,https://azwebcorp.com/frontend-development/,0,7,0.0,83.28571428571429,6
web development agency arizona,https://azwebcorp.com/about-azwebcorp/,0,6,0.0,10.5,6
web development agency arizona,https://azwebcorp.com/arizona-web-development/,0,6,0.0,25.333333333333332,6
web development agency arizona,https://azwebcorp.com/tech/,0,6,0.0,10.5,6
web development agency arizona,https://azwebcorp.com/what-is-critical-error-on-wordpress/,0,6,0.0,10.5,6
arizona web development company,https://azwebcorp.com/about-azwebcorp/,0,5,0.0,7.6,6
arizona web development company,https://azwebcorp.com/arizona-web-development/,0,5,0.0,7.6,6
arizona web development company,https://azwebcorp.com/what-is-critical-error-on-wordpress/,0,5,0.0,7.6,6
web development agency in az,https://azwebcorp.com/about-azwebcorp/,0,5,0.0,9.6,6
web development agency in az,https://azwebcorp.com/mobile-app-development-services-arizona/,0,5,0.0,9.6,6
web development agency in az,https://azwebcorp.com/tech/,0,5,0.0,9.6,6
web development agency in az,https://azwebcorp.com/what-is-critical-error-on-wordpress/,0,5,0.0,9.6,6
arizona web development company,https://azwebcorp.com/tech-industry-blog/,0,4,0.0,6.5,6
web developer phoenix az,https://azwebcorp.com/about-azwebcorp/,0,3,0.0,11.666666666666666,6
web developer phoenix az,https://azwebcorp.com/arizona-web-development/,0,3,0.0,11.666666666666666,6
web developer phoenix az,https://azwebcorp.com/tech/,0,3,0.0,11.666666666666666,6
web developer phoenix az,https://azwebcorp.com/what-is-critical-error-on-wordpress/,0,3,0.0,11.666666666666666,6
web development agency in az,https://azwebcorp.com/arizona-web-development/,0,3,0.0,97.0,6
web development phoenix az,https://azwebcorp.com/about-azwebcorp/,0,2,0.0,10.5,6
web development phoenix az,https://azwebcorp.com/arizona-web-development/,0,2,0.0,10.5,6
web development phoenix az,https://azwebcorp.com/tech/,0,2,0.0,10.5,6
web development phoenix az,https://azwebcorp.com/what-is-critical-error-on-wordpress/,0,2,0.0,10.5,6
"""workflow automation"" intitle:expert",https://azwebcorp.com/marketing-automation2/,0,1,0.0,9.0,6
"""workflow automation"" intitle:expert",https://azwebcorp.com/our-featured-projects/,0,1,0.0,18.0,6
"""workflow automation"" intitle:expert",https://azwebcorp.com/tech/,0,1,0.0,12.0,6
"""workflow automation"" intitle:expert",https://azwebcorp.com/what-is-critical-error-on-wordpress/,0,1,0.0,21.0,6
"""workflow automation"" intitle:expert",https://azwebcorp.com/wordpress-tutorials-resolve-at-arizona-azwebcorp/,0,1,0.0,15.0,6
"""workflow automation"" intitle:expert",https://azwebcorp.com/workflow-automation/,0,1,0.0,2.0,6
arizona web designer,https://azwebcorp.com/web-development/,0,1,0.0,90.0,6
arizona web development company,https://azwebcorp.com/tech/,0,1,0.0,12.0,6
phoenix az web projects,https://azwebcorp.com/phoenix-web-development/,0,1,0.0,98.0,6
phoenix az web projects,https://azwebcorp.com/web-development/,0,1,0.0,100.0,6
web development agency arizona,https://azwebcorp.com/mobile-app-development-services-arizona/,0,1,0.0,10.0,6
web developers in phoenix az,https://azwebcorp.com/,0,788,0.0,34.83629441624365,5
web designer arizona,https://azwebcorp.com/,1,478,0.0020920502092050207,57.51046025104603,5
web design company arizona,https://azwebcorp.com/,0,449,0.0,55.4543429844098,5
arizona website designer,https://azwebcorp.com/,0,414,0.0,67.9975845410628,5
az seo projects,https://azwebcorp.com/arizona-seo-services/,0,401,0.0,29.93765586034913,5
az custom wordpress development services,https://azwebcorp.com/arizona-web-development/,0,364,0.0,40.90934065934066,5
web development company phoenix az,https://azwebcorp.com/,0,339,0.0,61.99410029498525,5
website development service gilbert az,https://azwebcorp.com/,0,330,0.0,16.60909090909091,5
arizona frontend development,https://azwebcorp.com/frontend-development/,2,259,0.007722007722007722,9.733590733590734,5
web projects phoenix az,https://azwebcorp.com/,0,252,0.0,51.22222222222222,5
az custom wordpress development services,https://azwebcorp.com/,0,230,0.0,41.43043478260869,5
web projects phoenix,https://azwebcorp.com/,0,148,0.0,51.810810810810814,5
web projects phoenix az,https://azwebcorp.com/frontend-development/,0,144,0.0,75.77083333333333,5
web design services gilbert az,https://azwebcorp.com/,0,104,0.0,33.0,5
arizona frontend development,https://azwebcorp.com/,0,103,0.0,30.58252427184466,5
az seo projects,https://azwebcorp.com/our-featured-projects/,0,83,0.0,57.40963855421687,5
website design gilbert arizona,https://azwebcorp.com/,1,82,0.012195121951219513,36.707317073170735,5
web projects phoenix,https://azwebcorp.com/frontend-development/,0,67,0.0,78.82089552238806,5
website development gilbert az,https://azwebcorp.com/,0,60,0.0,5.4,5
az custom wordpress development services,https://azwebcorp.com/hire-our-services/,0,25,0.0,65.16,5
arizona frontend development,https://azwebcorp.com/arizona-backend-development/,0,15,0.0,53.53333333333333,5
website development gilbert az,https://azwebcorp.com/about-azwebcorp/,0,15,0.0,9.133333333333333,5
website development gilbert az,https://azwebcorp.com/arizona-web-development/,0,15,0.0,9.133333333333333,5
website development gilbert az,https://azwebcorp.com/tech/,0,15,0.0,9.133333333333333,5
website development gilbert az,https://azwebcorp.com/what-is-critical-error-on-wordpress/,0,15,0.0,9.133333333333333,5
az seo projects,https://azwebcorp.com/2025/12/05/phoenix-seo-expert-local-search/,0,12,0.0,15.333333333333334,5
website design gilbert arizona,https://azwebcorp.com/about-azwebcorp/,0,11,0.0,9.818181818181818,5
website design gilbert arizona,https://azwebcorp.com/mobile-app-development-services-arizona/,0,11,0.0,9.818181818181818,5
website design gilbert arizona,https://azwebcorp.com/tech/,0,11,0.0,9.818181818181818,5
website design gilbert arizona,https://azwebcorp.com/what-is-critical-error-on-wordpress/,0,11,0.0,9.818181818181818,5
web az,https://azwebcorp.com/,0,8,0.0,23.0,5
web projects phoenix az,https://azwebcorp.com/our-featured-projects/,0,7,0.0,46.857142857142854,5
web design services gilbert az,https://azwebcorp.com/about-azwebcorp/,0,6,0.0,10.833333333333334,5
web design services gilbert az,https://azwebcorp.com/mobile-app-development-services-arizona/,0,6,0.0,10.833333333333334,5
web design services gilbert az,https://azwebcorp.com/tech/,0,6,0.0,10.833333333333334,5
web design services gilbert az,https://azwebcorp.com/what-is-critical-error-on-wordpress/,0,6,0.0,10.833333333333334,5
web developers in phoenix az,https://azwebcorp.com/arizona-web-development/,0,6,0.0,35.833333333333336,5
arizona website designer,https://azwebcorp.com/arizona-web-development/,0,5,0.0,41.2,5
web az,https://azwebcorp.com/about-azwebcorp/,0,5,0.0,66.6,5
web projects phoenix,https://azwebcorp.com/our-featured-projects/,0,5,0.0,50.8,5
arizona frontend development,https://azwebcorp.com/mobile-app-development-services-arizona/,0,4,0.0,79.5,5
az custom wordpress development services,https://azwebcorp.com/arizona-backend-development/,0,4,0.0,91.5,5
web az,https://azwebcorp.com/hire-our-services/,0,4,0.0,65.0,5
web developers in phoenix az,https://azwebcorp.com/about-azwebcorp/,0,4,0.0,10.5,5
web developers in phoenix az,https://azwebcorp.com/tech/,0,4,0.0,10.5,5
web developers in phoenix az,https://azwebcorp.com/what-is-critical-error-on-wordpress/,0,4,0.0,10.5,5
arizona frontend development,https://azwebcorp.com/arizona-web-development/,0,3,0.0,59.333333333333336,5
az seo projects,https://azwebcorp.com/,0,3,0.0,76.66666666666667,5
web az,https://azwebcorp.com/contact-us/,0,3,0.0,64.66666666666666,5
web az,https://azwebcorp.com/privacy-policy/,0,3,0.0,70.66666666666667,5
web design company arizona,https://azwebcorp.com/about-azwebcorp/,0,3,0.0,10.0,5
web design company arizona,https://azwebcorp.com/arizona-web-development/,0,3,0.0,10.0,5
web design company arizona,https://azwebcorp.com/tech/,0,3,0.0,10.0,5
web design company arizona,https://azwebcorp.com/what-is-critical-error-on-wordpress/,0,3,0.0,10.0,5
arizona website designer,https://azwebcorp.com/about-azwebcorp/,0,2,0.0,10.5,5
arizona website designer,https://azwebcorp.com/tech/,0,2,0.0,10.5,5
arizona website designer,https://azwebcorp.com/what-is-critical-error-on-wordpress/,0,2,0.0,10.5,5
web projects phoenix az,https://azwebcorp.com/phoenix-web-development/,0,2,0.0,81.5,5
web projects phoenix az,https://azwebcorp.com/web-development/,0,2,0.0,93.5,5
az custom wordpress development services,https://azwebcorp.com/web-development/,0,1,0.0,74.0,5
az seo projects,https://azwebcorp.com/2020/07/29/how-much-does-seo-cost-in-arizona/,0,1,0.0,97.0,5
web designer arizona,https://azwebcorp.com/about-azwebcorp/,0,1,0.0,11.0,5
web designer arizona,https://azwebcorp.com/arizona-web-development/,0,1,0.0,11.0,5
web designer arizona,https://azwebcorp.com/tech/,0,1,0.0,11.0,5
web designer arizona,https://azwebcorp.com/what-is-critical-error-on-wordpress/,0,1,0.0,11.0,5
web development company phoenix az,https://azwebcorp.com/about-azwebcorp/,0,1,0.0,11.0,5
web development company phoenix az,https://azwebcorp.com/arizona-web-development/,0,1,0.0,11.0,5
web development company phoenix az,https://azwebcorp.com/tech/,0,1,0.0,11.0,5
web development company phoenix az,https://azwebcorp.com/what-is-critical-error-on-wordpress/,0,1,0.0,11.0,5
web projects phoenix,https://azwebcorp.com/mobile-app-development-services-arizona/,0,1,0.0,86.0,5
web projects phoenix,https://azwebcorp.com/phoenix-web-development/,0,1,0.0,78.0,5
website development service gilbert az,https://azwebcorp.com/about-azwebcorp/,0,1,0.0,9.0,5
website development service gilbert az,https://azwebcorp.com/arizona-web-development/,0,1,0.0,9.0,5
website development service gilbert az,https://azwebcorp.com/tech/,0,1,0.0,9.0,5
website development service gilbert az,https://azwebcorp.com/what-is-critical-error-on-wordpress/,0,1,0.0,9.0,5
web design arizona,https://azwebcorp.com/,2,1379,0.0014503263234227702,57.32559825960841,4
arizona seo project,https://azwebcorp.com/arizona-seo-services/,0,397,0.0,37.841309823677584,4
az seo plans,https://azwebcorp.com/2020/07/29/how-much-does-seo-cost-in-arizona/,0,243,0.0,44.79835390946502,4
az website design,https://azwebcorp.com/,0,193,0.0,67.65284974093264,4
az seo plans,https://azwebcorp.com/arizona-seo-services/,0,169,0.0,51.4792899408284,4
web projects in phoenix az,https://azwebcorp.com/,0,159,0.0,45.9748427672956,4
phoenix az website projects,https://azwebcorp.com/our-featured-projects/,0,133,0.0,77.43609022556392,4
web projects in phoenix,https://azwebcorp.com/,0,133,0.0,58.578947368421055,4
app developer arizona,https://azwebcorp.com/mobile-app-development-services-arizona/,0,122,0.0,51.63934426229508,4
arizona web marketing,https://azwebcorp.com/arizona-digital-marketing/,0,115,0.0,65.87826086956522,4
seo az,https://azwebcorp.com/arizona-seo-services/,0,95,0.0,57.8,4
web projects in phoenix,https://azwebcorp.com/frontend-development/,0,86,0.0,78.80232558139535,4
arizona seo project,https://azwebcorp.com/2025/12/05/phoenix-seo-expert-local-search/,0,81,0.0,15.037037037037036,4
web development sedona,https://azwebcorp.com/,0,65,0.0,47.33846153846154,4
web projects in phoenix az,https://azwebcorp.com/frontend-development/,0,39,0.0,78.3076923076923,4
arizona web marketing,https://azwebcorp.com/,0,38,0.0,61.23684210526316,4
web projects in phoenix az,https://azwebcorp.com/our-featured-projects/,0,36,0.0,44.55555555555556,4
azusa web design,https://azwebcorp.com/,0,32,0.0,67.5625,4
azusa web design,https://azwebcorp.com/arizona-web-development/,0,20,0.0,66.15,4
azusa web design,https://azwebcorp.com/our-featured-projects/,0,18,0.0,82.27777777777777,4
arizona seo project,https://azwebcorp.com/our-featured-projects/,0,17,0.0,75.29411764705883,4
phoenix az website projects,https://azwebcorp.com/,0,17,0.0,35.0,4
web projects in phoenix,https://azwebcorp.com/our-featured-projects/,0,10,0.0,45.9,4
az seo plans,https://azwebcorp.com/how-much-does-seo-cost-in-arizona/,0,9,0.0,75.0,4
az website design,https://azwebcorp.com/our-featured-projects/,0,8,0.0,95.375,4
arizona web marketing,https://azwebcorp.com/arizona-seo-services/,0,7,0.0,84.71428571428571,4
phoenix az website projects,https://azwebcorp.com/frontend-development/,0,7,0.0,71.71428571428571,4
web design arizona,https://azwebcorp.com/our-featured-projects/,0,6,0.0,75.5,4
arizona seo project,https://azwebcorp.com/2020/07/29/how-much-does-seo-cost-in-arizona/,0,5,0.0,83.0,4
web development sedona,https://azwebcorp.com/arizona-web-development/,0,5,0.0,69.8,4
az seo plans,https://azwebcorp.com/tech/,0,3,0.0,85.33333333333333,4
seo az,https://azwebcorp.com/how-much-does-seo-cost-in-arizona/,0,3,0.0,50.666666666666664,4
web projects in phoenix,https://azwebcorp.com/mobile-app-development-services-arizona/,0,3,0.0,89.66666666666667,4
az website design,https://azwebcorp.com/arizona-web-design/,0,2,0.0,88.0,4
seo az,https://azwebcorp.com/2020/07/29/how-much-does-seo-cost-in-arizona/,0,2,0.0,31.0,4
web design arizona,https://azwebcorp.com/arizona-web-development/,0,2,0.0,72.0,4
web development sedona,https://azwebcorp.com/arizona-backend-development/,0,2,0.0,82.5,4
app developer arizona,https://azwebcorp.com/,0,1,0.0,94.0,4
app developer arizona,https://azwebcorp.com/arizona-backend-development/,0,1,0.0,100.0,4
app developer arizona,https://azwebcorp.com/frontend-development/,0,1,0.0,68.0,4
arizona web marketing,https://azwebcorp.com/marketing-automation2/,0,1,0.0,67.0,4
az website design,https://azwebcorp.com/arizona-web-development/,0,1,0.0,78.0,4
azusa web design,https://azwebcorp.com/about-azwebcorp/,0,1,0.0,82.0,4
phoenix az website projects,https://azwebcorp.com/mobile-app-development-services-arizona/,0,1,0.0,94.0,4
seo az,https://azwebcorp.com/seo-company-phoenix-az/,0,1,0.0,85.0,4
web design arizona,https://azwebcorp.com/frontend-development/,0,1,0.0,84.0,4
web development sedona,https://azwebcorp.com/mobile-app-development-services-arizona/,0,1,0.0,88.0,4
web projects in phoenix az,https://azwebcorp.com/arizona-web-development/,0,1,0.0,92.0,4
arizona seo,https://azwebcorp.com/arizona-seo-services/,0,2035,0.0,60.14348894348895,3
web development phoenix,https://azwebcorp.com/,0,1283,0.0,68.0132501948558,3
seo arizona,https://azwebcorp.com/arizona-seo-services/,0,899,0.0,69.30255839822024,3
seo company price comparison arizona,https://azwebcorp.com/2020/07/29/how-much-does-seo-cost-in-arizona/,0,641,0.0,21.313572542901717,3
seo plans in arizona,https://azwebcorp.com/2020/07/29/how-much-does-seo-cost-in-arizona/,0,472,0.0,59.029661016949156,3
arizona seo projects,https://azwebcorp.com/arizona-seo-services/,0,404,0.0,34.62623762376238,3
effective cheap organic seo az,https://azwebcorp.com/2020/07/29/how-much-does-seo-cost-in-arizona/,0,376,0.0,33.329787234042556,3
web projects phoenix arizona,https://azwebcorp.com/,0,271,0.0,39.4169741697417,3
seo plans az,https://azwebcorp.com/2020/07/29/how-much-does-seo-cost-in-arizona/,0,249,0.0,47.76706827309237,3
wordpress development services arizona,https://azwebcorp.com/arizona-web-development/,0,246,0.0,48.6260162601626,3
seo plans in az,https://azwebcorp.com/2020/07/29/how-much-does-seo-cost-in-arizona/,0,245,0.0,48.7265306122449,3
wordpress development company in arizona,https://azwebcorp.com/arizona-web-development/,0,238,0.0,45.273109243697476,3
az seo,https://azwebcorp.com/arizona-seo-services/,0,229,0.0,59.07423580786026,3
seo plans in arizona,https://azwebcorp.com/arizona-seo-services/,0,211,0.0,55.32701421800948,3
seo project arizona,https://azwebcorp.com/arizona-seo-services/,0,209,0.0,36.16746411483253,3
az effective seo growth,https://azwebcorp.com/arizona-seo-services/,0,192,0.0,44.057291666666664,3
web projects in phoenix arizona,https://azwebcorp.com/,0,187,0.0,41.401069518716575,3
web development phoenix,https://azwebcorp.com/frontend-development/,0,179,0.0,85.79329608938548,3
wordpress developer in phoenix arizona,https://azwebcorp.com/arizona-web-development/,0,174,0.0,44.43103448275862,3
app development arizona,https://azwebcorp.com/mobile-app-development-services-arizona/,0,169,0.0,67.50887573964496,3
seo plans az,https://azwebcorp.com/arizona-seo-services/,0,155,0.0,49.55483870967742,3
seo plans in az,https://azwebcorp.com/arizona-seo-services/,0,150,0.0,53.766666666666666,3
best web application development company in arizona,https://azwebcorp.com/,0,149,0.0,48.81879194630873,3
website projects phoenix arizona,https://azwebcorp.com/,0,146,0.0,36.21917808219178,3
arizona national seo package,https://azwebcorp.com/arizona-seo-services/,0,134,0.0,57.97761194029851,3
arizona wordpress,https://azwebcorp.com/,0,133,0.0,70.1203007518797,3
seo arizona,https://azwebcorp.com/2020/07/29/how-much-does-seo-cost-in-arizona/,0,132,0.0,60.553030303030305,3
web projects phoenix arizona,https://azwebcorp.com/frontend-development/,0,127,0.0,71.96062992125984,3
wordpress development services arizona,https://azwebcorp.com/,0,115,0.0,75.22608695652174,3
arizona wordpress,https://azwebcorp.com/arizona-web-development/,0,113,0.0,61.4070796460177,3
az national seo package,https://azwebcorp.com/2020/07/29/how-much-does-seo-cost-in-arizona/,0,94,0.0,26.0,3
arizona national seo package,https://azwebcorp.com/2020/07/29/how-much-does-seo-cost-in-arizona/,0,88,0.0,29.670454545454547,3
top web app development company in arizona,https://azwebcorp.com/,0,88,0.0,62.44318181818182,3
arizona design web,https://azwebcorp.com/,0,83,0.0,81.02409638554217,3
web hosting companies in arizona,https://azwebcorp.com/,0,76,0.0,69.61842105263158,3
az national seo package,https://azwebcorp.com/arizona-seo-services/,0,75,0.0,65.90666666666667,3
wordpress development company in arizona,https://azwebcorp.com/,0,51,0.0,84.0,3
phoenix az seo project,https://azwebcorp.com/2025/12/05/phoenix-seo-expert-local-search/,0,50,0.0,27.62,3
wordpress developer in phoenix arizona,https://azwebcorp.com/,0,42,0.0,72.33333333333333,3
seo affordable organic growth phoenix arizona,https://azwebcorp.com/2020/07/29/how-much-does-seo-cost-in-arizona/,0,34,0.0,56.23529411764706,3
website design az,https://azwebcorp.com/,0,34,0.0,72.32352941176471,3
azusa web designer,https://azwebcorp.com/,0,33,0.0,74.84848484848484,3
az web design and seo,https://azwebcorp.com/,0,32,0.0,47.34375,3
website projects phoenix arizona,https://azwebcorp.com/our-featured-projects/,0,30,0.0,79.93333333333334,3
arizona seo,https://azwebcorp.com/2020/07/29/how-much-does-seo-cost-in-arizona/,0,29,0.0,83.0,3
az effective seo growth,https://azwebcorp.com/2025/12/05/phoenix-seo-expert-local-search/,0,29,0.0,47.06896551724138,3
seo project arizona,https://azwebcorp.com/2025/12/05/phoenix-seo-expert-local-search/,0,27,0.0,15.0,3
az effective seo growth,https://azwebcorp.com/2020/07/29/how-much-does-seo-cost-in-arizona/,0,24,0.0,25.333333333333332,3
web projects in phoenix arizona,https://azwebcorp.com/frontend-development/,0,24,0.0,65.41666666666667,3
seo arizona,https://azwebcorp.com/how-much-does-seo-cost-in-arizona/,0,22,0.0,41.90909090909091,3
arizona wordpress,https://azwebcorp.com/our-featured-projects/,0,21,0.0,82.9047619047619,3
seo affordable organic growth phoenix arizona,https://azwebcorp.com/arizona-seo-services/,0,21,0.0,54.04761904761905,3
azusa web designer,https://azwebcorp.com/arizona-web-development/,0,20,0.0,78.15,3
web projects phoenix arizona,https://azwebcorp.com/our-featured-projects/,0,17,0.0,47.529411764705884,3
top web app development company in arizona,https://azwebcorp.com/mobile-app-development-services-arizona/,0,16,0.0,84.1875,3
app development arizona,https://azwebcorp.com/,0,15,0.0,38.13333333333333,3
seo affordable organic growth phoenix az,https://azwebcorp.com/2020/07/29/how-much-does-seo-cost-in-arizona/,0,15,0.0,58.13333333333333,3
seo affordable organic growth phoenix az,https://azwebcorp.com/arizona-seo-services/,0,15,0.0,48.86666666666667,3
web projects in phoenix arizona,https://azwebcorp.com/our-featured-projects/,0,15,0.0,46.333333333333336,3
arizona national seo package,https://azwebcorp.com/how-much-does-seo-cost-in-arizona/,0,14,0.0,68.85714285714286,3
effective cheap organic seo az,https://azwebcorp.com/arizona-seo-services/,0,14,0.0,75.07142857142857,3
wordpress arizona,https://azwebcorp.com/arizona-web-development/,0,14,0.0,83.78571428571429,3
web app development scottsdale,https://azwebcorp.com/,0,13,0.0,62.30769230769231,3
web app development scottsdale,https://azwebcorp.com/mobile-app-development-services-arizona/,0,13,0.0,53.15384615384615,3
wordpress arizona,https://azwebcorp.com/,0,13,0.0,40.0,3
az wordpress design,https://azwebcorp.com/arizona-web-development/,0,12,0.0,68.41666666666667,3
seo plans az,https://azwebcorp.com/how-much-does-seo-cost-in-arizona/,0,12,0.0,69.25,3
arizona web hosting,https://azwebcorp.com/,0,11,0.0,46.54545454545455,3
cpanel hosting phoenix az,https://azwebcorp.com/web-hosting/,0,11,0.0,88.0,3
seo plans in az,https://azwebcorp.com/how-much-does-seo-cost-in-arizona/,0,11,0.0,74.54545454545455,3
cpanel hosting phoenix az,https://azwebcorp.com/hosting-domains/,0,10,0.0,96.8,3
seo plans in arizona,https://azwebcorp.com/how-much-does-seo-cost-in-arizona/,0,10,0.0,78.1,3
seo project arizona,https://azwebcorp.com/2020/07/29/how-much-does-seo-cost-in-arizona/,0,10,0.0,46.2,3
web development phoenix,https://azwebcorp.com/phoenix-web-development/,0,10,0.0,83.2,3
web hosting companies in arizona,https://azwebcorp.com/hosting-domains/,0,10,0.0,87.6,3
website projects phoenix arizona,https://azwebcorp.com/frontend-development/,0,10,0.0,54.8,3
az national seo package,https://azwebcorp.com/how-much-does-seo-cost-in-arizona/,0,9,0.0,68.55555555555556,3
cpanel hosting phoenix az,https://azwebcorp.com/,0,9,0.0,88.33333333333333,3
web app development scottsdale,https://azwebcorp.com/frontend-development/,0,9,0.0,41.44444444444444,3
seo affordable organic growth phoenix arizona,https://azwebcorp.com/,0,8,0.0,38.625,3
web hosting companies in arizona,https://azwebcorp.com/web-hosting-plus/,0,8,0.0,92.875,3
web application development scottsdale,https://azwebcorp.com/frontend-development/,0,7,0.0,41.57142857142857,3
azusa web designer,https://azwebcorp.com/our-featured-projects/,0,6,0.0,95.83333333333333,3
seo affordable organic growth phoenix az,https://azwebcorp.com/,0,6,0.0,53.666666666666664,3
web application development scottsdale,https://azwebcorp.com/,0,6,0.0,62.166666666666664,3
az wordpress design,https://azwebcorp.com/,0,5,0.0,40.2,3
az seo,https://azwebcorp.com/,0,4,0.0,82.75,3
best web application development company in arizona,https://azwebcorp.com/mobile-app-development-services-arizona/,0,4,0.0,78.75,3
arizona website management,https://azwebcorp.com/,0,3,0.0,56.666666666666664,3
seo company in phoenix arizona,https://azwebcorp.com/arizona-seo-services/,0,3,0.0,74.0,3
webcorp.com,https://azwebcorp.com/,0,3,0.0,14.666666666666666,3
wordpress developer in phoenix arizona,https://azwebcorp.com/web-development/,0,3,0.0,83.66666666666667,3
arizona seo projects,https://azwebcorp.com/2020/07/29/how-much-does-seo-cost-in-arizona/,0,2,0.0,78.5,3
arizona web hosting,https://azwebcorp.com/hire-our-services/,0,2,0.0,90.0,3
az seo,https://azwebcorp.com/seo-company-phoenix-az/,0,2,0.0,74.0,3
effective cheap organic seo az,https://azwebcorp.com/how-much-does-seo-cost-in-arizona/,0,2,0.0,89.0,3
phoenix az seo project,https://azwebcorp.com/seo-company-phoenix-az/,0,2,0.0,75.0,3
top web app development company in arizona,https://azwebcorp.com/frontend-development/,0,2,0.0,73.0,3
website design az,https://azwebcorp.com/arizona-web-development/,0,2,0.0,70.5,3
wordpress development company in arizona,https://azwebcorp.com/web-development/,0,2,0.0,84.5,3
wordpress development services arizona,https://azwebcorp.com/web-development/,0,2,0.0,79.5,3
seo company in phoenix arizona,https://azwebcorp.com/,1,1,1.0,47.0,3
app development arizona,https://azwebcorp.com/frontend-development/,0,1,0.0,92.0,3
arizona design web,https://azwebcorp.com/frontend-development/,0,1,0.0,67.0,3
arizona design web,https://azwebcorp.com/our-featured-projects/,0,1,0.0,89.0,3
arizona seo,https://azwebcorp.com/seo-company-phoenix-az/,0,1,0.0,78.0,3
arizona seo projects,https://azwebcorp.com/2025/12/05/phoenix-seo-expert-local-search/,0,1,0.0,22.0,3
arizona web hosting,https://azwebcorp.com/arizona-web-development/,0,1,0.0,47.0,3
arizona website management,https://azwebcorp.com/hire-our-services/,0,1,0.0,82.0,3
arizona website management,https://azwebcorp.com/tech/,0,1,0.0,88.0,3
az web design and seo,https://azwebcorp.com/arizona-seo-services/,0,1,0.0,78.0,3
az web design and seo,https://azwebcorp.com/arizona-web-development/,0,1,0.0,35.0,3
az wordpress design,https://azwebcorp.com/our-featured-projects/,0,1,0.0,82.0,3
best web application development company in arizona,https://azwebcorp.com/frontend-development/,0,1,0.0,77.0,3
phoenix az seo project,https://azwebcorp.com/arizona-seo-services/,0,1,0.0,79.0,3
seo company in phoenix arizona,https://azwebcorp.com/seo-company-phoenix-az/,0,1,0.0,77.0,3
seo company price comparison arizona,https://azwebcorp.com/arizona-seo-services/,0,1,0.0,84.0,3
seo company price comparison arizona,https://azwebcorp.com/how-much-does-seo-cost-in-arizona/,0,1,0.0,59.0,3
web application development scottsdale,https://azwebcorp.com/mobile-app-development-services-arizona/,0,1,0.0,99.0,3
webcorp.com,https://azwebcorp.com/about-azwebcorp/,0,1,0.0,78.0,3
webcorp.com,https://azwebcorp.com/arizona-web-development/,0,1,0.0,70.0,3
website design az,https://azwebcorp.com/our-featured-projects/,0,1,0.0,89.0,3
wordpress arizona,https://azwebcorp.com/wordpress-tutorials-resolve-at-arizona-azwebcorp/,0,1,0.0,96.0,3
seo services arizona,https://azwebcorp.com/arizona-seo-services/,0,1780,0.0,79.02752808988764,2
arizona seo services,https://azwebcorp.com/arizona-seo-services/,0,1257,0.0,65.61893396976929,2
az seo company,https://azwebcorp.com/arizona-seo-services/,0,1121,0.0,77.03657448706512,2
wordpress critical error,https://azwebcorp.com/wordpress-critical-error-on-the-website/,0,1114,0.0,75.69120287253142,2
arizona seo service,https://azwebcorp.com/arizona-seo-services/,0,770,0.0,78.39090909090909,2
critical error wordpress,https://azwebcorp.com/wordpress-critical-error-on-the-website/,0,747,0.0,77.01874163319947,2
seo company in arizona,https://azwebcorp.com/arizona-seo-services/,1,701,0.0014265335235378032,80.85734664764622,2
affordable seo company scottsdale,https://azwebcorp.com/arizona-seo-services/,0,633,0.0,82.72353870458136,2
arizona search engine optimization,https://azwebcorp.com/arizona-seo-services/,0,633,0.0,78.10742496050553,2
web developer phoenix,https://azwebcorp.com/,0,590,0.0,72.4728813559322,2
arizona web design and seo,https://azwebcorp.com/,0,546,0.0,52.71245421245421,2
seo agency arizona,https://azwebcorp.com/arizona-seo-services/,0,507,0.0,83.89151873767258,2
arizona organic affordable seo growth,https://azwebcorp.com/2020/07/29/how-much-does-seo-cost-in-arizona/,0,443,0.0,36.95259593679458,2
seo services in arizona,https://azwebcorp.com/arizona-seo-services/,0,420,0.0,79.25238095238095,2
arizona organic cheap seo growth,https://azwebcorp.com/2020/07/29/how-much-does-seo-cost-in-arizona/,0,419,0.0,37.48926014319809,2
arizona effective organic cheap seo growth,https://azwebcorp.com/2020/07/29/how-much-does-seo-cost-in-arizona/,0,417,0.0,32.92565947242206,2
growth of cheap organic seo in arizona,https://azwebcorp.com/2020/07/29/how-much-does-seo-cost-in-arizona/,0,415,0.0,24.048192771084338,2
arizona cheap organic seo growth,https://azwebcorp.com/2020/07/29/how-much-does-seo-cost-in-arizona/,0,396,0.0,41.33585858585859,2
arizona affordable organic seo growth,https://azwebcorp.com/2020/07/29/how-much-does-seo-cost-in-arizona/,0,390,0.0,42.282051282051285,2
cheap arizona organic seo growth,https://azwebcorp.com/2020/07/29/how-much-does-seo-cost-in-arizona/,0,386,0.0,32.98445595854922,2
affordable seo solutions for any businesses az,https://azwebcorp.com/arizona-seo-services/,0,381,0.0,45.47769028871391,2
cheap organic growth of seo in az,https://azwebcorp.com/2020/07/29/how-much-does-seo-cost-in-arizona/,0,375,0.0,35.29066666666667,2
cheap effective organic seo growth az,https://azwebcorp.com/2020/07/29/how-much-does-seo-cost-in-arizona/,0,374,0.0,28.529411764705884,2
effective affordable organic seo growth az,https://azwebcorp.com/2020/07/29/how-much-does-seo-cost-in-arizona/,0,373,0.0,41.27345844504021,2
az affordable organic seo growth,https://azwebcorp.com/2020/07/29/how-much-does-seo-cost-in-arizona/,0,369,0.0,42.48780487804878,2
cheap organic seo growth in arizona,https://azwebcorp.com/2020/07/29/how-much-does-seo-cost-in-arizona/,0,365,0.0,34.02191780821918,2
effective cheap organic seo growth arizona,https://azwebcorp.com/2020/07/29/how-much-does-seo-cost-in-arizona/,0,359,0.0,32.392757660167135,2
az cheap organic seo growth,https://azwebcorp.com/2020/07/29/how-much-does-seo-cost-in-arizona/,0,351,0.0,39.55840455840456,2
cheap organic seo growth in az,https://azwebcorp.com/2020/07/29/how-much-does-seo-cost-in-arizona/,0,349,0.0,36.27220630372493,2
effective cheap organic seo growth az,https://azwebcorp.com/2020/07/29/how-much-does-seo-cost-in-arizona/,0,344,0.0,27.843023255813954,2
az organic cheap seo growth,https://azwebcorp.com/2020/07/29/how-much-does-seo-cost-in-arizona/,0,340,0.0,36.29117647058823,2
az cheap effective organic seo growth,https://azwebcorp.com/2020/07/29/how-much-does-seo-cost-in-arizona/,0,337,0.0,34.55786350148368,2
seo cost phoenix,https://azwebcorp.com/2020/07/29/how-much-does-seo-cost-in-arizona/,0,322,0.0,23.574534161490682,2
seo agency in arizona,https://azwebcorp.com/arizona-seo-services/,0,309,0.0,68.36245954692556,2
az seo optimization services,https://azwebcorp.com/arizona-seo-services/,0,306,0.0,69.47058823529412,2
seo projects arizona,https://azwebcorp.com/arizona-seo-services/,0,304,0.0,41.0296052631579,2
wordpress internal linking plugin,https://azwebcorp.com/2020/07/29/7-best-internal-linking-plugins-for-wordpress-websites/,0,303,0.0,74.0957095709571,2
affordable seo solutions for any businesses az,https://azwebcorp.com/2020/07/29/how-much-does-seo-cost-in-arizona/,0,298,0.0,57.238255033557046,2
mobile app development arizona,https://azwebcorp.com/mobile-app-development-services-arizona/,0,297,0.0,54.343434343434346,2
affordable arizona organic seo growth,https://azwebcorp.com/2020/07/29/how-much-does-seo-cost-in-arizona/,0,286,0.0,41.76573426573427,2
seo in arizona,https://azwebcorp.com/arizona-seo-services/,0,284,0.0,73.19718309859155,2
wordpress internal linking plugin,https://azwebcorp.com/2020/07/29/best-internal-linking-plugins-wordpress/,0,265,0.0,69.63396226415094,2
wordpress interlinking plugin,https://azwebcorp.com/2020/07/29/best-internal-linking-plugins-wordpress/,0,257,0.0,78.10894941634241,2
arizona technology seo firm,https://azwebcorp.com/arizona-seo-services/,0,254,0.0,38.45669291338583,2
organic cheap seo growth arizona,https://azwebcorp.com/2020/07/29/how-much-does-seo-cost-in-arizona/,0,254,0.0,52.94094488188976,2
cheap seo growth in arizona,https://azwebcorp.com/2020/07/29/how-much-does-seo-cost-in-arizona/,0,250,0.0,35.272,2
cheap organic seo packages arizona,https://azwebcorp.com/2020/07/29/how-much-does-seo-cost-in-arizona/,0,236,0.0,43.77542372881356,2
arizona seo growth,https://azwebcorp.com/arizona-seo-services/,0,235,0.0,46.57872340425532,2
digital marketing arizona,https://azwebcorp.com/arizona-digital-marketing/,0,235,0.0,85.34042553191489,2
effective cheap organic seo arizona,https://azwebcorp.com/2020/07/29/how-much-does-seo-cost-in-arizona/,0,233,0.0,30.55793991416309,2
az seo growth,https://azwebcorp.com/arizona-seo-services/,0,230,0.0,42.778260869565216,2
az web designers,https://azwebcorp.com/,0,224,0.0,64.98660714285714,2
organic affordable seo growth arizona,https://azwebcorp.com/2020/07/29/how-much-does-seo-cost-in-arizona/,0,217,0.0,50.382488479262676,2
seo mesa az,https://azwebcorp.com/arizona-seo-services/,0,211,0.0,80.43601895734596,2
arizona organic cheap seo,https://azwebcorp.com/2020/07/29/how-much-does-seo-cost-in-arizona/,0,204,0.0,47.15196078431372,2
best wordpress plugin for internal linking,https://azwebcorp.com/2020/07/29/best-internal-linking-plugins-wordpress/,0,203,0.0,76.45812807881774,2
best internal link plugin wordpress,https://azwebcorp.com/2020/07/29/best-internal-linking-plugins-wordpress/,0,199,0.0,75.85929648241206,2
cheap seo growth arizona,https://azwebcorp.com/2020/07/29/how-much-does-seo-cost-in-arizona/,0,194,0.0,30.530927835051546,2
cheap seo growth in arizona,https://azwebcorp.com/arizona-seo-services/,0,194,0.0,51.24226804123711,2
cheap az organic seo growth,https://azwebcorp.com/2020/07/29/how-much-does-seo-cost-in-arizona/,0,190,0.0,40.92631578947368,2
best internal linking plugin,https://azwebcorp.com/2020/07/29/best-internal-linking-plugins-wordpress/,0,184,0.0,77.80978260869566,2
seo growth service az,https://azwebcorp.com/arizona-seo-services/,0,184,0.0,42.89673913043478,2
cheap seo growth service az,https://azwebcorp.com/2020/07/29/how-much-does-seo-cost-in-arizona/,0,179,0.0,37.67039106145251,2
wordpress internal link suggestion,https://azwebcorp.com/2020/07/29/best-internal-linking-plugins-wordpress/,0,179,0.0,80.09497206703911,2
arizona mobile app development,https://azwebcorp.com/mobile-app-development-services-arizona/,0,178,0.0,60.21910112359551,2
arizona seo expert,https://azwebcorp.com/arizona-seo-services/,0,174,0.0,56.310344827586206,2
cheap organic seo packages az,https://azwebcorp.com/2020/07/29/how-much-does-seo-cost-in-arizona/,0,171,0.0,36.03508771929825,2
web development agency scottsdale,https://azwebcorp.com/,0,168,0.0,85.30952380952381,2
arizona organic affordable seo growth,https://azwebcorp.com/arizona-seo-services/,0,164,0.0,45.451219512195124,2
cheap seo growth service az,https://azwebcorp.com/arizona-seo-services/,0,160,0.0,43.15625,2
seo cheap organic growth arizona,https://azwebcorp.com/2020/07/29/how-much-does-seo-cost-in-arizona/,0,152,0.0,48.44736842105263,2
app development in arizona,https://azwebcorp.com/mobile-app-development-services-arizona/,0,149,0.0,73.44295302013423,2
cheap seo growth arizona,https://azwebcorp.com/arizona-seo-services/,0,148,0.0,41.75675675675676,2
wordpress developer phoenix,https://azwebcorp.com/arizona-web-development/,0,147,0.0,59.40816326530612,2
arizona seo search engine optimization,https://azwebcorp.com/arizona-seo-services/,0,142,0.0,79.71126760563381,2
best link building plugin for wordpress,https://azwebcorp.com/2020/07/29/best-internal-linking-plugins-wordpress/,0,136,0.0,79.16911764705883,2
app developers in arizona,https://azwebcorp.com/mobile-app-development-services-arizona/,0,135,0.0,58.11851851851852,2
mobile development arizona,https://azwebcorp.com/mobile-app-development-services-arizona/,0,135,0.0,50.42962962962963,2
seo for home services arizona,https://azwebcorp.com/2020/07/29/how-much-does-seo-cost-in-arizona/,0,134,0.0,69.61194029850746,2
wordpress developer phoenix arizona,https://azwebcorp.com/arizona-web-development/,0,134,0.0,52.85820895522388,2
az cheap seo growth service,https://azwebcorp.com/2020/07/29/how-much-does-seo-cost-in-arizona/,0,133,0.0,49.7593984962406,2
mesa az wordpress developer,https://azwebcorp.com/,0,127,0.0,45.79527559055118,2
seo expert arizona,https://azwebcorp.com/arizona-seo-services/,0,123,0.0,62.65853658536585,2
arizona mobile app developers,https://azwebcorp.com/mobile-app-development-services-arizona/,0,121,0.0,55.94214876033058,2
az seo growth,https://azwebcorp.com/2025/12/05/phoenix-seo-expert-local-search/,0,116,0.0,35.87068965517241,2
arizona seo growth,https://azwebcorp.com/2025/12/05/phoenix-seo-expert-local-search/,0,113,0.0,36.36283185840708,2
mesa az wordpress developer,https://azwebcorp.com/arizona-web-development/,0,104,0.0,63.75,2
affordable organic seo growth az,https://azwebcorp.com/2020/07/29/how-much-does-seo-cost-in-arizona/,0,100,0.0,68.42,2
app development company in arizona,https://azwebcorp.com/mobile-app-development-services-arizona/,0,100,0.0,54.81,2
mobile app development company in arizona,https://azwebcorp.com/mobile-app-development-services-arizona/,0,100,0.0,51.88,2
arizona local seo,https://azwebcorp.com/arizona-seo-services/,0,97,0.0,86.72164948453609,2
az organic cheap seo growth,https://azwebcorp.com/arizona-seo-services/,0,96,0.0,50.197916666666664,2
best seo company in arizona,https://azwebcorp.com/arizona-seo-services/,0,94,0.0,81.18085106382979,2
search engine optimization arizona phoenix,https://azwebcorp.com/2025/12/05/phoenix-seo-expert-local-search/,0,92,0.0,61.90217391304348,2
affordable organic seo growth in az,https://azwebcorp.com/2020/07/29/how-much-does-seo-cost-in-arizona/,0,91,0.0,55.68131868131868,2
arizona mobile development,https://azwebcorp.com/mobile-app-development-services-arizona/,0,89,0.0,45.61797752808989,2
az cheap seo growth service,https://azwebcorp.com/arizona-seo-services/,0,89,0.0,28.8876404494382,2
arizona mobile development programmers,https://azwebcorp.com/mobile-app-development-services-arizona/,0,86,0.0,45.06976744186046,2
arizona organic cheap seo,https://azwebcorp.com/arizona-seo-services/,0,86,0.0,41.883720930232556,2
arizona effective organic growth seo,https://azwebcorp.com/arizona-seo-services/,0,84,0.0,57.857142857142854,2
cheap search engine optimization phoenix arizona,https://azwebcorp.com/2020/07/29/how-much-does-seo-cost-in-arizona/,0,84,0.0,70.94047619047619,2
arizona affordable organic seo growth,https://azwebcorp.com/arizona-seo-services/,0,80,0.0,44.65,2
az cheap organic seo,https://azwebcorp.com/2020/07/29/how-much-does-seo-cost-in-arizona/,0,80,0.0,27.775,2
web development phoenix projects,https://azwebcorp.com/,0,78,0.0,77.02564102564102,2
affordable seo company ahwatukee,https://azwebcorp.com/arizona-seo-services/,0,77,0.0,24.792207792207794,2
az freelance website designer,https://azwebcorp.com/arizona-web-development/,0,77,0.0,33.79220779220779,2
arizona organic cheap seo growth,https://azwebcorp.com/arizona-seo-services/,0,74,0.0,51.75675675675676,2
seo in tempe,https://azwebcorp.com/arizona-seo-services/,0,74,0.0,74.21621621621621,2
national seo packages arizona,https://azwebcorp.com/2020/07/29/how-much-does-seo-cost-in-arizona/,0,73,0.0,63.205479452054796,2
arizona effective organic cheap seo growth,https://azwebcorp.com/arizona-seo-services/,0,72,0.0,52.93055555555556,2
arizona seo package plan,https://azwebcorp.com/2020/07/29/how-much-does-seo-cost-in-arizona/,0,72,0.0,44.416666666666664,2
az website design company,https://azwebcorp.com/,0,72,0.0,72.75,2
app developers near me,https://azwebcorp.com/mobile-app-development-services-arizona/,0,71,0.0,80.21126760563381,2
seoarizona,https://azwebcorp.com/arizona-seo-services/,0,71,0.0,79.40845070422536,2
app companies in arizona,https://azwebcorp.com/mobile-app-development-services-arizona/,0,68,0.0,55.955882352941174,2
arizona successful seo organic growth,https://azwebcorp.com/2020/07/29/how-much-does-seo-cost-in-arizona/,0,67,0.0,52.02985074626866,2
wordpress developer phoenix arizona,https://azwebcorp.com/,0,66,0.0,79.33333333333333,2
phoenix arizona organic cheap seo growth,https://azwebcorp.com/2020/07/29/how-much-does-seo-cost-in-arizona/,0,65,0.0,55.89230769230769,2
affordable seo organic growth az,https://azwebcorp.com/2020/07/29/how-much-does-seo-cost-in-arizona/,0,64,0.0,56.421875,2
arizona cheap organic growth seo,https://azwebcorp.com/2020/07/29/how-much-does-seo-cost-in-arizona/,0,63,0.0,61.6031746031746,2
best seo services in tempe,https://azwebcorp.com/arizona-seo-services/,0,63,0.0,69.5079365079365,2
web development scottsdale,https://azwebcorp.com/,0,61,0.0,77.98360655737704,2
app development companies in arizona,https://azwebcorp.com/mobile-app-development-services-arizona/,0,59,0.0,82.62711864406779,2
app development services near me,https://azwebcorp.com/mobile-app-development-services-arizona/,0,58,0.0,49.86206896551724,2
organic affordable seo growth arizona,https://azwebcorp.com/arizona-seo-services/,0,57,0.0,60.29824561403509,2
best internal linking plugin,https://azwebcorp.com/2020/07/29/7-best-internal-linking-plugins-for-wordpress-websites/,0,56,0.0,90.51785714285714,2
small business custom website development arizona,https://azwebcorp.com/,0,55,0.0,56.127272727272725,2
web development phoenix projects,https://azwebcorp.com/frontend-development/,0,55,0.0,70.4,2
best link building plugin for wordpress,https://azwebcorp.com/2020/07/29/7-best-internal-linking-plugins-for-wordpress-websites/,0,53,0.0,77.71698113207547,2
az affordable organic seo,https://azwebcorp.com/2020/07/29/how-much-does-seo-cost-in-arizona/,0,52,0.0,65.25,2
cheap seo solutions phoenix,https://azwebcorp.com/2020/07/29/how-much-does-seo-cost-in-arizona/,0,52,0.0,76.9423076923077,2
effective organic cheap seo growth phoenix az,https://azwebcorp.com/2020/07/29/how-much-does-seo-cost-in-arizona/,0,52,0.0,58.71153846153846,2
phoenix az organic cheap seo growth,https://azwebcorp.com/2020/07/29/how-much-does-seo-cost-in-arizona/,0,52,0.0,63.28846153846154,2
seo project in phoenix az,https://azwebcorp.com/2025/12/05/phoenix-seo-expert-local-search/,0,52,0.0,17.73076923076923,2
arizona marketing and automation solutions,https://azwebcorp.com/marketing-automation2/,0,48,0.0,21.5625,2
arizona webdesign,https://azwebcorp.com/,0,48,0.0,28.854166666666668,2
az cheap effective organic growth seo,https://azwebcorp.com/2020/07/29/how-much-does-seo-cost-in-arizona/,0,48,0.0,31.145833333333332,2
budget-friendly seo strategies for startups arizona,https://azwebcorp.com/2020/07/29/how-much-does-seo-cost-in-arizona/,0,48,0.0,86.5625,2
wordpress developer phoenix,https://azwebcorp.com/,0,48,0.0,85.125,2
wordpress website design arizona,https://azwebcorp.com/arizona-web-development/,0,48,0.0,89.66666666666667,2
cheap local seo packages arizona,https://azwebcorp.com/2020/07/29/how-much-does-seo-cost-in-arizona/,0,47,0.0,50.808510638297875,2
arizona website design company,https://azwebcorp.com/,0,45,0.0,63.733333333333334,2
mobile website arizona,https://azwebcorp.com/mobile-app-development-services-arizona/,0,45,0.0,27.866666666666667,2
seo affordable organic growth services az,https://azwebcorp.com/2020/07/29/how-much-does-seo-cost-in-arizona/,0,44,0.0,72.02272727272727,2
az affordable organic seo,https://azwebcorp.com/arizona-seo-services/,0,43,0.0,47.25581395348837,2
effective arizona organic seo growth,https://azwebcorp.com/arizona-seo-services/,0,42,0.0,58.642857142857146,2
az seo guru,https://azwebcorp.com/arizona-seo-services/,0,41,0.0,53.41463414634146,2
growth of organic seo arizona,https://azwebcorp.com/2020/07/29/how-much-does-seo-cost-in-arizona/,0,41,0.0,61.21951219512195,2
phoenix az wordpress designer,https://azwebcorp.com/arizona-web-development/,0,41,0.0,64.8048780487805,2
web developers sedona,https://azwebcorp.com/,0,41,0.0,49.048780487804876,2
affordable seo company ahwatukee,https://azwebcorp.com/2025/12/05/phoenix-seo-expert-local-search/,0,40,0.0,26.125,2
best internal linking plugin wordpress,https://azwebcorp.com/2020/07/29/7-best-internal-linking-plugins-for-wordpress-websites/,0,40,0.0,76.225,2
cheap seo consulting phoenix,https://azwebcorp.com/2020/07/29/how-much-does-seo-cost-in-arizona/,0,40,0.0,77.8,2
course best internal linking plugin,https://azwebcorp.com/2020/07/29/7-best-internal-linking-plugins-for-wordpress-websites/,0,40,0.0,91.0,2
50 free instagram followers,https://azwebcorp.com/2020/07/29/free-instagram-followers-hack/,4,39,0.10256410256410256,92.46153846153847,2
az affordable organic seo growth,https://azwebcorp.com/arizona-seo-services/,0,38,0.0,59.5,2
expert search engine optimization in phoenix,https://azwebcorp.com/2025/12/05/phoenix-seo-expert-local-search/,0,38,0.0,65.13157894736842,2
best internal linking wordpress plugins for higher web optimization,https://azwebcorp.com/2020/07/29/7-best-internal-linking-plugins-for-wordpress-websites/,0,37,0.0,82.48648648648648,2
web developer phoenix,https://azwebcorp.com/frontend-development/,0,37,0.0,82.78378378378379,2
phoenix search engine optimization services,https://azwebcorp.com/arizona-seo-services/,0,36,0.0,82.27777777777777,2
seo services in phoenix arizona,https://azwebcorp.com/arizona-seo-services/,0,36,0.0,96.27777777777777,2
web development scottsdale,https://azwebcorp.com/frontend-development/,0,36,0.0,75.61111111111111,2
wordpress critical error,https://azwebcorp.com/what-is-critical-error-on-wordpress/,0,36,0.0,85.75,2
app development company near me,https://azwebcorp.com/mobile-app-development-services-arizona/,0,35,0.0,72.68571428571428,2
web designers near me,https://azwebcorp.com/,2,34,0.058823529411764705,21.029411764705884,2
arizona phoenix affordable organic seo growth,https://azwebcorp.com/arizona-seo-services/,0,34,0.0,87.82352941176471,2
effective arizona organic seo growth,https://azwebcorp.com/2020/07/29/how-much-does-seo-cost-in-arizona/,0,34,0.0,53.64705882352941,2
az organic seo growth services,https://azwebcorp.com/arizona-seo-services/,0,33,0.0,62.666666666666664,2
budget-friendly seo strategies for startups arizona,https://azwebcorp.com/arizona-seo-services/,0,33,0.0,88.45454545454545,2
arizona web design and seo,https://azwebcorp.com/arizona-seo-services/,0,32,0.0,87.3125,2
seo tool best internal linking plugin,https://azwebcorp.com/2020/07/29/7-best-internal-linking-plugins-for-wordpress-websites/,0,32,0.0,86.3125,2
web development services,https://azwebcorp.com/,0,32,0.0,38.75,2
arizona digital agency,https://azwebcorp.com/arizona-digital-marketing/,0,31,0.0,80.96774193548387,2
best internal link plugin wordpress,https://azwebcorp.com/2020/07/29/7-best-internal-linking-plugins-for-wordpress-websites/,0,31,0.0,84.48387096774194,2
effective organic seo growth arizona,https://azwebcorp.com/arizona-seo-services/,0,31,0.0,60.16129032258065,2
affordable seo company phoenix az,https://azwebcorp.com/arizona-seo-services/,0,30,0.0,30.8,2
app development scottsdale,https://azwebcorp.com/mobile-app-development-services-arizona/,0,30,0.0,43.03333333333333,2
arizona effective organic seo growth,https://azwebcorp.com/arizona-seo-services/,0,29,0.0,64.55172413793103,2
freelance web developer scottsdale,https://azwebcorp.com/,0,29,0.0,36.86206896551724,2
organic seo effective growth arizona,https://azwebcorp.com/2020/07/29/how-much-does-seo-cost-in-arizona/,0,29,0.0,61.10344827586207,2
phoenix seo expert,https://azwebcorp.com/arizona-seo-services/,0,28,0.0,83.92857142857143,2
website projects phoenix,https://azwebcorp.com/frontend-development/,0,28,0.0,72.78571428571429,2
affordable seo packages az,https://azwebcorp.com/2020/07/29/how-much-does-seo-cost-in-arizona/,0,27,0.0,61.111111111111114,2
arizona mobile development,https://azwebcorp.com/,0,27,0.0,6.925925925925926,2
arizona organic seo growth,https://azwebcorp.com/arizona-seo-services/,0,27,0.0,53.111111111111114,2
scottsdale web development,https://azwebcorp.com/,0,25,0.0,81.76,2
specialized wordpress development services phoenix,https://azwebcorp.com/arizona-web-development/,0,25,0.0,38.8,2
wordpress web development company phoenix az,https://azwebcorp.com/,0,25,0.0,52.2,2
arizona seo packages,https://azwebcorp.com/2020/07/29/how-much-does-seo-cost-in-arizona/,0,24,0.0,81.33333333333333,2
arizona successful seo organic growth,https://azwebcorp.com/arizona-seo-services/,0,23,0.0,74.34782608695652,2
best wordpress internal linking,https://azwebcorp.com/2020/07/29/7-best-internal-linking-plugins-for-wordpress-websites/,0,23,0.0,85.3913043478261,2
mobile website arizona,https://azwebcorp.com/,0,23,0.0,7.3478260869565215,2
phoenix az wordpress development company,https://azwebcorp.com/,0,23,0.0,83.1304347826087,2
arizona effective growth of organic seo,https://azwebcorp.com/arizona-seo-services/,0,22,0.0,66.63636363636364,2
arizona web design agency,https://azwebcorp.com/,0,22,0.0,45.36363636363637,2
cheap seo solutions phoenix,https://azwebcorp.com/arizona-seo-services/,0,22,0.0,53.27272727272727,2
internal link juicer alternatives,https://azwebcorp.com/2020/07/29/best-internal-linking-plugins-wordpress/,0,22,0.0,89.63636363636364,2
low-cost website development packages for small businesses arizona,https://azwebcorp.com/,0,22,0.0,58.27272727272727,2
wordpress plugin search internal links,https://azwebcorp.com/2020/07/29/best-internal-linking-plugins-wordpress/,0,22,0.0,83.95454545454545,2
effective cheap organic seo growth arizona,https://azwebcorp.com/arizona-seo-services/,0,21,0.0,58.904761904761905,2
scottsdale web development,https://azwebcorp.com/frontend-development/,0,21,0.0,62.666666666666664,2
web development consultation phoenix,https://azwebcorp.com/,0,21,0.0,73.57142857142857,2
critical error on wordpress site,https://azwebcorp.com/wordpress-critical-error-on-the-website/,0,20,0.0,74.2,2
mobile website design arizona,https://azwebcorp.com/,0,20,0.0,61.75,2
website+development+arizona,https://azwebcorp.com/,0,20,0.0,22.6,2
specialized wordpress development services phoenix,https://azwebcorp.com/,0,19,0.0,61.63157894736842,2
there is a critical error in your website wordpress,https://azwebcorp.com/wordpress-critical-error-on-the-website/,0,19,0.0,73.21052631578948,2
website projects phoenix,https://azwebcorp.com/,0,19,0.0,37.21052631578947,2
affordable organic growth of seo in phoenix arizona,https://azwebcorp.com/2020/07/29/how-much-does-seo-cost-in-arizona/,0,18,0.0,94.55555555555556,2
cheap seo consulting phoenix,https://azwebcorp.com/arizona-seo-services/,0,18,0.0,49.0,2
custom wordpress website developers in phoenix,https://azwebcorp.com/arizona-web-development/,0,18,0.0,82.0,2
internal link juicer alternatives,https://azwebcorp.com/2020/07/29/7-best-internal-linking-plugins-for-wordpress-websites/,0,18,0.0,88.38888888888889,2
phoenix seo services,https://azwebcorp.com/arizona-seo-services/,0,18,0.0,75.33333333333333,2
wordpress critical error on this website,https://azwebcorp.com/wordpress-critical-error-on-the-website/,0,18,0.0,71.83333333333333,2
wordpress development firm phoenix az,https://azwebcorp.com/,0,18,0.0,56.94444444444444,2
affordable seo organic growth phoenix,https://azwebcorp.com/arizona-seo-services/,0,17,0.0,46.88235294117647,2
az cheap effective organic growth seo,https://azwebcorp.com/arizona-seo-services/,0,17,0.0,56.05882352941177,2
cheap search engine optimization phoenix arizona,https://azwebcorp.com/arizona-seo-services/,0,17,0.0,47.8235294117647,2
mobile website design arizona,https://azwebcorp.com/mobile-app-development-services-arizona/,0,17,0.0,81.3529411764706,2
web development scottsdale az,https://azwebcorp.com/,0,17,0.0,65.11764705882354,2
webcorp solutions,https://azwebcorp.com/,0,17,0.0,73.47058823529412,2
wordpress web development company phoenix az,https://azwebcorp.com/arizona-web-development/,0,17,0.0,47.470588235294116,2
critical error wordpress,https://azwebcorp.com/what-is-critical-error-on-wordpress/,0,16,0.0,97.4375,2
mesa website development services,https://azwebcorp.com/,0,16,0.0,48.75,2
mobile development phoenix,https://azwebcorp.com/,0,16,0.0,39.75,2
seo project phoenix arizona,https://azwebcorp.com/2025/12/05/phoenix-seo-expert-local-search/,0,16,0.0,28.4375,2
website development company in arizona,https://azwebcorp.com/,0,16,0.0,41.25,2
affordable seo organic growth az,https://azwebcorp.com/arizona-seo-services/,0,15,0.0,42.86666666666667,2
arizona cheap organic seo growth,https://azwebcorp.com/arizona-seo-services/,0,15,0.0,55.46666666666667,2
arizona seo package,https://azwebcorp.com/arizona-seo-services/,0,15,0.0,52.86666666666667,2
az cheap effective organic seo growth,https://azwebcorp.com/arizona-seo-services/,0,15,0.0,55.266666666666666,2
az seo guru,https://azwebcorp.com/2025/12/05/phoenix-seo-expert-local-search/,0,15,0.0,24.733333333333334,2
cheap organic seo packages arizona,https://azwebcorp.com/arizona-seo-services/,0,15,0.0,94.8,2
organic cheap seo growth arizona,https://azwebcorp.com/arizona-seo-services/,0,15,0.0,56.733333333333334,2
seo and website developers ahwatukee,https://azwebcorp.com/,0,15,0.0,65.66666666666667,2
arizona phoenix affordable organic seo growth,https://azwebcorp.com/2020/07/29/how-much-does-seo-cost-in-arizona/,0,14,0.0,84.92857142857143,2
arizona seo package plan,https://azwebcorp.com/arizona-seo-services/,0,14,0.0,65.0,2
az+website+design,https://azwebcorp.com/,0,14,0.0,68.0,2
best internal linking plugin wordpress,https://azwebcorp.com/2020/07/29/best-internal-linking-plugins-wordpress/,0,14,0.0,79.57142857142857,2
cheap organic phoenix az seo growth,https://azwebcorp.com/2020/07/29/how-much-does-seo-cost-in-arizona/,0,14,0.0,86.28571428571429,2
tool best internal linking plugin,https://azwebcorp.com/2020/07/29/7-best-internal-linking-plugins-for-wordpress-websites/,0,14,0.0,84.78571428571429,2
training best internal linking plugin,https://azwebcorp.com/2020/07/29/7-best-internal-linking-plugins-for-wordpress-websites/,0,14,0.0,85.64285714285714,2
wordpress development phoenix,https://azwebcorp.com/arizona-web-development/,0,14,0.0,74.21428571428571,2
az website design company,https://azwebcorp.com/arizona-web-development/,0,13,0.0,77.84615384615384,2
custom wordpress website developers phoenix,https://azwebcorp.com/arizona-web-development/,0,13,0.0,83.38461538461539,2
effective cheap organic seo arizona,https://azwebcorp.com/arizona-seo-services/,0,13,0.0,66.38461538461539,2
organic seo growth arizona,https://azwebcorp.com/arizona-seo-services/,0,13,0.0,50.23076923076923,2
peoria arizona website design,https://azwebcorp.com/,0,13,0.0,80.38461538461539,2
peoria az web design,https://azwebcorp.com/,0,13,0.0,76.84615384615384,2
phoenix arizona local search optimization,https://azwebcorp.com/2025/12/05/phoenix-seo-expert-local-search/,0,13,0.0,40.76923076923077,2
affordable organic seo in az,https://azwebcorp.com/2020/07/29/how-much-does-seo-cost-in-arizona/,0,12,0.0,23.083333333333332,2
az website development,https://azwebcorp.com/,0,12,0.0,55.75,2
freelance web developer scottsdale,https://azwebcorp.com/arizona-web-development/,0,12,0.0,30.416666666666668,2
mobile development phoenix,https://azwebcorp.com/mobile-app-development-services-arizona/,0,12,0.0,96.25,2
seo cost phoenix,https://azwebcorp.com/how-much-does-seo-cost-in-arizona/,0,12,0.0,77.83333333333333,2
seo package arizona,https://azwebcorp.com/arizona-seo-services/,0,12,0.0,70.33333333333333,2
webcorp solutions,https://azwebcorp.com/frontend-development/,0,12,0.0,83.75,2
wordpress development firm phoenix az,https://azwebcorp.com/arizona-web-development/,0,12,0.0,38.916666666666664,2
arizona seo search engine optimization,https://azwebcorp.com/2020/07/29/how-much-does-seo-cost-in-arizona/,0,11,0.0,41.27272727272727,2
az organic seo growth services,https://azwebcorp.com/2020/07/29/how-much-does-seo-cost-in-arizona/,0,11,0.0,65.27272727272727,2
growth of cheap organic seo in arizona,https://azwebcorp.com/arizona-seo-services/,0,11,0.0,81.18181818181819,2
small business custom website development arizona,https://azwebcorp.com/arizona-web-development/,0,11,0.0,70.72727272727273,2
tool internal linking plugin,https://azwebcorp.com/2020/07/29/7-best-internal-linking-plugins-for-wordpress-websites/,0,11,0.0,92.45454545454545,2
web development company arizona,https://azwebcorp.com/,0,11,0.0,34.18181818181818,2
website development and seo services,https://azwebcorp.com/,0,11,0.0,41.0,2
wordpress developer phoenix az,https://azwebcorp.com/,0,11,0.0,74.63636363636364,2
web designer,https://azwebcorp.com/,1,10,0.1,8.7,2
affordable organic seo growth phoenix az,https://azwebcorp.com/2020/07/29/how-much-does-seo-cost-in-arizona/,0,10,0.0,88.1,2
arizona effective organic growth seo,https://azwebcorp.com/2020/07/29/how-much-does-seo-cost-in-arizona/,0,10,0.0,72.0,2
arizona software development company,https://azwebcorp.com/,0,10,0.0,81.8,2
az seo expert,https://azwebcorp.com/arizona-seo-services/,0,10,0.0,38.2,2
best seo company in chandler,https://azwebcorp.com/arizona-seo-services/,0,10,0.0,95.3,2
for beginners internal linking plugin,https://azwebcorp.com/2020/07/29/7-best-internal-linking-plugins-for-wordpress-websites/,0,10,0.0,90.6,2
web development flagstaff az,https://azwebcorp.com/,0,10,0.0,66.8,2
web hosting package in phoenix az,https://azwebcorp.com/hosting-domains/,0,10,0.0,91.3,2
web hosting package in phoenix az,https://azwebcorp.com/web-hosting-plus/,0,10,0.0,87.5,2
wordpress developer for small business phoenix,https://azwebcorp.com/arizona-web-development/,0,10,0.0,44.8,2
wordpress interlinking plugin,https://azwebcorp.com/2020/07/29/7-best-internal-linking-plugins-for-wordpress-websites/,0,10,0.0,94.0,2
affordable arizona organic seo growth,https://azwebcorp.com/arizona-seo-services/,0,9,0.0,60.666666666666664,2
cheap organic seo packages phoenix az,https://azwebcorp.com/2020/07/29/how-much-does-seo-cost-in-arizona/,0,9,0.0,89.66666666666667,2
custom wordpress website developers in phoenix,https://azwebcorp.com/,0,9,0.0,92.77777777777777,2
mobile app development company in mohave,https://azwebcorp.com/,0,9,0.0,74.11111111111111,2
phoenix seo services,https://azwebcorp.com/seo-company-phoenix-az/,0,9,0.0,85.11111111111111,2
seo expert phoenix,https://azwebcorp.com/arizona-seo-services/,0,9,0.0,77.66666666666667,2
seo growth organic az,https://azwebcorp.com/arizona-seo-services/,0,9,0.0,60.22222222222222,2
affordable organic seo growth in az,https://azwebcorp.com/arizona-seo-services/,0,8,0.0,51.5,2
affordable organic seo growth in phoenix arizona,https://azwebcorp.com/arizona-seo-services/,0,8,0.0,71.375,2
affordable seo packages az,https://azwebcorp.com/arizona-seo-services/,0,8,0.0,91.75,2
arizona mobile development programmers,https://azwebcorp.com/,0,8,0.0,91.875,2
custom wordpress website developers phoenix,https://azwebcorp.com/,0,8,0.0,65.875,2
effective organic seo growth arizona,https://azwebcorp.com/2020/07/29/how-much-does-seo-cost-in-arizona/,0,8,0.0,78.875,2
interlink wordpress plugin,https://azwebcorp.com/2020/07/29/7-best-internal-linking-plugins-for-wordpress-websites/,0,8,0.0,95.75,2
local guide program,https://azwebcorp.com/,0,8,0.0,1.0,2
organic cheap seo growth phoenix az,https://azwebcorp.com/2020/07/29/how-much-does-seo-cost-in-arizona/,0,8,0.0,92.0,2
phoenix arizona organic cheap seo growth,https://azwebcorp.com/arizona-seo-services/,0,8,0.0,79.75,2
scottsdale app developers,https://azwebcorp.com/mobile-app-development-services-arizona/,0,8,0.0,39.375,2
scottsdale app development,https://azwebcorp.com/mobile-app-development-services-arizona/,0,8,0.0,44.5,2
seo for home services arizona,https://azwebcorp.com/arizona-seo-services/,0,8,0.0,76.5,2
seo growth service az,https://azwebcorp.com/2020/07/29/how-much-does-seo-cost-in-arizona/,0,8,0.0,23.5,2
web seo solutions,https://azwebcorp.com/,0,8,0.0,84.875,2
free instagram followers 50,https://azwebcorp.com/2020/07/29/free-instagram-followers-hack/,1,7,0.14285714285714285,100.71428571428571,2
affordable organic seo growth in phoenix arizona,https://azwebcorp.com/2020/07/29/how-much-does-seo-cost-in-arizona/,0,7,0.0,88.57142857142857,2
affordable organic seo growth phoenix az,https://azwebcorp.com/arizona-seo-services/,0,7,0.0,94.57142857142857,2
affordable seo services in arizona,https://azwebcorp.com/arizona-seo-services/,0,7,0.0,89.42857142857143,2
arizona effective organic seo growth,https://azwebcorp.com/2020/07/29/how-much-does-seo-cost-in-arizona/,0,7,0.0,70.85714285714286,2
arizona seo packages,https://azwebcorp.com/arizona-seo-services/,0,7,0.0,52.42857142857143,2
arizona software development company,https://azwebcorp.com/arizona-backend-development/,0,7,0.0,64.14285714285714,2
arizona technology seo firm,https://azwebcorp.com/tech/,0,7,0.0,37.0,2
cheap local seo packages arizona,https://azwebcorp.com/arizona-seo-services/,0,7,0.0,91.28571428571429,2
critical error on wordpress site,https://azwebcorp.com/what-is-critical-error-on-wordpress/,0,7,0.0,70.71428571428571,2
for seo best internal linking plugin,https://azwebcorp.com/2020/07/29/7-best-internal-linking-plugins-for-wordpress-websites/,0,7,0.0,88.85714285714286,2
free 50 instagram followers,https://azwebcorp.com/2020/07/29/free-instagram-followers-hack/,0,7,0.0,88.0,2
phoenix arizona affordable organic seo growth,https://azwebcorp.com/2020/07/29/how-much-does-seo-cost-in-arizona/,0,7,0.0,92.14285714285714,2
phoenix local search engine optimization,https://azwebcorp.com/2025/12/05/phoenix-seo-expert-local-search/,0,7,0.0,89.14285714285714,2
phoenix seo company,https://azwebcorp.com/seo-company-phoenix-az/,0,7,0.0,85.0,2
phoenix seo expert,https://azwebcorp.com/2025/12/05/phoenix-seo-expert-local-search/,0,7,0.0,46.714285714285715,2
seo growth organic arizona,https://azwebcorp.com/arizona-seo-services/,0,7,0.0,69.57142857142857,2
seo solutions phoenix,https://azwebcorp.com/arizona-seo-services/,0,7,0.0,71.71428571428571,2
software wordpress internal linking,https://azwebcorp.com/2020/07/29/7-best-internal-linking-plugins-for-wordpress-websites/,0,7,0.0,95.42857142857143,2
training best internal linking plugin,https://azwebcorp.com/2020/07/29/best-internal-linking-plugins-wordpress/,0,7,0.0,88.28571428571429,2
web hosting arizona,https://azwebcorp.com/,0,7,0.0,80.0,2
seo services arizona,https://azwebcorp.com/,4,6,0.6666666666666666,48.166666666666664,2
affordable organic growth of seo in phoenix arizona,https://azwebcorp.com/arizona-seo-services/,0,6,0.0,45.666666666666664,2
affordable organic seo az,https://azwebcorp.com/2020/07/29/how-much-does-seo-cost-in-arizona/,0,6,0.0,18.333333333333332,2
app development scottsdale,https://azwebcorp.com/frontend-development/,0,6,0.0,60.333333333333336,2
cheap arizona organic seo growth,https://azwebcorp.com/arizona-seo-services/,0,6,0.0,56.833333333333336,2
cheap az organic seo growth,https://azwebcorp.com/arizona-seo-services/,0,6,0.0,93.5,2
hosting package phoenix arizona,https://azwebcorp.com/hosting-domains/,0,6,0.0,85.0,2
hosting package phoenix arizona,https://azwebcorp.com/web-hosting-plus/,0,6,0.0,92.33333333333333,2
hosting package phoenix az,https://azwebcorp.com/hosting-domains/,0,6,0.0,85.5,2
hosting package phoenix az,https://azwebcorp.com/web-hosting-plus/,0,6,0.0,92.0,2
interlink wordpress plugin,https://azwebcorp.com/2020/07/29/best-internal-linking-plugins-wordpress/,0,6,0.0,82.0,2
local guide program,https://azwebcorp.com/contact-us/,0,6,0.0,1.0,2
organic seo growth arizona,https://azwebcorp.com/2020/07/29/how-much-does-seo-cost-in-arizona/,0,6,0.0,84.5,2
phoenix seo plan arizona seo plan,https://azwebcorp.com/arizona-seo-services/,0,6,0.0,84.0,2
scottsdale app development,https://azwebcorp.com/frontend-development/,0,6,0.0,56.0,2
seo growth organic arizona,https://azwebcorp.com/2020/07/29/how-much-does-seo-cost-in-arizona/,0,6,0.0,89.83333333333333,2
tutorial best internal linking plugin,https://azwebcorp.com/2020/07/29/7-best-internal-linking-plugins-for-wordpress-websites/,0,6,0.0,94.33333333333333,2
wordpress development company phoenix,https://azwebcorp.com/arizona-web-development/,0,6,0.0,64.33333333333334,2
get 50 free instagram followers,https://azwebcorp.com/2020/07/29/free-instagram-followers-hack/,2,5,0.4,111.2,2
affordable organic seo growth az,https://azwebcorp.com/arizona-seo-services/,0,5,0.0,79.8,2
arizona mobile app developers,https://azwebcorp.com/,0,5,0.0,1.0,2
az emarketing,https://azwebcorp.com/marketing-automation2/,0,5,0.0,63.4,2
cheap local seo growth az,https://azwebcorp.com/2020/07/29/how-much-does-seo-cost-in-arizona/,0,5,0.0,83.0,2
cheap seo growth organic phoenix,https://azwebcorp.com/2020/07/29/how-much-does-seo-cost-in-arizona/,0,5,0.0,77.0,2
effective cheap organic seo growth phoenix arizona,https://azwebcorp.com/2020/07/29/how-much-does-seo-cost-in-arizona/,0,5,0.0,96.0,2
effective organic cheap seo growth phoenix az,https://azwebcorp.com/arizona-seo-services/,0,5,0.0,57.0,2
for beginners best internal linking plugin,https://azwebcorp.com/2020/07/29/7-best-internal-linking-plugins-for-wordpress-websites/,0,5,0.0,83.4,2
phoenix az cheap effective organic seo growth,https://azwebcorp.com/2020/07/29/how-much-does-seo-cost-in-arizona/,0,5,0.0,86.8,2
phoenix az cheap effective organic seo growth,https://azwebcorp.com/arizona-seo-services/,0,5,0.0,48.0,2
phoenix az organic cheap seo growth,https://azwebcorp.com/arizona-seo-services/,0,5,0.0,95.8,2
phoenix az organic seo for affordable growth,https://azwebcorp.com/2020/07/29/how-much-does-seo-cost-in-arizona/,0,5,0.0,95.4,2
seo tool best internal linking plugin,https://azwebcorp.com/2020/07/29/best-internal-linking-plugins-wordpress/,0,5,0.0,87.6,2
web development consultation phoenix,https://azwebcorp.com/frontend-development/,0,5,0.0,98.4,2
web seo services,https://azwebcorp.com/arizona-seo-services/,0,5,0.0,81.4,2
web seo solutions,https://azwebcorp.com/arizona-seo-services/,0,5,0.0,72.4,2
wordpress design arizona,https://azwebcorp.com/arizona-web-development/,0,5,0.0,100.8,2
wordpress developer phoenix az,https://azwebcorp.com/arizona-web-development/,0,5,0.0,46.0,2
wordpress website design arizona,https://azwebcorp.com/,0,5,0.0,85.2,2
50 free instagram followers,https://azwebcorp.com/2020/07/29/free-instagram-followers-hack-50k-free-that-works-in-2024/,0,4,0.0,154.25,2
affordable organic seo in az,https://azwebcorp.com/arizona-seo-services/,0,4,0.0,91.75,2
app development company in arizona,https://azwebcorp.com/,0,4,0.0,95.75,2
arizona cheap organic growth seo,https://azwebcorp.com/arizona-seo-services/,0,4,0.0,61.5,2
arizona mobile app development,https://azwebcorp.com/,0,4,0.0,4.25,2
arizona organic seo growth,https://azwebcorp.com/2020/07/29/how-much-does-seo-cost-in-arizona/,0,4,0.0,93.0,2
arizona seo package,https://azwebcorp.com/2020/07/29/how-much-does-seo-cost-in-arizona/,0,4,0.0,77.5,2
az cheap organic seo,https://azwebcorp.com/arizona-seo-services/,0,4,0.0,47.25,2
best wordpress plugin for internal linking,https://azwebcorp.com/2020/07/29/7-best-internal-linking-plugins-for-wordpress-websites/,0,4,0.0,83.25,2
cheap local seo growth az,https://azwebcorp.com/arizona-seo-services/,0,4,0.0,65.0,2
cheap seo growth organic phoenix,https://azwebcorp.com/arizona-seo-services/,0,4,0.0,55.0,2
course best internal linking plugin,https://azwebcorp.com/2020/07/29/best-internal-linking-plugins-wordpress/,0,4,0.0,88.75,2
easy best internal linking plugin,https://azwebcorp.com/2020/07/29/7-best-internal-linking-plugins-for-wordpress-websites/,0,4,0.0,91.5,2
easy best internal linking plugin,https://azwebcorp.com/2020/07/29/best-internal-linking-plugins-wordpress/,0,4,0.0,82.25,2
effective affordable organic seo growth az,https://azwebcorp.com/arizona-seo-services/,0,4,0.0,68.25,2
mobile app development arizona,https://azwebcorp.com/,0,4,0.0,1.0,2
mobile development arizona,https://azwebcorp.com/,0,4,0.0,74.75,2
organic cheap seo growth phoenix arizona,https://azwebcorp.com/2020/07/29/how-much-does-seo-cost-in-arizona/,0,4,0.0,95.25,2
peoria arizona website design,https://azwebcorp.com/our-featured-projects/,0,4,0.0,88.5,2
phoenix seo plan arizona seo plan,https://azwebcorp.com/2025/12/05/phoenix-seo-expert-local-search/,0,4,0.0,71.0,2
professional web design in azusa,https://azwebcorp.com/,0,4,0.0,83.5,2
seo affordable organic growth services az,https://azwebcorp.com/,0,4,0.0,36.0,2
seo expert arizona,https://azwebcorp.com/2025/12/05/phoenix-seo-expert-local-search/,0,4,0.0,28.5,2
seo news arizona,https://azwebcorp.com/2025/12/05/phoenix-seo-expert-local-search/,0,4,0.0,38.5,2
tutorial best internal linking plugin,https://azwebcorp.com/2020/07/29/best-internal-linking-plugins-wordpress/,0,4,0.0,89.75,2
wordpress critical error on this website,https://azwebcorp.com/what-is-critical-error-on-wordpress/,0,4,0.0,94.0,2
wordpress developer arizona,https://azwebcorp.com/arizona-web-development/,0,4,0.0,35.5,2
wordpress development phoenix,https://azwebcorp.com/,0,4,0.0,86.0,2
wordpress plugin search internal links,https://azwebcorp.com/2020/07/29/7-best-internal-linking-plugins-for-wordpress-websites/,0,4,0.0,94.25,2
arizona seo services,https://azwebcorp.com/,1,3,0.3333333333333333,61.333333333333336,2
affordable organic seo az,https://azwebcorp.com/arizona-seo-services/,0,3,0.0,65.0,2
affordable organic seo growth in phoenix,https://azwebcorp.com/arizona-seo-services/,0,3,0.0,61.0,2
affordable seo az,https://azwebcorp.com/2020/07/29/how-much-does-seo-cost-in-arizona/,0,3,0.0,38.0,2
app developer near me,https://azwebcorp.com/,0,3,0.0,2.333333333333333,2
app developer near me,https://azwebcorp.com/mobile-app-development-services-arizona/,0,3,0.0,100.66666666666667,2
arizona digital agency,https://azwebcorp.com/,0,3,0.0,34.333333333333336,2
arizona effective growth of organic seo,https://azwebcorp.com/2020/07/29/how-much-does-seo-cost-in-arizona/,0,3,0.0,56.0,2
arizona seo expert,https://azwebcorp.com/2025/12/05/phoenix-seo-expert-local-search/,0,3,0.0,28.333333333333332,2
arizona webdesign,https://azwebcorp.com/arizona-web-development/,0,3,0.0,64.0,2
arizona wordpress theme,https://azwebcorp.com/our-featured-projects/,0,3,0.0,72.33333333333333,2
az freelance website designer,https://azwebcorp.com/,0,3,0.0,72.66666666666667,2
az website development,https://azwebcorp.com/arizona-web-development/,0,3,0.0,95.66666666666667,2
best internal linking wordpress plugins for higher web optimization,https://azwebcorp.com/2020/07/29/best-internal-linking-plugins-wordpress/,0,3,0.0,67.66666666666667,2
cheap organic phoenix az seo growth,https://azwebcorp.com/arizona-seo-services/,0,3,0.0,43.333333333333336,2
cheap organic seo growth in arizona,https://azwebcorp.com/arizona-seo-services/,0,3,0.0,90.33333333333333,2
cheap organic seo growth phoenix,https://azwebcorp.com/2020/07/29/how-much-does-seo-cost-in-arizona/,0,3,0.0,82.0,2
effective cheap organic seo growth phoenix arizona,https://azwebcorp.com/arizona-seo-services/,0,3,0.0,41.666666666666664,2
effective cheap organic seo growth phoenix az,https://azwebcorp.com/2020/07/29/how-much-does-seo-cost-in-arizona/,0,3,0.0,95.66666666666667,2
effective growth of organic seo in arizona,https://azwebcorp.com/2020/07/29/how-much-does-seo-cost-in-arizona/,0,3,0.0,93.0,2
effective organic seo growth in az,https://azwebcorp.com/2020/07/29/how-much-does-seo-cost-in-arizona/,0,3,0.0,83.33333333333333,2
for seo best internal linking plugin,https://azwebcorp.com/2020/07/29/best-internal-linking-plugins-wordpress/,0,3,0.0,94.0,2
for wordpress best internal linking plugin,https://azwebcorp.com/2020/07/29/7-best-internal-linking-plugins-for-wordpress-websites/,0,3,0.0,86.0,2
internal link juicer review,https://azwebcorp.com/2020/07/29/7-best-internal-linking-plugins-for-wordpress-websites/,0,3,0.0,90.66666666666667,2
link whisper vs internal link juicer,https://azwebcorp.com/2020/07/29/7-best-internal-linking-plugins-for-wordpress-websites/,0,3,0.0,98.0,2
link whisper vs internal link juicer,https://azwebcorp.com/2020/07/29/best-internal-linking-plugins-wordpress/,0,3,0.0,80.33333333333333,2
mobile app development company in mohave,https://azwebcorp.com/mobile-app-development-services-arizona/,0,3,0.0,55.0,2
mobile app development company in show low,https://azwebcorp.com/mobile-app-development-services-arizona/,0,3,0.0,26.0,2
organic cheap seo growth phoenix arizona,https://azwebcorp.com/arizona-seo-services/,0,3,0.0,94.0,2
peoria wordpress development,https://azwebcorp.com/arizona-web-development/,0,3,0.0,67.0,2
phoenix az wordpress designer,https://azwebcorp.com/,0,3,0.0,80.33333333333333,2
professional email and cpanel hosting phoenix,https://azwebcorp.com/hire-our-services/,0,3,0.0,98.66666666666667,2
scottsdale web developer,https://azwebcorp.com/frontend-development/,0,3,0.0,43.0,2
seo expert phoenix,https://azwebcorp.com/2025/12/05/phoenix-seo-expert-local-search/,0,3,0.0,50.0,2
seo growth organic az,https://azwebcorp.com/2020/07/29/how-much-does-seo-cost-in-arizona/,0,3,0.0,86.33333333333333,2
seo phoenix az,https://azwebcorp.com/,0,3,0.0,20.333333333333332,2
seoarizona,https://azwebcorp.com/2020/07/29/how-much-does-seo-cost-in-arizona/,0,3,0.0,96.33333333333333,2
software internal linking plugin,https://azwebcorp.com/2020/07/29/7-best-internal-linking-plugins-for-wordpress-websites/,0,3,0.0,85.66666666666667,2
web developer scottsdale,https://azwebcorp.com/,0,3,0.0,69.33333333333333,2
web developer scottsdale,https://azwebcorp.com/frontend-development/,0,3,0.0,50.0,2
web development scottsdale az,https://azwebcorp.com/frontend-development/,0,3,0.0,63.666666666666664,2
web hosting arizona,https://azwebcorp.com/hire-our-services/,0,3,0.0,66.0,2
50 followers free instagram,https://azwebcorp.com/2020/07/29/free-instagram-followers-hack/,0,2,0.0,52.0,2
50 free followers instagram,https://azwebcorp.com/2020/07/29/free-instagram-followers-hack/,0,2,0.0,146.5,2
affordable search engine optimization services,https://azwebcorp.com/arizona-seo-services/,0,2,0.0,68.0,2
affordable seo company phoenix az,https://azwebcorp.com/2020/07/29/how-much-does-seo-cost-in-arizona/,0,2,0.0,70.5,2
affordable seo company scottsdale,https://azwebcorp.com/2020/07/29/how-much-does-seo-cost-in-arizona/,0,2,0.0,79.0,2
affordable seo services in arizona,https://azwebcorp.com/2020/07/29/how-much-does-seo-cost-in-arizona/,0,2,0.0,89.5,2
app companies in arizona,https://azwebcorp.com/,0,2,0.0,67.5,2
app designers near me,https://azwebcorp.com/mobile-app-development-services-arizona/,0,2,0.0,39.0,2
app developers in arizona,https://azwebcorp.com/,0,2,0.0,12.0,2
app developers near me,https://azwebcorp.com/,0,2,0.0,12.5,2
app development in arizona,https://azwebcorp.com/,0,2,0.0,87.0,2
app development services near me,https://azwebcorp.com/,0,2,0.0,51.0,2
arizona marketing and automation solutions,https://azwebcorp.com/workflow-automation-2/,0,2,0.0,69.5,2
az cheap organic seo growth,https://azwebcorp.com/arizona-seo-services/,0,2,0.0,78.0,2
az emarketing,https://azwebcorp.com/arizona-digital-marketing/,0,2,0.0,62.5,2
az seo company,https://azwebcorp.com/,0,2,0.0,1.0,2
az+website+design,https://azwebcorp.com/arizona-web-development/,0,2,0.0,69.5,2
azpweb,https://azwebcorp.com/hire-our-services/,0,2,0.0,7.0,2
azpweb,https://azwebcorp.com/privacy-policy/,0,2,0.0,4.5,2
best best internal linking plugin,https://azwebcorp.com/2020/07/29/7-best-internal-linking-plugins-for-wordpress-websites/,0,2,0.0,86.0,2
cheap organic growth of seo in az,https://azwebcorp.com/arizona-seo-services/,0,2,0.0,77.0,2
cheap seo company az,https://azwebcorp.com/2020/07/29/how-much-does-seo-cost-in-arizona/,0,2,0.0,25.0,2
effective cheap organic seo growth phoenix,https://azwebcorp.com/arizona-seo-services/,0,2,0.0,51.5,2
for wordpress best internal linking plugin,https://azwebcorp.com/2020/07/29/best-internal-linking-plugins-wordpress/,0,2,0.0,76.0,2
internal link juicer review,https://azwebcorp.com/2020/07/29/best-internal-linking-plugins-wordpress/,0,2,0.0,99.5,2
low-cost website development packages for small businesses arizona,https://azwebcorp.com/arizona-web-development/,0,2,0.0,40.0,2
mesa website development company,https://azwebcorp.com/,0,2,0.0,53.0,2
phoenix arizona affordable organic seo growth,https://azwebcorp.com/arizona-seo-services/,0,2,0.0,83.5,2
phoenix search engine optimization services,https://azwebcorp.com/seo-company-phoenix-az/,0,2,0.0,93.0,2
professional web design in azusa,https://azwebcorp.com/arizona-web-development/,0,2,0.0,59.5,2
scottsdale web developer,https://azwebcorp.com/,0,2,0.0,56.5,2
seo and website developers ahwatukee,https://azwebcorp.com/2025/12/05/phoenix-seo-expert-local-search/,0,2,0.0,20.0,2
seo growth organic in arizona,https://azwebcorp.com/2020/07/29/how-much-does-seo-cost-in-arizona/,0,2,0.0,94.5,2
seo growth organic in arizona,https://azwebcorp.com/arizona-seo-services/,0,2,0.0,96.0,2
seo in arizona,https://azwebcorp.com/seo-company-phoenix-az/,0,2,0.0,88.0,2
seo package arizona,https://azwebcorp.com/2020/07/29/how-much-does-seo-cost-in-arizona/,0,2,0.0,79.0,2
seo phoenix az,https://azwebcorp.com/seo-company-phoenix-az/,0,2,0.0,81.5,2
seo project in phoenix az,https://azwebcorp.com/seo-company-phoenix-az/,0,2,0.0,71.5,2
seo project phoenix arizona,https://azwebcorp.com/seo-company-phoenix-az/,0,2,0.0,77.0,2
seo services in phoenix arizona,https://azwebcorp.com/seo-company-phoenix-az/,0,2,0.0,84.5,2
software internal linking plugin,https://azwebcorp.com/2020/07/29/best-internal-linking-plugins-wordpress/,0,2,0.0,93.0,2
software wordpress internal linking,https://azwebcorp.com/2020/07/29/best-internal-linking-plugins-wordpress/,0,2,0.0,93.5,2
there is a critical error in your website wordpress,https://azwebcorp.com/what-is-critical-error-on-wordpress/,0,2,0.0,97.5,2
web developers sedona,https://azwebcorp.com/arizona-web-development/,0,2,0.0,65.0,2
web development usa scottsdale az,https://azwebcorp.com/,0,2,0.0,70.0,2
web development usa scottsdale az,https://azwebcorp.com/frontend-development/,0,2,0.0,51.5,2
website developer scottsdale,https://azwebcorp.com/,0,2,0.0,60.5,2
website development and seo services,https://azwebcorp.com/arizona-seo-services/,0,2,0.0,40.5,2
website+development+arizona,https://azwebcorp.com/arizona-web-development/,0,2,0.0,61.5,2
wordpress design az,https://azwebcorp.com/arizona-web-development/,0,2,0.0,68.0,2
50 followers free instagram,https://azwebcorp.com/2020/07/29/free-instagram-followers-hack-50k-free-that-works-in-2024/,1,1,1.0,132.0,2
app development company near me,https://azwebcorp.com/,1,1,1.0,2.0,2
best seo company in arizona,https://azwebcorp.com/,1,1,1.0,141.0,2
best seo company in chandler,https://azwebcorp.com/,1,1,1.0,81.0,2
digital marketing arizona,https://azwebcorp.com/,1,1,1.0,141.0,2
free instagram followers 50,https://azwebcorp.com/2020/07/29/free-instagram-followers-hack-50k-free-that-works-in-2024/,1,1,1.0,167.0,2
seo company in arizona,https://azwebcorp.com/,1,1,1.0,121.0,2
seo phoenix,https://azwebcorp.com/,1,1,1.0,5.0,2
seo services in arizona,https://azwebcorp.com/,1,1,1.0,5.0,2
50 free followers instagram,https://azwebcorp.com/2020/07/29/free-instagram-followers-hack-50k-free-that-works-in-2024/,0,1,0.0,127.0,2
affordable organic seo growth in phoenix,https://azwebcorp.com/2020/07/29/how-much-does-seo-cost-in-arizona/,0,1,0.0,75.0,2
affordable search engine optimization services,https://azwebcorp.com/2020/07/29/how-much-does-seo-cost-in-arizona/,0,1,0.0,95.0,2
affordable seo az,https://azwebcorp.com/arizona-seo-services/,0,1,0.0,61.0,2
affordable seo organic growth phoenix,https://azwebcorp.com/2020/07/29/how-much-does-seo-cost-in-arizona/,0,1,0.0,93.0,2
app designers near me,https://azwebcorp.com/,0,1,0.0,6.0,2
app development companies in arizona,https://azwebcorp.com/,0,1,0.0,96.0,2
arizona local seo,https://azwebcorp.com/2025/12/05/phoenix-seo-expert-local-search/,0,1,0.0,38.0,2
arizona search engine optimization,https://azwebcorp.com/2025/12/05/phoenix-seo-expert-local-search/,0,1,0.0,28.0,2
arizona seo service,https://azwebcorp.com/,0,1,0.0,2.0,2
arizona web design agency,https://azwebcorp.com/our-featured-projects/,0,1,0.0,72.0,2
arizona web hosting company,https://azwebcorp.com/,0,1,0.0,48.0,2
arizona web hosting company,https://azwebcorp.com/hire-our-services/,0,1,0.0,82.0,2
arizona website design company,https://azwebcorp.com/arizona-web-development/,0,1,0.0,72.0,2
arizona wordpress theme,https://azwebcorp.com/arizona-web-development/,0,1,0.0,69.0,2
az seo expert,https://azwebcorp.com/2025/12/05/phoenix-seo-expert-local-search/,0,1,0.0,10.0,2
az seo optimization services,https://azwebcorp.com/,0,1,0.0,2.0,2
az web designers,https://azwebcorp.com/arizona-web-development/,0,1,0.0,77.0,2
best best internal linking plugin,https://azwebcorp.com/2020/07/29/best-internal-linking-plugins-wordpress/,0,1,0.0,91.0,2
best seo services in tempe,https://azwebcorp.com/,0,1,0.0,52.0,2
best wordpress internal linking,https://azwebcorp.com/2020/07/29/best-internal-linking-plugins-wordpress/,0,1,0.0,61.0,2
cheap effective organic seo growth az,https://azwebcorp.com/arizona-seo-services/,0,1,0.0,68.0,2
cheap organic seo growth in az,https://azwebcorp.com/arizona-seo-services/,0,1,0.0,51.0,2
cheap organic seo growth phoenix,https://azwebcorp.com/arizona-seo-services/,0,1,0.0,45.0,2
cheap organic seo packages az,https://azwebcorp.com/arizona-seo-services/,0,1,0.0,93.0,2
cheap organic seo packages phoenix az,https://azwebcorp.com/arizona-seo-services/,0,1,0.0,95.0,2
cheap seo company az,https://azwebcorp.com/arizona-seo-services/,0,1,0.0,67.0,2
cheap website hosting phoenix az,https://azwebcorp.com/hosting-domains/,0,1,0.0,89.0,2
cheap website hosting phoenix az,https://azwebcorp.com/web-hosting-plus/,0,1,0.0,99.0,2
effective cheap organic seo growth az,https://azwebcorp.com/arizona-seo-services/,0,1,0.0,12.0,2
effective cheap organic seo growth phoenix,https://azwebcorp.com/2020/07/29/how-much-does-seo-cost-in-arizona/,0,1,0.0,97.0,2
effective cheap organic seo growth phoenix az,https://azwebcorp.com/arizona-seo-services/,0,1,0.0,40.0,2
effective growth of organic seo in arizona,https://azwebcorp.com/arizona-seo-services/,0,1,0.0,85.0,2
effective organic seo growth in az,https://azwebcorp.com/arizona-seo-services/,0,1,0.0,54.0,2
expert search engine optimization in phoenix,https://azwebcorp.com/arizona-seo-services/,0,1,0.0,98.0,2
for beginners best internal linking plugin,https://azwebcorp.com/2020/07/29/best-internal-linking-plugins-wordpress/,0,1,0.0,99.0,2
for beginners internal linking plugin,https://azwebcorp.com/2020/07/29/best-internal-linking-plugins-wordpress/,0,1,0.0,102.0,2
free 50 instagram followers,https://azwebcorp.com/2020/07/29/free-instagram-followers-hack-50k-free-that-works-in-2024/,0,1,0.0,131.0,2
get 50 free instagram followers,https://azwebcorp.com/2020/07/29/free-instagram-followers-hack-50k-free-that-works-in-2024/,0,1,0.0,158.0,2
growth of organic seo arizona,https://azwebcorp.com/arizona-seo-services/,0,1,0.0,97.0,2
mesa website development company,https://azwebcorp.com/arizona-web-development/,0,1,0.0,86.0,2
mesa website development services,https://azwebcorp.com/arizona-web-development/,0,1,0.0,98.0,2
mobile app development company in arizona,https://azwebcorp.com/,0,1,0.0,1.0,2
mobile app development company in show low,https://azwebcorp.com/,0,1,0.0,14.0,2
national seo packages arizona,https://azwebcorp.com/arizona-seo-services/,0,1,0.0,59.0,2
organic cheap seo growth phoenix az,https://azwebcorp.com/arizona-seo-services/,0,1,0.0,98.0,2
organic seo effective growth arizona,https://azwebcorp.com/arizona-seo-services/,0,1,0.0,89.0,2
peoria az web design,https://azwebcorp.com/our-featured-projects/,0,1,0.0,92.0,2
peoria wordpress development,https://azwebcorp.com/,0,1,0.0,89.0,2
phoenix arizona local search optimization,https://azwebcorp.com/arizona-seo-services/,0,1,0.0,90.0,2
phoenix az organic seo for affordable growth,https://azwebcorp.com/arizona-seo-services/,0,1,0.0,41.0,2
phoenix az wordpress development company,https://azwebcorp.com/arizona-web-development/,0,1,0.0,73.0,2
phoenix local search engine optimization,https://azwebcorp.com/arizona-seo-services/,0,1,0.0,96.0,2
phoenix seo company,https://azwebcorp.com/2025/12/05/phoenix-seo-expert-local-search/,0,1,0.0,12.0,2
professional email and cpanel hosting phoenix,https://azwebcorp.com/web-hosting/,0,1,0.0,97.0,2
scottsdale app developers,https://azwebcorp.com/frontend-development/,0,1,0.0,48.0,2
search engine optimization arizona phoenix,https://azwebcorp.com/seo-company-phoenix-az/,0,1,0.0,91.0,2
seo agency arizona,https://azwebcorp.com/,0,1,0.0,1.0,2
seo agency in arizona,https://azwebcorp.com/,0,1,0.0,161.0,2
seo cheap organic growth arizona,https://azwebcorp.com/,0,1,0.0,40.0,2
seo company phoenix az,https://azwebcorp.com/arizona-seo-services/,0,1,0.0,92.0,2
seo company phoenix az,https://azwebcorp.com/seo-company-phoenix-az/,0,1,0.0,84.0,2
seo in tempe,https://azwebcorp.com/2025/12/05/phoenix-seo-expert-local-search/,0,1,0.0,86.0,2
seo mesa az,https://azwebcorp.com/,0,1,0.0,1.0,2
seo news arizona,https://azwebcorp.com/2020/07/29/how-much-does-seo-cost-in-arizona/,0,1,0.0,28.0,2
seo phoenix,https://azwebcorp.com/contact-us/,0,1,0.0,5.0,2
seo projects arizona,https://azwebcorp.com/2020/07/29/how-much-does-seo-cost-in-arizona/,0,1,0.0,56.0,2
seo solutions phoenix,https://azwebcorp.com/seo-company-phoenix-az/,0,1,0.0,75.0,2
tool best internal linking plugin,https://azwebcorp.com/2020/07/29/best-internal-linking-plugins-wordpress/,0,1,0.0,65.0,2
tool internal linking plugin,https://azwebcorp.com/2020/07/29/best-internal-linking-plugins-wordpress/,0,1,0.0,96.0,2
tool wordpress internal linking,https://azwebcorp.com/2020/07/29/7-best-internal-linking-plugins-for-wordpress-websites/,0,1,0.0,93.0,2
tool wordpress internal linking,https://azwebcorp.com/2020/07/29/best-internal-linking-plugins-wordpress/,0,1,0.0,88.0,2
web designer,https://azwebcorp.com/contact-us/,0,1,0.0,6.0,2
web designers near me,https://azwebcorp.com/contact-us/,0,1,0.0,1.0,2
web development agency scottsdale,https://azwebcorp.com/frontend-development/,0,1,0.0,87.0,2
web development company arizona,https://azwebcorp.com/mobile-app-development-services-arizona/,0,1,0.0,88.0,2
web development flagstaff az,https://azwebcorp.com/frontend-development/,0,1,0.0,80.0,2
web development services,https://azwebcorp.com/contact-us/,0,1,0.0,2.0,2
web seo services,https://azwebcorp.com/,0,1,0.0,2.0,2
website developer scottsdale,https://azwebcorp.com/frontend-development/,0,1,0.0,90.0,2
website development company in arizona,https://azwebcorp.com/arizona-web-development/,0,1,0.0,100.0,2
wordpress design arizona,https://azwebcorp.com/,0,1,0.0,219.0,2
wordpress design az,https://azwebcorp.com/,0,1,0.0,102.0,2
wordpress developer arizona,https://azwebcorp.com/,0,1,0.0,50.0,2
wordpress developer for small business phoenix,https://azwebcorp.com/,0,1,0.0,73.0,2
wordpress development company phoenix,https://azwebcorp.com/,0,1,0.0,59.0,2
wordpress internal link suggestion,https://azwebcorp.com/2020/07/29/7-best-internal-linking-plugins-for-wordpress-websites/,0,1,0.0,93.0,2
wordpress seo phoenix,https://azwebcorp.com/2025/12/05/phoenix-seo-expert-local-search/,0,1,0.0,73.0,2
wordpress seo phoenix,https://azwebcorp.com/arizona-seo-services/,0,1,0.0,69.0,2
wordpress web designer phoenix,https://azwebcorp.com/,0,1,0.0,102.0,2
wordpress web designer phoenix,https://azwebcorp.com/arizona-web-development/,0,1,0.0,78.0,2
wordpress web designer tempe,https://azwebcorp.com/,0,1,0.0,91.0,2
wordpress web designer tempe,https://azwebcorp.com/arizona-web-development/,0,1,0.0,77.0,2
