query,country,clicks,impressions,ctr,position
arizona web development gilbert,usa,21,67,0.31343283582089554,1.3582089552238805
arizona web company,usa,12,429,0.027972027972027972,7.4825174825174825
web design gilbert,usa,12,390,0.03076923076923077,76.05641025641026
arizona web development,usa,9,1657,0.005431502715751358,12.413397706698854
azwebcorp,pak,6,9,0.6666666666666666,1.0
arizona web development gilbert,can,5,6,0.8333333333333334,1.0
arizona web development gilbert,pak,5,13,0.38461538461538464,1.0769230769230769
seo services arizona,usa,4,1189,0.00336417157275021,76.83936080740118
arizona web development gilbert,deu,3,4,0.75,1.25
arizona web development gilbert,nld,3,7,0.42857142857142855,1.0
web design gilbert az,usa,3,358,0.008379888268156424,32.8072625698324
arizona backend development,deu,2,2,1.0,4.0
arizona web development,nld,2,3,0.6666666666666666,5.0
arizona web development gilbert,gbr,2,2,1.0,1.5
seo company in arizona,ind,2,9,0.2222222222222222,82.77777777777777
seo service near me,usa,2,2,1.0,1.0
seo services gilbert az,usa,2,5,0.4,27.6
web design near me,usa,2,3,0.6666666666666666,7.666666666666667
web designers near me,usa,2,34,0.058823529411764705,21.029411764705884
website development arizona,usa,2,635,0.0031496062992125984,28.269291338582676
50 followers free instagram,alb,1,1,1.0,132.0
50 free instagram followers,arg,1,1,1.0,110.0
50 free instagram followers,gbr,1,3,0.3333333333333333,90.33333333333333
50 free instagram followers,ita,1,2,0.5,134.5
50 free instagram followers,usa,1,23,0.043478260869565216,90.91304347826087
app development company near me,usa,1,36,0.027777777777777776,70.72222222222223
arizona backend development,nld,1,3,0.3333333333333333,3.0
arizona backend development,pak,1,2,0.5,5.0
arizona backend development,usa,1,363,0.0027548209366391185,13.449035812672177
arizona frontend development,deu,1,1,1.0,13.0
arizona frontend development,usa,1,295,0.003389830508474576,14.36271186440678
arizona seo agency,usa,1,1144,0.0008741258741258741,79.91258741258741
arizona seo services,usa,1,843,0.0011862396204033216,61.7520759193357
arizona web,mar,1,2,0.5,6.0
arizona web,usa,1,276,0.0036231884057971015,14.231884057971014
arizona web company,irn,1,1,1.0,2.0
arizona web developer,irn,1,3,0.3333333333333333,8.666666666666668
arizona web developer,usa,1,920,0.0010869565217391304,17.139130434782608
arizona web development,aut,1,3,0.3333333333333333,4.333333333333334
arizona web development,deu,1,9,0.1111111111111111,4.666666666666666
arizona web development gilbert,aut,1,2,0.5,1.0
arizona web development gilbert,irn,1,2,0.5,1.0
arizona web development gilbert,ita,1,1,1.0,1.0
arizona web development gilbert,jpn,1,1,1.0,1.0
az web design,usa,1,2100,0.0004761904761904762,48.39190476190476
azwebcorp,can,1,1,1.0,1.0
azwebcorp,deu,1,1,1.0,1.0
best seo company in arizona,ind,1,1,1.0,141.0
best seo company in chandler,ind,1,2,0.5,89.5
best seo company in gilbert,ind,1,2,0.5,41.0
build a website near me,usa,1,1,1.0,1.0
digital marketing arizona,usa,1,80,0.0125,88.2
digital marketing gilbert,usa,1,1,1.0,54.0
free followers instagram 50k,ind,1,2,0.5,68.0
free instagram followers 50,pak,1,5,0.2,101.6
free instagram followers 50,zaf,1,1,1.0,167.0
free instagram followers hack,bel,1,1,1.0,21.0
get 50 free instagram followers,alb,1,1,1.0,118.0
get 50 free instagram followers,ben,1,1,1.0,111.0
get free 50 followers instagram,idn,1,1,1.0,111.0
get free 50 instagram followers,jpn,1,1,1.0,99.0
insta free 50 followers,lka,1,2,0.5,109.5
phoenix web design,usa,1,1,1.0,14.0
seo company in phoenix arizona,usa,1,3,0.3333333333333333,67.0
seo company phoenix,usa,1,1,1.0,35.0
seo gilbert,usa,1,1,1.0,8.0
seo gilbert az,usa,1,7,0.14285714285714285,13.428571428571429
seo in gilbert,usa,1,2,0.5,3.5
seo near me,usa,1,1,1.0,1.0
seo phoenix,usa,1,1,1.0,5.0
seo services gilbert,usa,1,2,0.5,1.0
seo services gilbert az,irn,1,3,0.3333333333333333,9.666666666666666
seo services in arizona,usa,1,310,0.0032258064516129032,75.39677419354838
software development agency near me,usa,1,2,0.5,1.0
takipcigir 50k free followers,ind,1,4,0.25,17.0
web design,usa,1,5,0.2,2.8
web design arizona,rus,1,32,0.03125,64.40625
web design arizona,usa,1,1324,0.0007552870090634441,57.06570996978852
web design gilbert,rus,1,1,1.0,11.0
web design gilbert az,deu,1,3,0.3333333333333333,1.0
web design phoenix az,usa,1,1,1.0,56.0
web designer,usa,1,10,0.1,8.7
web designer arizona,usa,1,450,0.0022222222222222222,56.53777777777778
web designer gilbert,usa,1,2,0.5,2.5
web designers arizona,deu,1,1,1.0,5.0
web designers gilbert,usa,1,205,0.004878048780487805,50.95609756097561
web developer,usa,1,34,0.029411764705882353,7.4411764705882355
web developer arizona,usa,1,566,0.0017667844522968198,19.886925795053003
web developer phoenix az,usa,1,410,0.0024390243902439024,33.38292682926829
web development arizona,deu,1,5,0.2,11.8
web development arizona,usa,1,1539,0.000649772579597141,12.452891487979207
web development company in arizona,usa,1,232,0.004310344827586207,15.956896551724139
web development phoenix arizona,usa,1,795,0.0012578616352201257,27.67924528301887
website and app development near me,usa,1,1,1.0,1.0
website design gilbert arizona,lux,1,1,1.0,2.0
website development arizona,nld,1,2,0.5,21.0
where to find web developers,usa,1,1,1.0,1.0
"""workflow automation""",usa,0,1,0.0,37.0
"""workflow automation"" intitle:expert",usa,0,3,0.0,11.666666666666666
#webdevelopers,usa,0,1,0.0,6.0
'wordpress critical error',usa,0,7,0.0,62.42857142857143
+web +development +company,usa,0,1,0.0,104.0
2010 e university dr + seo company,usa,0,10,0.0,36.3
2025 best internal linking plugin,pak,0,1,0.0,83.0
24 hour businesses near me open now,usa,0,1,0.0,11.0
24 hour companies near me,usa,0,1,0.0,14.0
50 followers free,ind,0,7,0.0,58.142857142857146
50 followers free,tur,0,1,0.0,49.0
50 followers free,usa,0,1,0.0,54.0
50 followers free instagram,usa,0,2,0.0,52.0
50 followers on instagram free,gbr,0,1,0.0,57.0
50 free followers,bgd,0,1,0.0,126.0
50 free followers,ind,0,1,0.0,43.0
50 free followers,usa,0,1,0.0,145.0
50 free followers instagram,omn,0,1,0.0,166.0
50 free followers instagram,usa,0,1,0.0,127.0
50 free followers instagram,xkk,0,1,0.0,127.0
50 free ig followers,usa,0,1,0.0,102.0
50 free insta followers,gbr,0,2,0.0,52.0
50 free instagram followers,can,0,2,0.0,161.0
50 free instagram followers,che,0,1,0.0,72.0
50 free instagram followers,dnk,0,1,0.0,61.0
50 free instagram followers,ind,0,1,0.0,67.0
50 free instagram followers,ken,0,2,0.0,117.0
50 free instagram followers,mkd,0,1,0.0,101.0
50 free instagram followers,omn,0,1,0.0,119.0
50 free instagram followers,pak,0,1,0.0,102.0
50 free instagram followers,phl,0,1,0.0,112.0
50 free instagram followers,zaf,0,3,0.0,97.33333333333333
50 instagram followers free,nic,0,1,0.0,132.0
50k followers free instagram,usa,0,1,0.0,50.0
50k free followers,ind,0,1,0.0,95.0
a web co,usa,0,9,0.0,72.0
a z digital marketing,bra,0,8,0.0,58.0
a z digital marketing,can,0,1,0.0,50.0
a z digital marketing,col,0,1,0.0,55.0
a z digital marketing,cpv,0,1,0.0,53.0
a z digital marketing,dza,0,1,0.0,54.0
a z digital marketing,esp,0,1,0.0,52.0
a z digital marketing,gbr,0,2,0.0,63.0
a z digital marketing,ind,0,3,0.0,56.333333333333336
a z digital marketing,kaz,0,2,0.0,55.5
a z digital marketing,ken,0,1,0.0,54.0
a z digital marketing,kor,0,5,0.0,57.2
a z digital marketing,lbn,0,1,0.0,54.0
a z digital marketing,mkd,0,1,0.0,48.0
a z digital marketing,mwi,0,1,0.0,75.0
a z digital marketing,nld,0,1,0.0,55.0
a z digital marketing,per,0,1,0.0,50.0
a z digital marketing,phl,0,3,0.0,58.666666666666664
a z digital marketing,prt,0,1,0.0,48.0
a z digital marketing,rou,0,1,0.0,51.0
a z digital marketing,rus,0,5,0.0,58.2
a z digital marketing,sau,0,1,0.0,53.0
a z digital marketing,tur,0,1,0.0,57.0
a z digital marketing,usa,0,22,0.0,56.40909090909091
a z digital marketing,zzz,0,1,0.0,55.0
a-z digital marketing,arg,0,1,0.0,78.0
a-z digital marketing,arm,0,1,0.0,76.0
a-z digital marketing,aus,0,1,0.0,56.0
a-z digital marketing,bra,0,6,0.0,67.16666666666667
a-z digital marketing,can,0,2,0.0,50.0
a-z digital marketing,gbr,0,4,0.0,51.5
a-z digital marketing,idn,0,1,0.0,52.0
a-z digital marketing,ind,0,2,0.0,55.0
a-z digital marketing,jpn,0,1,0.0,49.0
a-z digital marketing,ken,0,1,0.0,51.0
a-z digital marketing,khm,0,1,0.0,54.0
a-z digital marketing,kor,0,4,0.0,59.25
a-z digital marketing,mar,0,2,0.0,60.0
a-z digital marketing,mda,0,1,0.0,78.0
a-z digital marketing,pol,0,1,0.0,49.0
a-z digital marketing,pri,0,1,0.0,52.0
a-z digital marketing,pry,0,1,0.0,50.0
a-z digital marketing,rus,0,2,0.0,66.5
a-z digital marketing,tur,0,2,0.0,56.5
a-z digital marketing,ukr,0,1,0.0,58.0
a-z digital marketing,usa,0,26,0.0,53.73076923076923
a-z digital marketing,uzb,0,1,0.0,51.0
a-z digital marketing,ven,0,1,0.0,52.0
a-z digital marketing,vnm,0,2,0.0,53.0
a-z websites,ind,0,1,0.0,30.0
a-z websites,usa,0,4,0.0,39.25
a-z websites,vnm,0,1,0.0,43.0
ab web,usa,0,1,0.0,82.0
ab web developers,usa,0,10,0.0,65.9
aba workflow automation,usa,0,1,0.0,85.0
accountant web design tempe,usa,0,1,0.0,90.0
accounting web design gilbert,usa,0,8,0.0,86.75
adding anchor text seo company wordpress theme,usa,0,6,0.0,74.0
adult seo services in arizona,usa,0,43,0.0,72.09302325581395
adult web developer,usa,0,1,0.0,12.0
adult web development,usa,0,1,0.0,3.0
affordable arizona organic seo growth,usa,0,291,0.0,42.233676975945016
affordable local seo packages arizona,ita,0,1,0.0,93.0
affordable local seo packages arizona,jpn,0,1,0.0,95.0
affordable local seo packages arizona,usa,0,5,0.0,94.4
affordable local seo services in phoenix,usa,0,1,0.0,81.0
affordable mesa seo company,bra,0,6,0.0,75.5
affordable mesa seo company,cod,0,1,0.0,78.0
affordable mesa seo company,gbr,0,2,0.0,60.0
affordable mesa seo company,ind,0,1,0.0,80.0
affordable mesa seo company,jpn,0,1,0.0,95.0
affordable mesa seo company,rus,0,1,0.0,92.0
affordable mesa seo company,usa,0,30,0.0,77.7
affordable mesa seo company,vnm,0,1,0.0,79.0
affordable national seo packages phoenix az,usa,0,46,0.0,59.73913043478261
affordable organic growth of seo in phoenix,usa,0,5,0.0,52.8
affordable organic growth of seo in phoenix arizona,usa,0,24,0.0,82.33333333333333
affordable organic seo arizona,usa,0,1,0.0,87.0
affordable organic seo az,usa,0,7,0.0,25.142857142857142
affordable organic seo growth az,can,0,1,0.0,91.0
affordable organic seo growth az,ind,0,1,0.0,86.0
affordable organic seo growth az,jam,0,1,0.0,33.0
affordable organic seo growth az,rou,0,1,0.0,98.0
affordable organic seo growth az,usa,0,98,0.0,68.01020408163265
affordable organic seo growth in az,usa,0,99,0.0,55.343434343434346
affordable organic seo growth in phoenix,usa,0,4,0.0,64.5
affordable organic seo growth in phoenix arizona,usa,0,15,0.0,79.4
affordable organic seo growth phoenix,usa,0,1,0.0,91.0
affordable organic seo growth phoenix az,usa,0,17,0.0,90.76470588235294
affordable organic seo in az,usa,0,12,0.0,23.083333333333332
affordable search engine optimization services,usa,0,3,0.0,77.0
affordable seo agency near me,usa,0,7,0.0,38.0
affordable seo az,esp,0,1,0.0,29.0
affordable seo az,gbr,0,1,0.0,56.0
affordable seo az,usa,0,2,0.0,45.0
affordable seo company ahwatukee,usa,0,117,0.0,25.247863247863247
affordable seo company phoenix,arg,0,1,0.0,46.0
affordable seo company phoenix,bra,0,3,0.0,78.66666666666667
affordable seo company phoenix,kor,0,1,0.0,66.0
affordable seo company phoenix,mar,0,1,0.0,79.0
affordable seo company phoenix,usa,0,263,0.0,53.06463878326996
affordable seo company phoenix az,usa,0,30,0.0,30.8
affordable seo company scottsdale,are,0,2,0.0,91.0
affordable seo company scottsdale,arg,0,1,0.0,76.0
affordable seo company scottsdale,aus,0,2,0.0,76.0
affordable seo company scottsdale,bgd,0,2,0.0,83.5
affordable seo company scottsdale,bhs,0,1,0.0,89.0
affordable seo company scottsdale,blr,0,2,0.0,86.5
affordable seo company scottsdale,bol,0,1,0.0,83.0
affordable seo company scottsdale,bra,0,14,0.0,76.42857142857143
affordable seo company scottsdale,brb,0,1,0.0,100.0
affordable seo company scottsdale,can,0,7,0.0,79.71428571428571
affordable seo company scottsdale,col,0,1,0.0,63.0
affordable seo company scottsdale,deu,0,4,0.0,83.75
affordable seo company scottsdale,dnk,0,1,0.0,80.0
affordable seo company scottsdale,dom,0,2,0.0,73.5
affordable seo company scottsdale,dza,0,1,0.0,65.0
affordable seo company scottsdale,egy,0,3,0.0,80.0
affordable seo company scottsdale,esp,0,2,0.0,76.0
affordable seo company scottsdale,est,0,1,0.0,85.0
affordable seo company scottsdale,fra,0,2,0.0,88.5
affordable seo company scottsdale,gbr,0,19,0.0,81.57894736842105
affordable seo company scottsdale,grc,0,1,0.0,76.0
affordable seo company scottsdale,hnd,0,1,0.0,71.0
affordable seo company scottsdale,idn,0,3,0.0,76.66666666666667
affordable seo company scottsdale,ind,0,13,0.0,81.6923076923077
affordable seo company scottsdale,jam,0,1,0.0,76.0
affordable seo company scottsdale,kaz,0,2,0.0,79.0
affordable seo company scottsdale,mar,0,3,0.0,61.0
affordable seo company scottsdale,mdv,0,1,0.0,68.0
affordable seo company scottsdale,mex,0,5,0.0,76.8
affordable seo company scottsdale,mng,0,1,0.0,78.0
affordable seo company scottsdale,mys,0,4,0.0,73.25
affordable seo company scottsdale,nor,0,1,0.0,66.0
affordable seo company scottsdale,omn,0,1,0.0,83.0
affordable seo company scottsdale,per,0,2,0.0,71.5
affordable seo company scottsdale,phl,0,1,0.0,76.0
affordable seo company scottsdale,pry,0,2,0.0,59.5
affordable seo company scottsdale,rus,0,11,0.0,80.18181818181819
affordable seo company scottsdale,sau,0,1,0.0,74.0
affordable seo company scottsdale,slv,0,1,0.0,71.0
affordable seo company scottsdale,svk,0,1,0.0,43.0
affordable seo company scottsdale,swe,0,2,0.0,86.5
affordable seo company scottsdale,tha,0,2,0.0,86.5
affordable seo company scottsdale,tto,0,1,0.0,70.0
affordable seo company scottsdale,tur,0,4,0.0,83.75
affordable seo company scottsdale,twn,0,1,0.0,80.0
affordable seo company scottsdale,ukr,0,2,0.0,76.5
affordable seo company scottsdale,ury,0,1,0.0,74.0
affordable seo company scottsdale,usa,0,484,0.0,83.99173553719008
affordable seo company scottsdale,vnm,0,11,0.0,80.0909090909091
affordable seo company scottsdale,zaf,0,1,0.0,66.0
affordable seo company scottsdale,zzz,0,1,0.0,85.0
affordable seo company sedona‎,usa,0,1,0.0,16.0
affordable seo growth phoenix,esp,0,1,0.0,27.0
affordable seo growth phoenix,usa,0,14,0.0,37.714285714285715
affordable seo organic growth az,usa,0,78,0.0,53.52564102564103
affordable seo organic growth phoenix,usa,0,18,0.0,49.44444444444444
affordable seo packages az,bra,0,1,0.0,41.0
affordable seo packages az,can,0,1,0.0,83.0
affordable seo packages az,ecu,0,1,0.0,97.0
affordable seo packages az,rou,0,1,0.0,14.0
affordable seo packages az,usa,0,25,0.0,62.16
affordable seo packages phoenix,are,0,1,0.0,97.0
affordable seo packages phoenix,arg,0,1,0.0,102.0
affordable seo packages phoenix,bra,0,10,0.0,99.5
affordable seo packages phoenix,can,0,1,0.0,91.0
affordable seo packages phoenix,col,0,1,0.0,103.0
affordable seo packages phoenix,irq,0,1,0.0,93.0
affordable seo packages phoenix,mys,0,1,0.0,97.0
affordable seo packages phoenix,rus,0,1,0.0,103.0
affordable seo packages phoenix,usa,0,41,0.0,97.17073170731707
affordable seo packages phoenix,vnm,0,2,0.0,97.0
affordable seo phoenix,arg,0,1,0.0,87.0
affordable seo phoenix,bra,0,1,0.0,73.0
affordable seo phoenix,gbr,0,1,0.0,75.0
affordable seo phoenix,idn,0,1,0.0,46.0
affordable seo phoenix,phl,0,1,0.0,84.0
affordable seo phoenix,rus,0,3,0.0,77.66666666666667
affordable seo phoenix,usa,0,23,0.0,50.43478260869565
affordable seo phoenix az,usa,0,28,0.0,43.285714285714285
affordable seo phoenix solutions,usa,0,3,0.0,96.33333333333333
affordable seo scottsdale,arg,0,1,0.0,94.0
affordable seo scottsdale,aus,0,2,0.0,93.0
affordable seo scottsdale,bgr,0,1,0.0,83.0
affordable seo scottsdale,blr,0,1,0.0,86.0
affordable seo scottsdale,bra,0,31,0.0,84.45161290322581
affordable seo scottsdale,can,0,2,0.0,83.5
affordable seo scottsdale,col,0,2,0.0,86.5
affordable seo scottsdale,cri,0,1,0.0,84.0
affordable seo scottsdale,deu,0,1,0.0,85.0
affordable seo scottsdale,dza,0,1,0.0,94.0
affordable seo scottsdale,ecu,0,1,0.0,99.0
affordable seo scottsdale,esp,0,1,0.0,77.0
affordable seo scottsdale,fra,0,2,0.0,86.0
affordable seo scottsdale,gbr,0,5,0.0,87.2
affordable seo scottsdale,hnd,0,1,0.0,95.0
affordable seo scottsdale,idn,0,1,0.0,86.0
affordable seo scottsdale,ind,0,8,0.0,90.625
affordable seo scottsdale,isr,0,1,0.0,85.0
affordable seo scottsdale,ita,0,3,0.0,87.0
affordable seo scottsdale,jor,0,1,0.0,86.0
affordable seo scottsdale,jpn,0,1,0.0,92.0
affordable seo scottsdale,kaz,0,1,0.0,80.0
affordable seo scottsdale,ken,0,2,0.0,88.5
affordable seo scottsdale,khm,0,1,0.0,88.0
affordable seo scottsdale,kor,0,6,0.0,88.33333333333333
affordable seo scottsdale,mar,0,2,0.0,89.5
affordable seo scottsdale,mkd,0,1,0.0,91.0
affordable seo scottsdale,mng,0,1,0.0,101.0
affordable seo scottsdale,mys,0,1,0.0,100.0
affordable seo scottsdale,phl,0,1,0.0,87.0
affordable seo scottsdale,prt,0,1,0.0,92.0
affordable seo scottsdale,rus,0,8,0.0,86.125
affordable seo scottsdale,tgo,0,1,0.0,83.0
affordable seo scottsdale,tha,0,1,0.0,89.0
affordable seo scottsdale,tur,0,2,0.0,91.5
affordable seo scottsdale,tza,0,1,0.0,96.0
affordable seo scottsdale,ukr,0,2,0.0,91.5
affordable seo scottsdale,usa,0,85,0.0,87.81176470588235
affordable seo scottsdale,uzb,0,1,0.0,50.0
affordable seo scottsdale,vnm,0,2,0.0,90.5
affordable seo scottsdale,zaf,0,2,0.0,88.5
affordable seo scottsdale,zzz,0,1,0.0,97.0
affordable seo service az,usa,0,1,0.0,21.0
affordable seo service in phoenix,usa,0,1,0.0,63.0
affordable seo service phoenix,usa,0,2,0.0,92.5
affordable seo services company near me,usa,0,1,0.0,10.0
affordable seo services in arizona,bra,0,1,0.0,101.0
affordable seo services in arizona,deu,0,2,0.0,85.5
affordable seo services in arizona,hun,0,1,0.0,91.0
affordable seo services in arizona,isr,0,1,0.0,72.0
affordable seo services in arizona,ita,0,1,0.0,99.0
affordable seo services in arizona,mys,0,1,0.0,92.0
affordable seo services in phoenix,mar,0,1,0.0,83.0
affordable seo services in phoenix,usa,0,10,0.0,91.2
affordable seo services phoenix,usa,0,31,0.0,48.61290322580645
affordable seo services phoenix az,usa,0,99,0.0,33.97979797979798
affordable seo services sun city,usa,0,1,0.0,37.0
affordable seo solution phoenix,usa,0,65,0.0,43.815384615384616
affordable seo solutions for any businesses az,usa,0,417,0.0,36.18705035971223
affordable seo solutions for business phoenix,usa,0,21,0.0,51.61904761904762
affordable seo solutions in phoenix,usa,0,30,0.0,41.5
affordable seo solutions phoenix,usa,0,72,0.0,42.625
affordable seo solutions phoenix arizona,usa,0,229,0.0,36.275109170305676
affordable seo solutions phoenix az,usa,0,216,0.0,31.194444444444443
affordable web design and development services scottsdale,bra,0,14,0.0,92.92857142857143
affordable web design and development services scottsdale,ind,0,1,0.0,91.0
affordable web design and development services scottsdale,ltu,0,1,0.0,95.0
affordable web design and development services scottsdale,qat,0,1,0.0,95.0
affordable web design and development services scottsdale,rus,0,2,0.0,93.5
affordable web design and development services scottsdale,usa,0,32,0.0,86.65625
affordable web design and development services scottsdale,vnm,0,1,0.0,99.0
affordable web design az,gbr,0,2,0.0,62.5
affordable web design az,usa,0,24,0.0,63.291666666666664
affordable web designers gilbert,usa,0,98,0.0,47.295918367346935
affordable web development gilbert,usa,0,121,0.0,1.7520661157024793
affordable web development mesa,usa,0,41,0.0,8.682926829268293
affordable website packages,usa,0,1,0.0,1.0
agencies specializing in backend and frontend web services,usa,0,1,0.0,5.0
ai automation (a-z),usa,0,2,0.0,36.0
ai-powered best internal linking plugin,rus,0,1,0.0,66.0
ai-powered best internal linking plugin,usa,0,1,0.0,68.0
"allintitle:why ""workflow automation""",usa,0,1,0.0,4.0
altamonte springs seo services,usa,0,16,0.0,55.75
and seo services,usa,0,7,0.0,85.42857142857143
android app development company arizona,bra,0,9,0.0,51.0
android app development company arizona,deu,0,1,0.0,42.0
android app development company arizona,gbr,0,2,0.0,48.0
android app development company arizona,ind,0,2,0.0,48.5
android app development company arizona,irn,0,1,0.0,44.0
android app development company arizona,ita,0,1,0.0,47.0
android app development company arizona,jpn,0,1,0.0,45.0
android app development company arizona,kor,0,5,0.0,48.2
android app development company arizona,mar,0,1,0.0,46.0
android app development company arizona,mys,0,1,0.0,46.0
android app development company arizona,rus,0,3,0.0,44.666666666666664
android app development company arizona,swe,0,1,0.0,46.0
android app development company arizona,tha,0,1,0.0,45.0
android app development company arizona,ukr,0,1,0.0,43.0
android app development company arizona,usa,0,72,0.0,46.94444444444444
android app development company arizona,vnm,0,2,0.0,48.5
android app development company in arizona,bra,0,5,0.0,50.8
android app development company in arizona,idn,0,2,0.0,49.5
android app development company in arizona,rus,0,1,0.0,45.0
android app development company in arizona,ury,0,1,0.0,52.0
android app development company in arizona,usa,0,69,0.0,50.85507246376812
app and website developer,usa,0,1,0.0,1.0
app companies in arizona,bra,0,1,0.0,55.0
app companies in arizona,ind,0,1,0.0,54.0
app companies in arizona,usa,0,65,0.0,55.36923076923077
app companies in arizona,vnm,0,1,0.0,52.0
app companies in arizona,zzz,0,1,0.0,92.0
app creators near me,usa,0,1,0.0,30.0
app design company,usa,0,1,0.0,12.0
app designers,usa,0,1,0.0,5.0
app designers near me,usa,0,3,0.0,28.0
app deve,usa,0,1,0.0,5.0
app devel,usa,0,2,0.0,6.0
app developer,usa,0,11,0.0,4.636363636363637
app developer arizona,bgd,0,1,0.0,38.0
app developer arizona,bra,0,8,0.0,47.875
app developer arizona,ecu,0,1,0.0,38.0
app developer arizona,gbr,0,1,0.0,38.0
app developer arizona,hun,0,1,0.0,39.0
app developer arizona,idn,0,2,0.0,44.0
app developer arizona,ind,0,7,0.0,43.42857142857143
app developer arizona,kor,0,1,0.0,42.0
app developer arizona,nld,0,1,0.0,36.0
app developer arizona,pak,0,1,0.0,43.0
app developer arizona,rus,0,4,0.0,40.0
app developer arizona,tur,0,1,0.0,48.0
app developer arizona,usa,0,94,0.0,55.0
app developer arizona,vnm,0,1,0.0,41.0
"app developer in phoenix, az",usa,0,1,0.0,104.0
app developer near me,usa,0,6,0.0,51.5
app developer phoenix,usa,0,7,0.0,69.14285714285714
app developers arizona,arg,0,1,0.0,45.0
app developers arizona,bra,0,9,0.0,53.888888888888886
app developers arizona,egy,0,1,0.0,46.0
app developers arizona,esp,0,1,0.0,48.0
app developers arizona,hkg,0,1,0.0,43.0
app developers arizona,idn,0,2,0.0,45.0
app developers arizona,ind,0,3,0.0,46.333333333333336
app developers arizona,kor,0,4,0.0,48.5
app developers arizona,rus,0,3,0.0,46.0
app developers arizona,twn,0,1,0.0,45.0
app developers arizona,usa,0,71,0.0,70.36619718309859
app developers arizona,ven,0,1,0.0,74.0
app developers arizona,zaf,0,1,0.0,48.0
app developers in arizona,are,0,1,0.0,45.0
app developers in arizona,arg,0,2,0.0,65.0
app developers in arizona,bra,0,15,0.0,60.13333333333333
app developers in arizona,chl,0,1,0.0,48.0
app developers in arizona,deu,0,1,0.0,38.0
app developers in arizona,ecu,0,2,0.0,43.5
app developers in arizona,egy,0,1,0.0,99.0
app developers in arizona,esp,0,1,0.0,96.0
app developers in arizona,gbr,0,3,0.0,70.66666666666667
app developers in arizona,ind,0,2,0.0,73.5
app developers in arizona,irl,0,1,0.0,48.0
app developers in arizona,irq,0,1,0.0,43.0
app developers in arizona,ita,0,1,0.0,94.0
app developers in arizona,kor,0,8,0.0,64.5
app developers in arizona,mex,0,1,0.0,91.0
app developers in arizona,mys,0,1,0.0,88.0
app developers in arizona,nld,0,1,0.0,43.0
app developers in arizona,per,0,1,0.0,100.0
app developers in arizona,rus,0,2,0.0,71.0
app developers in arizona,uga,0,1,0.0,87.0
app developers in arizona,usa,0,89,0.0,53.03370786516854
app developers in arizona,zaf,0,1,0.0,94.0
app developers in phoenix,usa,0,12,0.0,54.083333333333336
app developers near me,usa,0,73,0.0,78.35616438356165
app developers phoenix,bra,0,2,0.0,86.5
app developers phoenix,ind,0,1,0.0,99.0
app developers phoenix,sau,0,1,0.0,84.0
app developers phoenix,usa,0,26,0.0,75.88461538461539
app developers phoenix az,usa,0,36,0.0,47.52777777777778
app development,usa,0,41,0.0,6.170731707317073
app development agency,usa,0,3,0.0,6.666666666666667
app development arizona,are,0,1,0.0,55.0
app development arizona,arg,0,1,0.0,68.0
app development arizona,bra,0,15,0.0,73.2
app development arizona,ecu,0,1,0.0,38.0
app development arizona,egy,0,1,0.0,41.0
app development arizona,fin,0,1,0.0,56.0
app development arizona,gbr,0,7,0.0,61.0
app development arizona,grc,0,1,0.0,64.0
app development arizona,pak,0,2,0.0,69.5
app development arizona,phl,0,4,0.0,51.5
app development arizona,pol,0,2,0.0,88.5
app development arizona,rus,0,6,0.0,75.66666666666667
app development arizona,swe,0,1,0.0,81.0
app development arizona,tto,0,1,0.0,64.0
app development arizona,tza,0,1,0.0,58.0
app development arizona,usa,0,132,0.0,64.69696969696969
app development arizona,vnm,0,2,0.0,57.0
app development companies arizona,arg,0,1,0.0,95.0
app development companies arizona,bgr,0,1,0.0,85.0
app development companies arizona,bra,0,15,0.0,88.13333333333334
app development companies arizona,gbr,0,1,0.0,82.0
app development companies arizona,idn,0,1,0.0,80.0
app development companies arizona,ind,0,2,0.0,93.0
app development companies arizona,irl,0,1,0.0,81.0
app development companies arizona,irn,0,1,0.0,92.0
app development companies arizona,jpn,0,1,0.0,85.0
app development companies arizona,kor,0,11,0.0,92.0
app development companies arizona,mex,0,1,0.0,94.0
app development companies arizona,nld,0,1,0.0,82.0
app development companies arizona,rus,0,2,0.0,89.0
app development companies arizona,tur,0,1,0.0,93.0
app development companies arizona,twn,0,1,0.0,88.0
app development companies arizona,ury,0,1,0.0,96.0
app development companies arizona,usa,0,81,0.0,81.37037037037037
app development companies arizona,vnm,0,1,0.0,97.0
app development companies arizona,zzz,0,1,0.0,85.0
app development companies in arizona,bra,0,1,0.0,100.0
app development companies in arizona,ind,0,2,0.0,90.0
app development companies in arizona,kor,0,2,0.0,88.5
app development companies in arizona,pak,0,1,0.0,100.0
app development companies in arizona,rus,0,1,0.0,92.0
app development companies in arizona,srb,0,1,0.0,89.0
app development companies in arizona,tha,0,1,0.0,93.0
app development companies in arizona,usa,0,51,0.0,81.17647058823529
app development company,usa,0,1,0.0,1.0
app development company arizona,arg,0,1,0.0,44.0
app development company arizona,bra,0,10,0.0,43.1
app development company arizona,brb,0,1,0.0,46.0
app development company arizona,ind,0,2,0.0,66.0
app development company arizona,kor,0,1,0.0,43.0
app development company arizona,qat,0,1,0.0,46.0
app development company arizona,rus,0,6,0.0,42.333333333333336
app development company arizona,usa,0,143,0.0,51.06993006993007
app development company arizona,vnm,0,3,0.0,43.666666666666664
app development company in arizona,aus,0,1,0.0,50.0
app development company in arizona,bra,0,6,0.0,47.333333333333336
app development company in arizona,esp,0,1,0.0,50.0
app development company in arizona,ind,0,1,0.0,42.0
app development company in arizona,ita,0,1,0.0,47.0
app development company in arizona,kor,0,2,0.0,71.5
app development company in arizona,usa,0,89,0.0,55.752808988764045
app development company phoenix,gbr,0,1,0.0,67.0
app development company phoenix,usa,0,19,0.0,63.36842105263158
app development in arizona,arg,0,1,0.0,70.0
app development in arizona,aus,0,1,0.0,72.0
app development in arizona,bra,0,17,0.0,81.23529411764706
app development in arizona,cri,0,1,0.0,86.0
app development in arizona,deu,0,1,0.0,98.0
app development in arizona,ecu,0,1,0.0,58.0
app development in arizona,egy,0,1,0.0,66.0
app development in arizona,gbr,0,2,0.0,79.5
app development in arizona,ind,0,1,0.0,101.0
app development in arizona,nld,0,2,0.0,74.0
app development in arizona,pak,0,1,0.0,71.0
app development in arizona,rus,0,3,0.0,83.66666666666667
app development in arizona,svk,0,1,0.0,84.0
app development in arizona,twn,0,1,0.0,93.0
app development in arizona,ukr,0,1,0.0,100.0
app development in arizona,usa,0,115,0.0,71.32173913043478
app development in arizona,vnm,0,1,0.0,77.0
app development near me,usa,0,1,0.0,68.0
app development phoenix,can,0,1,0.0,78.0
app development phoenix,kor,0,1,0.0,48.0
app development phoenix,phl,0,1,0.0,92.0
app development phoenix,usa,0,95,0.0,77.66315789473684
app development scottsdale,usa,0,32,0.0,43.0625
app development services near me,usa,0,60,0.0,49.9
app development services phoenix,usa,0,12,0.0,59.083333333333336
app developper,usa,0,1,0.0,4.0
app develper,usa,0,1,0.0,3.0
app making company near me,usa,0,21,0.0,71.47619047619048
application developer near me,usa,0,2,0.0,46.0
application development phoenix,gbr,0,4,0.0,61.0
application development phoenix,usa,0,4,0.0,66.0
application development services,usa,0,1,0.0,90.0
arizona ad agency,arg,0,1,0.0,87.0
arizona ad agency,blz,0,1,0.0,100.0
arizona ad agency,bra,0,3,0.0,93.33333333333333
arizona ad agency,can,0,1,0.0,72.0
arizona ad agency,col,0,1,0.0,97.0
arizona ad agency,ita,0,1,0.0,94.0
arizona ad agency,usa,0,7,0.0,89.57142857142857
arizona affordable organic seo growth,usa,0,431,0.0,40.32018561484919
arizona affordable web designer,arg,0,1,0.0,99.0
arizona affordable web designer,aut,0,1,0.0,88.0
arizona affordable web designer,deu,0,1,0.0,88.0
arizona affordable web designer,dnk,0,1,0.0,91.0
arizona affordable web designer,jpn,0,1,0.0,89.0
arizona affordable web designer,usa,0,4,0.0,87.5
arizona affordable web designer,uzb,0,1,0.0,89.0
arizona affordable web designer,vnm,0,3,0.0,95.0
arizona app builders,usa,0,10,0.0,50.5
arizona app development company,bra,0,14,0.0,42.642857142857146
arizona app development company,can,0,1,0.0,68.0
arizona app development company,gbr,0,2,0.0,69.0
arizona app development company,ind,0,1,0.0,43.0
arizona app development company,jpn,0,1,0.0,45.0
arizona app development company,kor,0,1,0.0,41.0
arizona app development company,mys,0,1,0.0,90.0
arizona app development company,phl,0,1,0.0,48.0
arizona app development company,syr,0,1,0.0,40.0
arizona app development company,ukr,0,1,0.0,42.0
arizona app development company,usa,0,91,0.0,54.582417582417584
arizona attorney seo,usa,0,15,0.0,74.53333333333333
arizona auto repair seo service,usa,0,2,0.0,54.5
arizona az web design,bgd,0,1,0.0,88.0
arizona az web design,bra,0,9,0.0,70.88888888888889
arizona az web design,deu,0,1,0.0,85.0
arizona az web design,ecu,0,1,0.0,39.0
arizona az web design,gtm,0,1,0.0,21.0
arizona az web design,idn,0,1,0.0,28.0
arizona az web design,ind,0,1,0.0,71.0
arizona az web design,irq,0,1,0.0,63.0
arizona az web design,ken,0,1,0.0,25.0
arizona az web design,ltu,0,1,0.0,88.0
arizona az web design,npl,0,1,0.0,70.0
arizona az web design,rus,0,2,0.0,49.5
arizona az web design,twn,0,1,0.0,62.0
arizona az web design,ukr,0,1,0.0,79.0
arizona az web design,usa,0,107,0.0,80.94392523364486
arizona backend development,bra,0,10,0.0,2.4
arizona backend development,can,0,1,0.0,2.0
arizona backend development,esp,0,1,0.0,3.0
arizona backend development,ind,0,1,0.0,3.0
arizona backend development,kor,0,2,0.0,2.0
arizona backend development,npl,0,1,0.0,2.0
arizona backend development,rou,0,1,0.0,10.0
arizona backend development,rus,0,5,0.0,2.4
arizona best seo company,tha,0,1,0.0,95.0
arizona best seo company,usa,0,44,0.0,89.8409090909091
arizona best website design agency,usa,0,3,0.0,74.66666666666667
arizona cheap organic growth seo,usa,0,67,0.0,61.59701492537314
arizona cheap organic seo growth,rus,0,8,0.0,23.875
arizona cheap organic seo growth,usa,0,395,0.0,41.415189873417724
arizona design web,bgd,0,1,0.0,97.0
arizona design web,bra,0,3,0.0,94.0
arizona design web,can,0,1,0.0,85.0
arizona design web,dom,0,1,0.0,101.0
arizona design web,gbr,0,5,0.0,71.4
arizona design web,ind,0,1,0.0,93.0
arizona design web,npl,0,1,0.0,97.0
arizona design web,rus,0,1,0.0,90.0
arizona design web,usa,0,70,0.0,79.85714285714286
arizona digital,mys,0,1,0.0,63.0
arizona digital agency,bra,0,5,0.0,85.0
arizona digital agency,deu,0,1,0.0,93.0
arizona digital agency,ecu,0,1,0.0,99.0
arizona digital agency,gbr,0,1,0.0,96.0
arizona digital agency,irq,0,1,0.0,87.0
arizona digital agency,kor,0,3,0.0,91.33333333333333
arizona digital agency,mys,0,1,0.0,82.0
arizona digital agency,rus,0,1,0.0,89.0
arizona digital agency,usa,0,19,0.0,69.84210526315789
arizona digital agency,vnm,0,1,0.0,41.0
arizona digital marketing,arg,0,1,0.0,88.0
arizona digital marketing,bfa,0,1,0.0,90.0
arizona digital marketing,bhs,0,1,0.0,80.0
arizona digital marketing,bih,0,1,0.0,82.0
arizona digital marketing,bol,0,1,0.0,41.0
arizona digital marketing,bra,0,28,0.0,85.89285714285714
arizona digital marketing,deu,0,1,0.0,101.0
arizona digital marketing,gbr,0,7,0.0,83.28571428571429
arizona digital marketing,ind,0,18,0.0,91.16666666666667
arizona digital marketing,irl,0,1,0.0,90.0
arizona digital marketing,irn,0,1,0.0,96.0
arizona digital marketing,isr,0,1,0.0,79.0
arizona digital marketing,jpn,0,1,0.0,97.0
arizona digital marketing,kor,0,14,0.0,88.85714285714286
arizona digital marketing,mex,0,2,0.0,97.5
arizona digital marketing,mys,0,1,0.0,100.0
arizona digital marketing,nld,0,1,0.0,82.0
arizona digital marketing,npl,0,1,0.0,90.0
arizona digital marketing,pak,0,3,0.0,90.66666666666667
arizona digital marketing,phl,0,2,0.0,59.5
arizona digital marketing,pry,0,2,0.0,86.0
arizona digital marketing,rus,0,8,0.0,93.75
arizona digital marketing,sau,0,1,0.0,88.0
arizona digital marketing,swe,0,1,0.0,100.0
arizona digital marketing,tun,0,1,0.0,87.0
arizona digital marketing,tur,0,3,0.0,84.33333333333333
arizona digital marketing,usa,0,110,0.0,66.08181818181818
arizona digital marketing,ven,0,1,0.0,79.0
arizona digital marketing,vnm,0,2,0.0,66.5
arizona digital marketing,zaf,0,1,0.0,93.0
arizona digital marketing,zzz,0,3,0.0,87.66666666666667
arizona digital marketing agency,bra,0,10,0.0,92.8
arizona digital marketing agency,deu,0,1,0.0,98.0
arizona digital marketing agency,dza,0,1,0.0,101.0
arizona digital marketing agency,ecu,0,1,0.0,97.0
arizona digital marketing agency,fra,0,2,0.0,98.5
arizona digital marketing agency,gbr,0,3,0.0,96.33333333333333
arizona digital marketing agency,ind,0,4,0.0,103.5
arizona digital marketing agency,ita,0,2,0.0,98.5
arizona digital marketing agency,kor,0,11,0.0,97.18181818181819
arizona digital marketing agency,ltu,0,1,0.0,100.0
arizona digital marketing agency,mda,0,1,0.0,97.0
arizona digital marketing agency,mex,0,1,0.0,100.0
arizona digital marketing agency,pak,0,1,0.0,97.0
arizona digital marketing agency,phl,0,1,0.0,95.0
arizona digital marketing agency,pol,0,2,0.0,96.5
arizona digital marketing agency,rou,0,1,0.0,99.0
arizona digital marketing agency,rus,0,12,0.0,89.25
arizona digital marketing agency,svn,0,1,0.0,96.0
arizona digital marketing agency,tto,0,1,0.0,94.0
arizona digital marketing agency,twn,0,1,0.0,97.0
arizona digital marketing agency,usa,0,134,0.0,70.6268656716418
arizona digital marketing agency,vnm,0,1,0.0,98.0
arizona digital marketing agency,zzz,0,1,0.0,100.0
arizona digital marketing company,bra,0,2,0.0,94.5
arizona digital marketing company,can,0,1,0.0,100.0
arizona digital marketing company,esp,0,1,0.0,99.0
arizona digital marketing company,ind,0,2,0.0,75.0
arizona digital marketing company,irn,0,1,0.0,90.0
arizona digital marketing company,kor,0,1,0.0,96.0
arizona digital marketing company,nld,0,1,0.0,92.0
arizona digital marketing company,pry,0,1,0.0,86.0
arizona digital marketing company,rus,0,3,0.0,94.33333333333333
arizona digital marketing company,tun,0,1,0.0,92.0
arizona digital marketing company,twn,0,1,0.0,83.0
arizona digital marketing company,usa,0,18,0.0,92.66666666666667
arizona digital marketing services,usa,0,14,0.0,83.07142857142857
arizona digital marketing solutions,fra,0,1,0.0,99.0
arizona digital marketing solutions,ukr,0,1,0.0,93.0
arizona digital marketing solutions,usa,0,2,0.0,99.0
arizona digital media,rus,0,1,0.0,93.0
arizona digital media,usa,0,1,0.0,51.0
arizona digital media management,usa,0,1,0.0,59.0
arizona ecommerce design,usa,0,2,0.0,84.0
arizona ecommerce web design,usa,0,22,0.0,65.5
arizona effective growth of organic seo,usa,0,25,0.0,65.36
arizona effective organic cheap seo growth,bra,0,1,0.0,12.0
arizona effective organic cheap seo growth,rus,0,14,0.0,28.642857142857142
arizona effective organic cheap seo growth,usa,0,424,0.0,32.617924528301884
arizona effective organic growth seo,usa,0,94,0.0,59.361702127659576
arizona effective organic seo growth,usa,0,36,0.0,65.77777777777777
arizona engine optimization search seo,usa,0,3,0.0,92.33333333333333
arizona food service seo firm,usa,0,20,0.0,53.6
arizona frontend development,arg,0,1,0.0,11.0
arizona frontend development,kor,0,1,0.0,9.0
arizona frontend development,pak,0,1,0.0,10.0
arizona frontend development,pry,0,1,0.0,11.0
arizona healthcare seo firm,aus,0,1,0.0,46.0
arizona healthcare seo firm,usa,0,25,0.0,42.8
arizona inexpensive web design,nld,0,1,0.0,50.0
arizona inexpensive web design,rus,0,1,0.0,96.0
arizona inexpensive web design,usa,0,10,0.0,73.2
arizona inexpensive web designer,can,0,1,0.0,97.0
arizona inexpensive web designer,deu,0,1,0.0,41.0
arizona inexpensive web designer,vnm,0,1,0.0,99.0
arizona interactive agency,arg,0,1,0.0,49.0
arizona interactive agency,bra,0,3,0.0,79.33333333333333
arizona interactive agency,can,0,1,0.0,91.0
arizona interactive agency,fra,0,1,0.0,44.0
arizona interactive agency,gbr,0,4,0.0,38.0
arizona interactive agency,ita,0,1,0.0,84.0
arizona interactive agency,usa,0,54,0.0,51.7037037037037
arizona internet marketing,aus,0,1,0.0,65.0
arizona internet marketing,bra,0,6,0.0,75.33333333333333
arizona internet marketing,deu,0,1,0.0,82.0
arizona internet marketing,ecu,0,2,0.0,70.0
arizona internet marketing,gbr,0,2,0.0,84.5
arizona internet marketing,ind,0,2,0.0,81.0
arizona internet marketing,isl,0,1,0.0,62.0
arizona internet marketing,kor,0,2,0.0,92.0
arizona internet marketing,moz,0,1,0.0,61.0
arizona internet marketing,rus,0,1,0.0,93.0
arizona internet marketing,sau,0,1,0.0,64.0
arizona internet marketing,swe,0,1,0.0,66.0
arizona internet marketing,twn,0,1,0.0,92.0
arizona internet marketing,usa,0,36,0.0,76.0
arizona internet marketing,uzb,0,1,0.0,63.0
arizona internet marketing,zaf,0,2,0.0,70.0
arizona internet marketing agency,usa,0,1,0.0,82.0
arizona internet marketing company,bgd,0,1,0.0,79.0
arizona internet marketing company,bra,0,5,0.0,75.8
arizona internet marketing company,ecu,0,1,0.0,78.0
arizona internet marketing company,ind,0,2,0.0,68.0
arizona internet marketing company,kor,0,3,0.0,81.0
arizona internet marketing company,mex,0,2,0.0,90.5
arizona internet marketing company,nic,0,1,0.0,60.0
arizona internet marketing company,pry,0,1,0.0,75.0
arizona internet marketing company,rus,0,2,0.0,69.5
arizona internet marketing company,usa,0,4,0.0,71.0
arizona law firm seo,usa,0,2,0.0,73.0
arizona law firm seo service,usa,0,2,0.0,90.0
arizona law firm seo services,usa,0,1,0.0,97.0
arizona lawyer seo,usa,0,9,0.0,74.33333333333333
arizona local seo,are,0,1,0.0,92.0
arizona local seo,arg,0,2,0.0,87.0
arizona local seo,blr,0,1,0.0,100.0
arizona local seo,bra,0,14,0.0,91.78571428571429
arizona local seo,can,0,2,0.0,93.0
arizona local seo,col,0,1,0.0,82.0
arizona local seo,dza,0,1,0.0,91.0
arizona local seo,ecu,0,2,0.0,89.0
arizona local seo,gbr,0,6,0.0,78.33333333333333
arizona local seo,geo,0,1,0.0,95.0
arizona local seo,guy,0,1,0.0,79.0
arizona local seo,idn,0,1,0.0,95.0
arizona local seo,ind,0,1,0.0,97.0
arizona local seo,jam,0,1,0.0,77.0
arizona local seo,jor,0,2,0.0,93.5
arizona local seo,kaz,0,1,0.0,98.0
arizona local seo,mar,0,1,0.0,96.0
arizona local seo,mex,0,2,0.0,95.5
arizona local seo,mys,0,3,0.0,86.66666666666667
arizona local seo,phl,0,3,0.0,94.66666666666667
arizona local seo,rus,0,1,0.0,84.0
arizona local seo,sau,0,2,0.0,97.5
arizona local seo,sgp,0,1,0.0,98.0
arizona local seo,ukr,0,1,0.0,93.0
arizona local seo,usa,0,43,0.0,80.74418604651163
arizona local seo,uzb,0,1,0.0,101.0
arizona local seo,vnm,0,2,0.0,95.0
arizona local seo agency for service businesses,usa,0,1,0.0,81.0
arizona local seo consultant,ben,0,1,0.0,48.0
arizona local seo consultant,bra,0,5,0.0,94.0
arizona local seo consultant,fra,0,1,0.0,64.0
arizona local seo consultant,gbr,0,1,0.0,40.0
arizona local seo consultant,usa,0,39,0.0,69.92307692307692
arizona local seo marketing services,blr,0,1,0.0,74.0
arizona local seo marketing services,ind,0,1,0.0,84.0
arizona local seo marketing services,jor,0,1,0.0,97.0
arizona local seo marketing services,phl,0,1,0.0,81.0
arizona local seo marketing services,ukr,0,1,0.0,84.0
arizona local seo marketing services,usa,0,70,0.0,89.45714285714286
arizona local seo marketing services,uzb,0,1,0.0,85.0
arizona local seo services,ago,0,1,0.0,69.0
arizona local seo services,arg,0,1,0.0,84.0
arizona local seo services,bra,0,11,0.0,84.36363636363636
arizona local seo services,egy,0,1,0.0,84.0
arizona local seo services,gbr,0,1,0.0,72.0
arizona local seo services,ita,0,1,0.0,81.0
arizona local seo services,kor,0,2,0.0,56.0
arizona local seo services,mar,0,1,0.0,84.0
arizona local seo services,mys,0,1,0.0,67.0
arizona local seo services,rus,0,2,0.0,77.0
arizona local seo services,usa,0,50,0.0,84.5
arizona local seo services,uzb,0,1,0.0,101.0
arizona marketing,gbr,0,2,0.0,58.5
arizona marketing,usa,0,1,0.0,98.0
arizona marketing agency,ago,0,1,0.0,78.0
arizona marketing agency,are,0,1,0.0,79.0
arizona marketing agency,arg,0,5,0.0,85.8
arizona marketing agency,aus,0,1,0.0,82.0
arizona marketing agency,bgd,0,1,0.0,102.0
arizona marketing agency,bhs,0,1,0.0,89.0
arizona marketing agency,bra,0,63,0.0,86.66666666666667
arizona marketing agency,brb,0,1,0.0,84.0
arizona marketing agency,can,0,4,0.0,82.25
arizona marketing agency,col,0,1,0.0,76.0
arizona marketing agency,cri,0,1,0.0,90.0
arizona marketing agency,deu,0,2,0.0,83.5
arizona marketing agency,ecu,0,4,0.0,90.0
arizona marketing agency,egy,0,1,0.0,96.0
arizona marketing agency,esp,0,5,0.0,88.6
arizona marketing agency,fra,0,2,0.0,86.5
arizona marketing agency,gbr,0,16,0.0,81.5625
arizona marketing agency,guy,0,1,0.0,85.0
arizona marketing agency,idn,0,2,0.0,82.5
arizona marketing agency,ind,0,14,0.0,84.5
arizona marketing agency,irq,0,1,0.0,92.0
arizona marketing agency,ita,0,2,0.0,91.5
arizona marketing agency,jam,0,2,0.0,88.5
arizona marketing agency,jpn,0,4,0.0,86.5
arizona marketing agency,kor,0,30,0.0,85.76666666666667
arizona marketing agency,ltu,0,2,0.0,88.0
arizona marketing agency,mar,0,1,0.0,75.0
arizona marketing agency,mex,0,8,0.0,82.0
arizona marketing agency,mwi,0,1,0.0,84.0
arizona marketing agency,mys,0,4,0.0,85.25
arizona marketing agency,nld,0,3,0.0,84.0
arizona marketing agency,npl,0,2,0.0,82.5
arizona marketing agency,pak,0,4,0.0,94.75
arizona marketing agency,per,0,3,0.0,91.66666666666667
arizona marketing agency,phl,0,3,0.0,77.66666666666667
arizona marketing agency,pol,0,3,0.0,89.0
arizona marketing agency,prt,0,1,0.0,78.0
arizona marketing agency,pry,0,1,0.0,99.0
arizona marketing agency,rou,0,1,0.0,70.0
arizona marketing agency,rus,0,26,0.0,86.03846153846153
arizona marketing agency,svn,0,1,0.0,85.0
arizona marketing agency,swe,0,1,0.0,87.0
arizona marketing agency,tha,0,2,0.0,94.5
arizona marketing agency,tun,0,1,0.0,87.0
arizona marketing agency,tur,0,5,0.0,82.6
arizona marketing agency,twn,0,3,0.0,94.0
arizona marketing agency,ukr,0,6,0.0,86.5
arizona marketing agency,usa,0,56,0.0,87.46428571428571
arizona marketing agency,uzb,0,1,0.0,98.0
arizona marketing agency,ven,0,1,0.0,98.0
arizona marketing agency,vnm,0,9,0.0,88.11111111111111
arizona marketing agency,zaf,0,2,0.0,81.0
arizona marketing agency,zzz,0,2,0.0,75.0
arizona marketing and automation solutions,usa,0,50,0.0,23.48
arizona marketing company,arg,0,1,0.0,86.0
arizona marketing company,bgd,0,1,0.0,89.0
arizona marketing company,bra,0,12,0.0,87.75
arizona marketing company,can,0,2,0.0,79.5
arizona marketing company,col,0,2,0.0,85.5
arizona marketing company,deu,0,1,0.0,85.0
arizona marketing company,dom,0,1,0.0,69.0
arizona marketing company,ecu,0,1,0.0,91.0
arizona marketing company,egy,0,1,0.0,81.0
arizona marketing company,fra,0,1,0.0,80.0
arizona marketing company,gbr,0,4,0.0,94.5
arizona marketing company,gtm,0,1,0.0,78.0
arizona marketing company,idn,0,1,0.0,79.0
arizona marketing company,ind,0,2,0.0,78.0
arizona marketing company,isr,0,1,0.0,82.0
arizona marketing company,ita,0,1,0.0,97.0
arizona marketing company,kor,0,6,0.0,85.5
arizona marketing company,kwt,0,1,0.0,93.0
arizona marketing company,ltu,0,1,0.0,76.0
arizona marketing company,mex,0,2,0.0,79.5
arizona marketing company,mys,0,1,0.0,92.0
arizona marketing company,nor,0,1,0.0,78.0
arizona marketing company,phl,0,2,0.0,97.0
arizona marketing company,rus,0,2,0.0,97.5
arizona marketing company,sau,0,1,0.0,78.0
arizona marketing company,tur,0,3,0.0,79.66666666666667
arizona marketing company,ukr,0,2,0.0,91.0
arizona marketing company,usa,0,70,0.0,90.22857142857143
arizona marketing company,vnm,0,3,0.0,86.0
arizona mobile app developers,arg,0,1,0.0,45.0
arizona mobile app developers,bra,0,13,0.0,51.53846153846154
arizona mobile app developers,can,0,1,0.0,45.0
arizona mobile app developers,grc,0,1,0.0,101.0
arizona mobile app developers,ind,0,3,0.0,50.666666666666664
arizona mobile app developers,irq,0,1,0.0,101.0
arizona mobile app developers,ken,0,2,0.0,71.0
arizona mobile app developers,kor,0,3,0.0,64.33333333333334
arizona mobile app developers,nzl,0,1,0.0,48.0
arizona mobile app developers,phl,0,1,0.0,96.0
arizona mobile app developers,twn,0,1,0.0,47.0
arizona mobile app developers,usa,0,88,0.0,52.07954545454545
arizona mobile app developers,ven,0,1,0.0,47.0
arizona mobile app developers,vnm,0,4,0.0,58.75
arizona mobile app development,arg,0,1,0.0,77.0
arizona mobile app development,bra,0,23,0.0,68.65217391304348
arizona mobile app development,esp,0,1,0.0,44.0
arizona mobile app development,gbr,0,2,0.0,70.0
arizona mobile app development,ind,0,2,0.0,69.5
arizona mobile app development,irq,0,1,0.0,47.0
arizona mobile app development,ita,0,2,0.0,89.5
arizona mobile app development,kor,0,1,0.0,88.0
arizona mobile app development,nga,0,1,0.0,33.0
arizona mobile app development,nld,0,2,0.0,46.5
arizona mobile app development,phl,0,1,0.0,97.0
arizona mobile app development,rus,0,15,0.0,67.2
arizona mobile app development,slv,0,1,0.0,78.0
arizona mobile app development,syc,0,1,0.0,92.0
arizona mobile app development,tha,0,1,0.0,48.0
arizona mobile app development,tun,0,1,0.0,88.0
arizona mobile app development,tur,0,1,0.0,44.0
arizona mobile app development,twn,0,1,0.0,91.0
arizona mobile app development,ukr,0,3,0.0,91.0
arizona mobile app development,usa,0,117,0.0,53.23931623931624
arizona mobile app development,vnm,0,2,0.0,68.5
arizona mobile app development,zaf,0,1,0.0,85.0
arizona mobile app development,zzz,0,1,0.0,47.0
arizona mobile development,bgd,0,1,0.0,13.0
arizona mobile development,bra,0,2,0.0,43.5
arizona mobile development,egy,0,1,0.0,50.0
arizona mobile development,esp,0,3,0.0,34.666666666666664
arizona mobile development,fra,0,1,0.0,17.0
arizona mobile development,gbr,0,2,0.0,43.0
arizona mobile development,mys,0,1,0.0,41.0
arizona mobile development,pol,0,1,0.0,1.0
arizona mobile development,rus,0,1,0.0,50.0
arizona mobile development,usa,0,100,0.0,36.12
arizona mobile development,vnm,0,1,0.0,45.0
arizona mobile development,zaf,0,1,0.0,44.0
arizona mobile development programmers,aus,0,1,0.0,37.0
arizona mobile development programmers,bra,0,12,0.0,54.416666666666664
arizona mobile development programmers,can,0,2,0.0,39.0
arizona mobile development programmers,col,0,1,0.0,36.0
arizona mobile development programmers,deu,0,1,0.0,36.0
arizona mobile development programmers,esp,0,1,0.0,35.0
arizona mobile development programmers,gbr,0,1,0.0,36.0
arizona mobile development programmers,kor,0,4,0.0,54.75
arizona mobile development programmers,ukr,0,1,0.0,38.0
arizona mobile development programmers,ury,0,1,0.0,36.0
arizona mobile development programmers,usa,0,62,0.0,44.596774193548384
arizona national seo package,usa,0,174,0.0,41.632183908045974
arizona online marketing,are,0,1,0.0,85.0
arizona online marketing,arg,0,1,0.0,57.0
arizona online marketing,bfa,0,1,0.0,74.0
arizona online marketing,bgd,0,2,0.0,97.0
arizona online marketing,bih,0,1,0.0,77.0
arizona online marketing,bra,0,33,0.0,88.63636363636364
arizona online marketing,brb,0,1,0.0,78.0
arizona online marketing,can,0,4,0.0,91.0
arizona online marketing,col,0,3,0.0,72.0
arizona online marketing,deu,0,2,0.0,94.0
arizona online marketing,dza,0,1,0.0,86.0
arizona online marketing,ecu,0,2,0.0,89.0
arizona online marketing,esp,0,1,0.0,57.0
arizona online marketing,gbr,0,6,0.0,90.33333333333333
arizona online marketing,ind,0,4,0.0,95.5
arizona online marketing,irl,0,1,0.0,87.0
arizona online marketing,irq,0,1,0.0,100.0
arizona online marketing,ita,0,2,0.0,90.0
arizona online marketing,jor,0,1,0.0,93.0
arizona online marketing,jpn,0,1,0.0,78.0
arizona online marketing,kaz,0,1,0.0,101.0
arizona online marketing,ken,0,1,0.0,91.0
arizona online marketing,kor,0,5,0.0,82.0
arizona online marketing,mda,0,2,0.0,100.5
arizona online marketing,mex,0,4,0.0,95.25
arizona online marketing,mys,0,3,0.0,79.33333333333333
arizona online marketing,nld,0,1,0.0,88.0
arizona online marketing,phl,0,1,0.0,95.0
arizona online marketing,pol,0,3,0.0,91.66666666666667
arizona online marketing,pry,0,1,0.0,98.0
arizona online marketing,pse,0,1,0.0,58.0
arizona online marketing,rus,0,3,0.0,87.66666666666667
arizona online marketing,sau,0,1,0.0,72.0
arizona online marketing,srb,0,1,0.0,93.0
arizona online marketing,tur,0,2,0.0,64.5
arizona online marketing,twn,0,1,0.0,85.0
arizona online marketing,usa,0,133,0.0,85.41353383458646
arizona online marketing,uzb,0,1,0.0,100.0
arizona online marketing,ven,0,1,0.0,89.0
arizona online marketing,vnm,0,2,0.0,85.0
arizona online marketing,zaf,0,2,0.0,57.5
arizona online marketing agency,deu,0,1,0.0,100.0
arizona online marketing agency,fra,0,2,0.0,98.5
arizona online marketing agency,gbr,0,1,0.0,89.0
arizona online marketing agency,ita,0,2,0.0,84.5
arizona online marketing agency,usa,0,47,0.0,87.74468085106383
arizona organic affordable seo growth,esp,0,1,0.0,10.0
arizona organic affordable seo growth,gbr,0,1,0.0,12.0
arizona organic affordable seo growth,usa,0,468,0.0,32.18162393162393
arizona organic cheap seo,usa,0,279,0.0,44.562724014336915
arizona organic cheap seo growth,gbr,0,1,0.0,54.0
arizona organic cheap seo growth,usa,0,447,0.0,37.64653243847875
arizona organic growth seo,usa,0,128,0.0,44.9140625
arizona organic local seo growth,usa,0,1,0.0,51.0
arizona organic seo consulting,usa,0,153,0.0,39.627450980392155
arizona organic seo growth,usa,0,31,0.0,58.25806451612903
arizona pest control seo services,usa,0,1,0.0,58.0
arizona phoenix affordable organic seo growth,usa,0,48,0.0,86.97916666666667
arizona printing company,usa,0,1,0.0,66.0
arizona printing services,usa,0,2,0.0,51.5
arizona printing services,vnm,0,1,0.0,51.0
arizona professional seo,gbr,0,1,0.0,41.0
arizona professional seo,usa,0,1,0.0,27.0
arizona professional seo services,arg,0,1,0.0,28.0
arizona professional seo services,can,0,1,0.0,44.0
arizona professional seo services,deu,0,1,0.0,39.0
arizona professional seo services,fra,0,1,0.0,73.0
arizona professional seo services,gbr,0,1,0.0,75.0
arizona professional seo services,isr,0,1,0.0,81.0
arizona professional seo services,kor,0,1,0.0,24.0
arizona professional seo services,lux,0,1,0.0,76.0
arizona professional seo services,omn,0,1,0.0,73.0
arizona professional seo services,usa,0,27,0.0,40.18518518518518
arizona retail services seo firm,can,0,2,0.0,40.5
arizona retail services seo firm,deu,0,3,0.0,80.66666666666667
arizona retail services seo firm,esp,0,1,0.0,82.0
arizona retail services seo firm,fra,0,5,0.0,85.8
arizona retail services seo firm,gbr,0,2,0.0,93.0
arizona retail services seo firm,hun,0,1,0.0,93.0
arizona retail services seo firm,ind,0,1,0.0,85.0
arizona retail services seo firm,irl,0,1,0.0,71.0
arizona retail services seo firm,ita,0,27,0.0,82.4074074074074
arizona retail services seo firm,ltu,0,4,0.0,95.25
arizona retail services seo firm,lva,0,1,0.0,100.0
arizona retail services seo firm,mex,0,1,0.0,44.0
arizona retail services seo firm,per,0,1,0.0,92.0
arizona retail services seo firm,phl,0,1,0.0,94.0
arizona retail services seo firm,prt,0,1,0.0,84.0
arizona retail services seo firm,swe,0,1,0.0,85.0
arizona retail services seo firm,tur,0,1,0.0,88.0
arizona retail services seo firm,usa,0,193,0.0,56.968911917098445
arizona retail services ux/ui,bra,0,1,0.0,84.0
arizona retail services ux/ui,deu,0,2,0.0,77.5
arizona retail services ux/ui,ecu,0,1,0.0,86.0
arizona retail services ux/ui,fra,0,1,0.0,90.0
arizona retail services ux/ui,gbr,0,2,0.0,90.0
arizona retail services ux/ui,ita,0,12,0.0,85.16666666666667
arizona retail services ux/ui,jpn,0,1,0.0,92.0
arizona retail services ux/ui,ltu,0,2,0.0,88.0
arizona retail services ux/ui,lva,0,1,0.0,89.0
arizona retail services ux/ui,usa,0,67,0.0,63.1044776119403
arizona search engine marketing,deu,0,1,0.0,68.0
arizona search engine marketing,usa,0,12,0.0,70.0
arizona search engine optimization,aus,0,1,0.0,79.0
arizona search engine optimization,bgd,0,1,0.0,50.0
arizona search engine optimization,blr,0,1,0.0,76.0
arizona search engine optimization,bol,0,1,0.0,76.0
arizona search engine optimization,bra,0,21,0.0,78.0
arizona search engine optimization,brb,0,1,0.0,77.0
arizona search engine optimization,can,0,5,0.0,76.8
arizona search engine optimization,deu,0,2,0.0,77.0
arizona search engine optimization,dnk,0,1,0.0,75.0
arizona search engine optimization,dom,0,1,0.0,75.0
arizona search engine optimization,egy,0,1,0.0,87.0
arizona search engine optimization,esp,0,1,0.0,80.0
arizona search engine optimization,fra,0,1,0.0,75.0
arizona search engine optimization,gbr,0,24,0.0,66.625
arizona search engine optimization,ind,0,5,0.0,71.0
arizona search engine optimization,irl,0,1,0.0,78.0
arizona search engine optimization,irn,0,1,0.0,85.0
arizona search engine optimization,isr,0,1,0.0,82.0
arizona search engine optimization,ita,0,4,0.0,76.25
arizona search engine optimization,jor,0,1,0.0,89.0
arizona search engine optimization,jpn,0,2,0.0,81.0
arizona search engine optimization,kaz,0,1,0.0,82.0
arizona search engine optimization,kor,0,1,0.0,80.0
arizona search engine optimization,mex,0,3,0.0,81.33333333333333
arizona search engine optimization,mys,0,1,0.0,78.0
arizona search engine optimization,nld,0,2,0.0,79.5
arizona search engine optimization,pak,0,1,0.0,74.0
arizona search engine optimization,per,0,1,0.0,82.0
arizona search engine optimization,phl,0,2,0.0,81.5
arizona search engine optimization,pol,0,4,0.0,79.5
arizona search engine optimization,prt,0,1,0.0,86.0
arizona search engine optimization,rou,0,1,0.0,71.0
arizona search engine optimization,rus,0,8,0.0,86.375
arizona search engine optimization,sau,0,2,0.0,78.5
arizona search engine optimization,tha,0,2,0.0,80.0
arizona search engine optimization,tur,0,2,0.0,78.5
arizona search engine optimization,twn,0,3,0.0,78.66666666666667
arizona search engine optimization,ukr,0,1,0.0,99.0
arizona search engine optimization,usa,0,513,0.0,78.4327485380117
arizona search engine optimization,uzb,0,1,0.0,71.0
arizona search engine optimization,ven,0,1,0.0,78.0
arizona search engine optimization,vnm,0,5,0.0,78.0
arizona search engine optimization,zaf,0,1,0.0,77.0
arizona search engine optimization agency,bra,0,2,0.0,86.0
arizona search engine optimization agency,jor,0,1,0.0,85.0
arizona search engine optimization agency,kwt,0,1,0.0,102.0
arizona search engine optimization agency,pry,0,1,0.0,88.0
arizona search engine optimization agency,usa,0,29,0.0,88.27586206896552
arizona search engine optimization company,bel,0,2,0.0,90.0
arizona search engine optimization company,blr,0,1,0.0,82.0
arizona search engine optimization company,bra,0,1,0.0,100.0
arizona search engine optimization company,deu,0,1,0.0,73.0
arizona search engine optimization company,fra,0,2,0.0,78.5
arizona search engine optimization company,gbr,0,3,0.0,75.33333333333333
arizona search engine optimization company,pry,0,1,0.0,89.0
arizona search engine optimization company,usa,0,5,0.0,83.0
arizona search engine optimization consultants,bgd,0,1,0.0,44.0
arizona search engine optimization consultants,bra,0,13,0.0,85.76923076923077
arizona search engine optimization consultants,gbr,0,3,0.0,95.33333333333333
arizona search engine optimization consultants,ind,0,1,0.0,102.0
arizona search engine optimization consultants,irq,0,1,0.0,75.0
arizona search engine optimization consultants,kor,0,2,0.0,94.0
arizona search engine optimization consultants,mex,0,1,0.0,46.0
arizona search engine optimization consultants,nld,0,1,0.0,91.0
arizona search engine optimization consultants,phl,0,1,0.0,43.0
arizona search engine optimization consultants,rus,0,2,0.0,95.5
arizona search engine optimization consultants,usa,0,84,0.0,82.5952380952381
arizona search engine optimization consultants,zaf,0,1,0.0,74.0
arizona seo,ago,0,1,0.0,100.0
arizona seo,arg,0,2,0.0,82.0
arizona seo,arm,0,1,0.0,34.0
arizona seo,aus,0,5,0.0,54.0
arizona seo,blr,0,1,0.0,33.0
arizona seo,bra,0,37,0.0,73.48648648648648
arizona seo,can,0,2,0.0,51.0
arizona seo,deu,0,4,0.0,60.5
arizona seo,ecu,0,1,0.0,74.0
arizona seo,esp,0,6,0.0,45.833333333333336
arizona seo,fra,0,9,0.0,36.77777777777778
arizona seo,gbr,0,35,0.0,50.2
arizona seo,gha,0,1,0.0,75.0
arizona seo,hti,0,1,0.0,100.0
arizona seo,idn,0,1,0.0,79.0
arizona seo,ind,0,4,0.0,70.75
arizona seo,irl,0,2,0.0,39.0
arizona seo,ita,0,6,0.0,83.0
arizona seo,jpn,0,1,0.0,75.0
arizona seo,kor,0,5,0.0,78.0
arizona seo,ltu,0,2,0.0,73.0
arizona seo,mex,0,4,0.0,70.5
arizona seo,mys,0,4,0.0,73.25
arizona seo,nga,0,1,0.0,31.0
arizona seo,nzl,0,1,0.0,100.0
arizona seo,pak,0,4,0.0,77.25
arizona seo,pan,0,1,0.0,99.0
arizona seo,prt,0,1,0.0,46.0
arizona seo,rou,0,1,0.0,75.0
arizona seo,rus,0,13,0.0,66.38461538461539
arizona seo,sau,0,2,0.0,91.5
arizona seo,sen,0,1,0.0,82.0
arizona seo,tha,0,1,0.0,22.0
arizona seo,tto,0,1,0.0,100.0
arizona seo,tun,0,1,0.0,83.0
arizona seo,tur,0,1,0.0,100.0
arizona seo,ukr,0,2,0.0,75.5
arizona seo,usa,0,1893,0.0,60.12678288431062
arizona seo,vnm,0,4,0.0,58.5
arizona seo,zaf,0,1,0.0,101.0
arizona seo agencies,arg,0,1,0.0,84.0
arizona seo agencies,bgr,0,1,0.0,93.0
arizona seo agencies,bhs,0,1,0.0,83.0
arizona seo agencies,bra,0,10,0.0,87.9
arizona seo agencies,deu,0,2,0.0,86.5
arizona seo agencies,dom,0,1,0.0,89.0
arizona seo agencies,ecu,0,1,0.0,92.0
arizona seo agencies,esp,0,1,0.0,94.0
arizona seo agencies,est,0,1,0.0,76.0
arizona seo agencies,gbr,0,2,0.0,88.5
arizona seo agencies,grc,0,1,0.0,96.0
arizona seo agencies,irl,0,2,0.0,88.5
arizona seo agencies,ita,0,1,0.0,96.0
arizona seo agencies,jpn,0,1,0.0,90.0
arizona seo agencies,kor,0,1,0.0,77.0
arizona seo agencies,nld,0,1,0.0,90.0
arizona seo agencies,pol,0,1,0.0,87.0
arizona seo agencies,rus,0,1,0.0,88.0
arizona seo agencies,sgp,0,2,0.0,85.5
arizona seo agencies,tun,0,1,0.0,94.0
arizona seo agencies,ury,0,1,0.0,94.0
arizona seo agencies,usa,0,180,0.0,74.47777777777777
arizona seo agencies,uzb,0,1,0.0,92.0
arizona seo agencies,vnm,0,6,0.0,90.5
arizona seo agency,are,0,3,0.0,87.33333333333333
arizona seo agency,arg,0,19,0.0,89.47368421052632
arizona seo agency,arm,0,1,0.0,79.0
arizona seo agency,aus,0,2,0.0,87.5
arizona seo agency,bel,0,1,0.0,86.0
arizona seo agency,ben,0,1,0.0,99.0
arizona seo agency,bgd,0,2,0.0,85.5
arizona seo agency,bgr,0,2,0.0,60.5
arizona seo agency,bih,0,1,0.0,92.0
arizona seo agency,blr,0,2,0.0,57.5
arizona seo agency,bol,0,1,0.0,89.0
arizona seo agency,bra,0,83,0.0,88.08433734939759
arizona seo agency,brb,0,2,0.0,85.0
arizona seo agency,bwa,0,1,0.0,89.0
arizona seo agency,can,0,5,0.0,88.0
arizona seo agency,chl,0,4,0.0,93.0
arizona seo agency,col,0,2,0.0,88.0
arizona seo agency,cri,0,1,0.0,95.0
arizona seo agency,cze,0,1,0.0,86.0
arizona seo agency,deu,0,12,0.0,87.0
arizona seo agency,dom,0,1,0.0,76.0
arizona seo agency,dza,0,3,0.0,89.33333333333333
arizona seo agency,ecu,0,7,0.0,86.42857142857143
arizona seo agency,egy,0,6,0.0,93.5
arizona seo agency,esp,0,3,0.0,93.33333333333333
arizona seo agency,fra,0,11,0.0,83.72727272727273
arizona seo agency,gbr,0,37,0.0,81.24324324324324
arizona seo agency,geo,0,3,0.0,90.33333333333333
arizona seo agency,grc,0,1,0.0,91.0
arizona seo agency,gtm,0,1,0.0,85.0
arizona seo agency,hkg,0,1,0.0,82.0
arizona seo agency,hnd,0,2,0.0,89.5
arizona seo agency,hun,0,1,0.0,83.0
arizona seo agency,idn,0,6,0.0,66.83333333333333
arizona seo agency,ind,0,19,0.0,86.78947368421052
arizona seo agency,irl,0,1,0.0,88.0
arizona seo agency,irn,0,3,0.0,91.0
arizona seo agency,irq,0,3,0.0,89.0
arizona seo agency,isr,0,1,0.0,82.0
arizona seo agency,ita,0,32,0.0,91.09375
arizona seo agency,jor,0,2,0.0,85.5
arizona seo agency,jpn,0,3,0.0,88.33333333333333
arizona seo agency,kaz,0,2,0.0,88.0
arizona seo agency,ken,0,1,0.0,87.0
arizona seo agency,kor,0,18,0.0,89.11111111111111
arizona seo agency,kwt,0,2,0.0,83.5
arizona seo agency,lby,0,1,0.0,96.0
arizona seo agency,ltu,0,3,0.0,89.33333333333333
arizona seo agency,lva,0,1,0.0,83.0
arizona seo agency,mar,0,1,0.0,88.0
arizona seo agency,mex,0,6,0.0,88.0
arizona seo agency,mys,0,6,0.0,88.0
arizona seo agency,nga,0,1,0.0,83.0
arizona seo agency,nzl,0,1,0.0,91.0
arizona seo agency,pak,0,1,0.0,84.0
arizona seo agency,pan,0,1,0.0,65.0
arizona seo agency,per,0,2,0.0,71.0
arizona seo agency,phl,0,8,0.0,85.75
arizona seo agency,pol,0,5,0.0,88.8
arizona seo agency,pry,0,3,0.0,89.0
arizona seo agency,rou,0,1,0.0,87.0
arizona seo agency,rus,0,25,0.0,86.44
arizona seo agency,sau,0,5,0.0,88.4
arizona seo agency,sen,0,1,0.0,85.0
arizona seo agency,sgp,0,1,0.0,86.0
arizona seo agency,sle,0,1,0.0,89.0
arizona seo agency,slv,0,1,0.0,98.0
arizona seo agency,tha,0,3,0.0,87.66666666666667
arizona seo agency,tto,0,1,0.0,88.0
arizona seo agency,tun,0,1,0.0,93.0
arizona seo agency,tur,0,2,0.0,91.0
arizona seo agency,twn,0,2,0.0,89.5
arizona seo agency,tza,0,1,0.0,95.0
arizona seo agency,ukr,0,6,0.0,87.16666666666667
arizona seo agency,ury,0,4,0.0,82.25
arizona seo agency,uzb,0,4,0.0,91.5
arizona seo agency,ven,0,6,0.0,88.16666666666667
arizona seo agency,vnm,0,28,0.0,85.21428571428571
arizona seo agency,zaf,0,4,0.0,89.75
arizona seo agency,zzz,0,2,0.0,88.5
arizona seo and digital marketing agency,usa,0,3,0.0,85.66666666666667
arizona seo class,usa,0,1,0.0,78.0
arizona seo companies,are,0,2,0.0,79.5
arizona seo companies,arg,0,5,0.0,70.4
arizona seo companies,bhr,0,1,0.0,87.0
arizona seo companies,bih,0,1,0.0,77.0
arizona seo companies,bra,0,14,0.0,73.85714285714286
arizona seo companies,can,0,1,0.0,96.0
arizona seo companies,cze,0,1,0.0,85.0
arizona seo companies,deu,0,2,0.0,79.0
arizona seo companies,dza,0,1,0.0,93.0
arizona seo companies,egy,0,2,0.0,75.5
arizona seo companies,esp,0,2,0.0,75.0
arizona seo companies,fin,0,1,0.0,77.0
arizona seo companies,gbr,0,8,0.0,67.0
arizona seo companies,idn,0,3,0.0,74.33333333333333
arizona seo companies,ind,0,18,0.0,80.44444444444444
arizona seo companies,ita,0,3,0.0,78.0
arizona seo companies,jor,0,1,0.0,78.0
arizona seo companies,kaz,0,1,0.0,74.0
arizona seo companies,kor,0,3,0.0,78.66666666666667
arizona seo companies,mar,0,1,0.0,77.0
arizona seo companies,mda,0,1,0.0,83.0
arizona seo companies,mex,0,2,0.0,82.0
arizona seo companies,mys,0,1,0.0,68.0
arizona seo companies,nzl,0,1,0.0,60.0
arizona seo companies,per,0,1,0.0,84.0
arizona seo companies,phl,0,2,0.0,79.0
arizona seo companies,pol,0,3,0.0,74.66666666666667
arizona seo companies,prt,0,1,0.0,76.0
arizona seo companies,rus,0,9,0.0,75.0
arizona seo companies,sau,0,1,0.0,77.0
arizona seo companies,tha,0,2,0.0,74.0
arizona seo companies,tur,0,2,0.0,81.5
arizona seo companies,ukr,0,2,0.0,87.5
arizona seo companies,ury,0,1,0.0,75.0
arizona seo companies,usa,0,492,0.0,68.8780487804878
arizona seo companies,uzb,0,1,0.0,82.0
arizona seo companies,vnm,0,3,0.0,83.33333333333333
arizona seo companies,zaf,0,2,0.0,76.5
arizona seo companies,zzz,0,1,0.0,81.0
arizona seo company,are,0,1,0.0,79.0
arizona seo company,arg,0,9,0.0,90.55555555555556
arizona seo company,arm,0,1,0.0,77.0
arizona seo company,aus,0,6,0.0,84.33333333333333
arizona seo company,aze,0,2,0.0,84.5
arizona seo company,bel,0,2,0.0,86.0
arizona seo company,bgd,0,7,0.0,81.0
arizona seo company,bgr,0,1,0.0,87.0
arizona seo company,bhs,0,2,0.0,75.5
arizona seo company,bih,0,2,0.0,90.5
arizona seo company,blr,0,4,0.0,85.5
arizona seo company,bmu,0,1,0.0,96.0
arizona seo company,bol,0,1,0.0,86.0
arizona seo company,bra,0,137,0.0,81.5036496350365
arizona seo company,brb,0,2,0.0,81.0
arizona seo company,brn,0,1,0.0,97.0
arizona seo company,can,0,14,0.0,79.07142857142857
arizona seo company,che,0,2,0.0,77.0
arizona seo company,chl,0,3,0.0,76.0
arizona seo company,col,0,6,0.0,82.66666666666667
arizona seo company,cri,0,1,0.0,82.0
arizona seo company,cym,0,1,0.0,78.0
arizona seo company,cyp,0,1,0.0,73.0
arizona seo company,cze,0,1,0.0,83.0
arizona seo company,deu,0,12,0.0,81.0
arizona seo company,dom,0,1,0.0,80.0
arizona seo company,dza,0,2,0.0,86.5
arizona seo company,ecu,0,7,0.0,81.42857142857143
arizona seo company,egy,0,1,0.0,101.0
arizona seo company,esp,0,10,0.0,82.7
arizona seo company,fra,0,20,0.0,66.2
arizona seo company,gab,0,1,0.0,96.0
arizona seo company,gbr,0,100,0.0,75.36
arizona seo company,geo,0,1,0.0,96.0
arizona seo company,grc,0,3,0.0,83.0
arizona seo company,gtm,0,1,0.0,74.0
arizona seo company,hnd,0,2,0.0,71.5
arizona seo company,hun,0,1,0.0,78.0
arizona seo company,idn,0,9,0.0,81.33333333333333
arizona seo company,ind,0,42,0.0,79.42857142857143
arizona seo company,irl,0,5,0.0,61.2
arizona seo company,irq,0,2,0.0,83.0
arizona seo company,isr,0,5,0.0,83.4
arizona seo company,ita,0,47,0.0,80.95744680851064
arizona seo company,jam,0,1,0.0,82.0
arizona seo company,jor,0,2,0.0,58.5
arizona seo company,jpn,0,5,0.0,87.4
arizona seo company,kaz,0,2,0.0,78.0
arizona seo company,khm,0,1,0.0,92.0
arizona seo company,kna,0,1,0.0,85.0
arizona seo company,kor,0,19,0.0,81.57894736842105
arizona seo company,kwt,0,2,0.0,87.0
arizona seo company,lao,0,1,0.0,77.0
arizona seo company,lbn,0,1,0.0,96.0
arizona seo company,ltu,0,9,0.0,83.44444444444444
arizona seo company,lva,0,1,0.0,84.0
arizona seo company,mar,0,5,0.0,81.6
arizona seo company,mda,0,1,0.0,81.0
arizona seo company,mex,0,11,0.0,80.0909090909091
arizona seo company,mng,0,1,0.0,85.0
arizona seo company,mys,0,8,0.0,78.625
arizona seo company,nga,0,1,0.0,77.0
arizona seo company,nld,0,5,0.0,84.0
arizona seo company,nor,0,1,0.0,84.0
arizona seo company,npl,0,4,0.0,90.0
arizona seo company,nzl,0,1,0.0,77.0
arizona seo company,pak,0,2,0.0,73.5
arizona seo company,pan,0,1,0.0,99.0
arizona seo company,per,0,5,0.0,76.6
arizona seo company,phl,0,12,0.0,82.83333333333333
arizona seo company,pol,0,6,0.0,79.0
arizona seo company,prt,0,1,0.0,82.0
arizona seo company,pry,0,2,0.0,73.0
arizona seo company,pse,0,2,0.0,80.5
arizona seo company,qat,0,1,0.0,78.0
arizona seo company,rou,0,2,0.0,79.0
arizona seo company,rus,0,36,0.0,79.83333333333333
arizona seo company,sau,0,8,0.0,81.375
arizona seo company,sen,0,1,0.0,97.0
arizona seo company,sgp,0,1,0.0,77.0
arizona seo company,srb,0,1,0.0,82.0
arizona seo company,sur,0,1,0.0,86.0
arizona seo company,svk,0,1,0.0,100.0
arizona seo company,swe,0,2,0.0,72.5
arizona seo company,tha,0,2,0.0,83.5
arizona seo company,tto,0,3,0.0,82.0
arizona seo company,tur,0,7,0.0,83.85714285714286
arizona seo company,twn,0,4,0.0,84.0
arizona seo company,ukr,0,12,0.0,85.66666666666667
arizona seo company,ury,0,1,0.0,72.0
arizona seo company,usa,0,2653,0.0,76.35582359592914
arizona seo company,uzb,0,3,0.0,86.33333333333333
arizona seo company,ven,0,3,0.0,74.66666666666667
arizona seo company,vnm,0,28,0.0,84.89285714285714
arizona seo company,zaf,0,7,0.0,82.42857142857143
arizona seo company,zzz,0,2,0.0,78.0
arizona seo company for attorneys,usa,0,8,0.0,92.375
arizona seo company reviews,usa,0,43,0.0,64.16279069767441
arizona seo consultancy,usa,0,1,0.0,48.0
arizona seo consultant,bgd,0,1,0.0,26.0
arizona seo consultant,blr,0,1,0.0,31.0
arizona seo consultant,bra,0,4,0.0,90.25
arizona seo consultant,brb,0,1,0.0,91.0
arizona seo consultant,can,0,1,0.0,81.0
arizona seo consultant,col,0,2,0.0,34.0
arizona seo consultant,deu,0,1,0.0,9.0
arizona seo consultant,esp,0,1,0.0,91.0
arizona seo consultant,fra,0,2,0.0,50.5
arizona seo consultant,gbr,0,4,0.0,59.75
arizona seo consultant,irq,0,1,0.0,50.0
arizona seo consultant,rus,0,1,0.0,93.0
arizona seo consultant,twn,0,1,0.0,74.0
arizona seo consultant,usa,0,62,0.0,45.225806451612904
arizona seo consultant,vnm,0,4,0.0,53.25
arizona seo consultant services,are,0,1,0.0,90.0
arizona seo consultant services,bra,0,3,0.0,95.66666666666667
arizona seo consultant services,dza,0,1,0.0,39.0
arizona seo consultant services,egy,0,1,0.0,38.0
arizona seo consultant services,fra,0,1,0.0,31.0
arizona seo consultant services,gbr,0,3,0.0,53.333333333333336
arizona seo consultant services,grc,0,1,0.0,97.0
arizona seo consultant services,ita,0,1,0.0,95.0
arizona seo consultant services,swe,0,1,0.0,97.0
arizona seo consultant services,usa,0,6,0.0,58.666666666666664
arizona seo consultant services,uzb,0,1,0.0,100.0
arizona seo consultant services,vnm,0,1,0.0,34.0
arizona seo consultants,fra,0,1,0.0,14.0
arizona seo consultants,gbr,0,1,0.0,34.0
arizona seo consultants company,usa,0,1,0.0,77.0
arizona seo consulting,usa,0,1,0.0,54.0
arizona seo consulting service,usa,0,1,0.0,53.0
arizona seo digital marketing agencies,usa,0,2,0.0,99.0
arizona seo digital marketing agency,usa,0,13,0.0,90.46153846153847
arizona seo digital marketing company,gbr,0,1,0.0,90.0
arizona seo digital marketing company,phl,0,1,0.0,84.0
arizona seo digital marketing company,rus,0,1,0.0,77.0
arizona seo digital marketing company,usa,0,69,0.0,82.52173913043478
arizona seo expert,bgd,0,1,0.0,71.0
arizona seo expert,bra,0,14,0.0,74.5
arizona seo expert,can,0,1,0.0,74.0
arizona seo expert,col,0,1,0.0,40.0
arizona seo expert,deu,0,1,0.0,71.0
arizona seo expert,dom,0,1,0.0,35.0
arizona seo expert,ecu,0,1,0.0,63.0
arizona seo expert,egy,0,1,0.0,73.0
arizona seo expert,esp,0,1,0.0,22.0
arizona seo expert,gbr,0,4,0.0,47.25
arizona seo expert,ind,0,4,0.0,81.75
arizona seo expert,irq,0,1,0.0,93.0
arizona seo expert,ita,0,1,0.0,95.0
arizona seo expert,kor,0,5,0.0,78.4
arizona seo expert,ltu,0,1,0.0,76.0
arizona seo expert,mex,0,1,0.0,91.0
arizona seo expert,phl,0,1,0.0,68.0
arizona seo expert,pol,0,1,0.0,94.0
arizona seo expert,rus,0,6,0.0,85.5
arizona seo expert,srb,0,1,0.0,80.0
arizona seo expert,twn,0,1,0.0,100.0
arizona seo expert,ukr,0,1,0.0,61.0
arizona seo expert,usa,0,126,0.0,48.70634920634921
arizona seo expert,zaf,0,1,0.0,75.0
arizona seo experts,usa,0,1,0.0,46.0
arizona seo firm,arg,0,5,0.0,95.6
arizona seo firm,bgr,0,1,0.0,62.0
arizona seo firm,bhr,0,1,0.0,90.0
arizona seo firm,bol,0,1,0.0,91.0
arizona seo firm,bra,0,19,0.0,92.52631578947368
arizona seo firm,chl,0,1,0.0,90.0
arizona seo firm,deu,0,1,0.0,98.0
arizona seo firm,dnk,0,1,0.0,100.0
arizona seo firm,fra,0,1,0.0,89.0
arizona seo firm,gbr,0,3,0.0,68.66666666666667
arizona seo firm,hnd,0,2,0.0,93.5
arizona seo firm,ind,0,5,0.0,83.4
arizona seo firm,irl,0,1,0.0,99.0
arizona seo firm,isr,0,1,0.0,43.0
arizona seo firm,ken,0,1,0.0,98.0
arizona seo firm,kor,0,5,0.0,95.0
arizona seo firm,mys,0,1,0.0,93.0
arizona seo firm,nld,0,1,0.0,92.0
arizona seo firm,per,0,1,0.0,92.0
arizona seo firm,pri,0,1,0.0,90.0
arizona seo firm,rus,0,12,0.0,96.75
arizona seo firm,swe,0,1,0.0,88.0
arizona seo firm,twn,0,1,0.0,98.0
arizona seo firm,usa,0,205,0.0,76.25365853658536
arizona seo firm,uzb,0,1,0.0,101.0
arizona seo firm,ven,0,1,0.0,92.0
arizona seo firm,zzz,0,1,0.0,97.0
arizona seo firms,usa,0,1,0.0,59.0
arizona seo growth,dnk,0,1,0.0,39.0
arizona seo growth,fra,0,1,0.0,36.0
arizona seo growth,usa,0,246,0.0,38.422764227642276
arizona seo optimization services,arg,0,2,0.0,69.0
arizona seo optimization services,bgd,0,1,0.0,88.0
arizona seo optimization services,blr,0,1,0.0,95.0
arizona seo optimization services,bra,0,18,0.0,86.16666666666667
arizona seo optimization services,col,0,1,0.0,93.0
arizona seo optimization services,deu,0,1,0.0,88.0
arizona seo optimization services,ecu,0,1,0.0,90.0
arizona seo optimization services,fra,0,2,0.0,78.5
arizona seo optimization services,gbr,0,4,0.0,89.75
arizona seo optimization services,idn,0,1,0.0,81.0
arizona seo optimization services,isr,0,1,0.0,83.0
arizona seo optimization services,ken,0,1,0.0,81.0
arizona seo optimization services,kor,0,1,0.0,92.0
arizona seo optimization services,mex,0,1,0.0,97.0
arizona seo optimization services,nld,0,1,0.0,88.0
arizona seo optimization services,pak,0,1,0.0,75.0
arizona seo optimization services,pry,0,1,0.0,87.0
arizona seo optimization services,rus,0,3,0.0,86.33333333333333
arizona seo optimization services,sau,0,2,0.0,91.0
arizona seo optimization services,som,0,1,0.0,87.0
arizona seo optimization services,svn,0,1,0.0,87.0
arizona seo optimization services,tur,0,1,0.0,86.0
arizona seo optimization services,twn,0,1,0.0,88.0
arizona seo optimization services,ukr,0,3,0.0,85.66666666666667
arizona seo optimization services,usa,0,66,0.0,80.42424242424242
arizona seo organic growth,usa,0,31,0.0,51.12903225806452
arizona seo organic growth consulting,usa,0,73,0.0,48.342465753424655
arizona seo package,bra,0,1,0.0,85.0
arizona seo package,dza,0,2,0.0,44.5
arizona seo package,eth,0,1,0.0,32.0
arizona seo package,usa,0,15,0.0,59.8
arizona seo package plan,bra,0,3,0.0,71.0
arizona seo package plan,col,0,1,0.0,36.0
arizona seo package plan,idn,0,1,0.0,31.0
arizona seo package plan,ind,0,1,0.0,43.0
arizona seo package plan,phl,0,1,0.0,46.0
arizona seo package plan,rus,0,1,0.0,83.0
arizona seo package plan,usa,0,77,0.0,46.74025974025974
arizona seo packages,usa,0,31,0.0,74.80645161290323
arizona seo professional for attorneys,usa,0,2,0.0,95.0
arizona seo project,phl,0,1,0.0,47.0
arizona seo project,usa,0,414,0.0,30.5
arizona seo projects,usa,0,406,0.0,34.67733990147783
arizona seo search engine optimization,bel,0,1,0.0,90.0
arizona seo search engine optimization,bra,0,16,0.0,74.625
arizona seo search engine optimization,can,0,1,0.0,85.0
arizona seo search engine optimization,deu,0,1,0.0,90.0
arizona seo search engine optimization,dnk,0,1,0.0,70.0
arizona seo search engine optimization,esp,0,1,0.0,87.0
arizona seo search engine optimization,gbr,0,6,0.0,72.5
arizona seo search engine optimization,gha,0,1,0.0,82.0
arizona seo search engine optimization,idn,0,2,0.0,50.0
arizona seo search engine optimization,ind,0,3,0.0,83.66666666666667
arizona seo search engine optimization,ita,0,2,0.0,58.5
arizona seo search engine optimization,kor,0,1,0.0,88.0
arizona seo search engine optimization,mex,0,2,0.0,92.0
arizona seo search engine optimization,mys,0,1,0.0,26.0
arizona seo search engine optimization,nic,0,1,0.0,89.0
arizona seo search engine optimization,pol,0,1,0.0,77.0
arizona seo search engine optimization,rus,0,2,0.0,89.5
arizona seo search engine optimization,usa,0,108,0.0,77.82407407407408
arizona seo search engine optimization,zmb,0,1,0.0,50.0
arizona seo search engine optimization,zzz,0,1,0.0,74.0
arizona seo service,are,0,1,0.0,80.0
arizona seo service,arg,0,6,0.0,82.16666666666667
arizona seo service,aus,0,5,0.0,85.0
arizona seo service,aut,0,1,0.0,79.0
arizona seo service,bgd,0,4,0.0,83.5
arizona seo service,bhs,0,1,0.0,88.0
arizona seo service,blr,0,1,0.0,84.0
arizona seo service,bra,0,98,0.0,82.26530612244898
arizona seo service,brb,0,1,0.0,87.0
arizona seo service,can,0,11,0.0,83.18181818181819
arizona seo service,chl,0,1,0.0,79.0
arizona seo service,col,0,4,0.0,84.25
arizona seo service,cri,0,1,0.0,86.0
arizona seo service,deu,0,6,0.0,82.0
arizona seo service,dom,0,1,0.0,86.0
arizona seo service,dza,0,2,0.0,90.0
arizona seo service,ecu,0,2,0.0,93.5
arizona seo service,egy,0,4,0.0,88.0
arizona seo service,esp,0,5,0.0,81.8
arizona seo service,eth,0,2,0.0,78.5
arizona seo service,fra,0,5,0.0,82.6
arizona seo service,gbr,0,31,0.0,79.80645161290323
arizona seo service,hnd,0,1,0.0,85.0
arizona seo service,hrv,0,1,0.0,84.0
arizona seo service,idn,0,2,0.0,79.5
arizona seo service,ind,0,10,0.0,87.1
arizona seo service,irl,0,2,0.0,84.5
arizona seo service,irq,0,6,0.0,82.5
arizona seo service,ita,0,3,0.0,79.66666666666667
arizona seo service,jor,0,1,0.0,94.0
arizona seo service,jpn,0,2,0.0,86.5
arizona seo service,kaz,0,1,0.0,86.0
arizona seo service,ken,0,3,0.0,78.66666666666667
arizona seo service,kor,0,11,0.0,82.54545454545455
arizona seo service,lbn,0,2,0.0,94.0
arizona seo service,ltu,0,3,0.0,82.0
arizona seo service,mar,0,2,0.0,84.5
arizona seo service,mda,0,2,0.0,79.5
arizona seo service,mex,0,6,0.0,86.66666666666667
arizona seo service,mys,0,3,0.0,88.0
arizona seo service,nic,0,1,0.0,89.0
arizona seo service,nld,0,3,0.0,86.0
arizona seo service,npl,0,1,0.0,85.0
arizona seo service,omn,0,2,0.0,94.0
arizona seo service,phl,0,1,0.0,74.0
arizona seo service,pol,0,1,0.0,79.0
arizona seo service,prt,0,1,0.0,90.0
arizona seo service,pry,0,3,0.0,83.33333333333333
arizona seo service,pse,0,1,0.0,85.0
arizona seo service,rou,0,2,0.0,76.5
arizona seo service,rus,0,20,0.0,80.2
arizona seo service,sau,0,5,0.0,78.2
arizona seo service,srb,0,2,0.0,87.5
arizona seo service,tha,0,1,0.0,72.0
arizona seo service,tto,0,2,0.0,86.5
arizona seo service,tun,0,2,0.0,81.5
arizona seo service,tur,0,4,0.0,86.75
arizona seo service,twn,0,2,0.0,88.5
arizona seo service,ukr,0,2,0.0,85.0
arizona seo service,ury,0,1,0.0,74.0
arizona seo service,usa,0,417,0.0,74.55635491606715
arizona seo service,uzb,0,1,0.0,81.0
arizona seo service,ven,0,5,0.0,79.2
arizona seo service,vnm,0,29,0.0,83.48275862068965
arizona seo service,zaf,0,6,0.0,80.16666666666667
arizona seo service,zwe,0,1,0.0,67.0
arizona seo service,zzz,0,1,0.0,86.0
arizona seo services,alb,0,1,0.0,76.0
arizona seo services,are,0,1,0.0,75.0
arizona seo services,arg,0,7,0.0,76.0
arizona seo services,aus,0,4,0.0,62.75
arizona seo services,aut,0,2,0.0,75.5
arizona seo services,aze,0,1,0.0,86.0
arizona seo services,bgd,0,4,0.0,80.5
arizona seo services,bgr,0,1,0.0,77.0
arizona seo services,blr,0,1,0.0,73.0
arizona seo services,blz,0,1,0.0,73.0
arizona seo services,bol,0,1,0.0,83.0
arizona seo services,bra,0,73,0.0,76.41095890410959
arizona seo services,brb,0,2,0.0,76.0
arizona seo services,can,0,5,0.0,83.4
arizona seo services,che,0,7,0.0,39.57142857142857
arizona seo services,chl,0,1,0.0,80.0
arizona seo services,col,0,4,0.0,79.5
arizona seo services,cze,0,1,0.0,83.0
arizona seo services,deu,0,30,0.0,54.46666666666667
arizona seo services,dza,0,1,0.0,79.0
arizona seo services,ecu,0,5,0.0,76.6
arizona seo services,egy,0,3,0.0,83.0
arizona seo services,esp,0,4,0.0,80.25
arizona seo services,fra,0,5,0.0,61.8
arizona seo services,gbr,0,44,0.0,66.4090909090909
arizona seo services,glp,0,1,0.0,79.0
arizona seo services,hrv,0,1,0.0,76.0
arizona seo services,idn,0,4,0.0,76.25
arizona seo services,ind,0,17,0.0,72.58823529411765
arizona seo services,irl,0,7,0.0,55.714285714285715
arizona seo services,irn,0,2,0.0,91.5
arizona seo services,irq,0,7,0.0,78.14285714285714
arizona seo services,isr,0,2,0.0,84.0
arizona seo services,ita,0,15,0.0,78.93333333333334
arizona seo services,jor,0,1,0.0,79.0
arizona seo services,jpn,0,2,0.0,79.5
arizona seo services,ken,0,1,0.0,78.0
arizona seo services,kgz,0,1,0.0,81.0
arizona seo services,kor,0,23,0.0,78.47826086956522
arizona seo services,kwt,0,1,0.0,78.0
arizona seo services,ltu,0,4,0.0,76.0
arizona seo services,mar,0,2,0.0,75.0
arizona seo services,mex,0,6,0.0,75.83333333333333
arizona seo services,mys,0,2,0.0,80.5
arizona seo services,nld,0,2,0.0,47.5
arizona seo services,nor,0,1,0.0,82.0
arizona seo services,npl,0,2,0.0,83.5
arizona seo services,omn,0,1,0.0,84.0
arizona seo services,pak,0,5,0.0,77.8
arizona seo services,pan,0,1,0.0,79.0
arizona seo services,per,0,3,0.0,86.66666666666667
arizona seo services,phl,0,2,0.0,76.0
arizona seo services,pol,0,2,0.0,79.0
arizona seo services,pri,0,1,0.0,73.0
arizona seo services,prt,0,1,0.0,79.0
arizona seo services,rou,0,4,0.0,82.75
arizona seo services,rus,0,27,0.0,79.85185185185185
arizona seo services,sau,0,3,0.0,77.0
arizona seo services,srb,0,2,0.0,75.5
arizona seo services,swe,0,1,0.0,49.0
arizona seo services,tto,0,2,0.0,83.5
arizona seo services,tun,0,2,0.0,74.5
arizona seo services,tur,0,9,0.0,78.77777777777777
arizona seo services,twn,0,2,0.0,79.5
arizona seo services,ukr,0,2,0.0,76.0
arizona seo services,ury,0,1,0.0,79.0
arizona seo services,uzb,0,3,0.0,75.0
arizona seo services,ven,0,2,0.0,80.5
arizona seo services,vnm,0,24,0.0,77.16666666666667
arizona seo services,yem,0,1,0.0,77.0
arizona seo services,zaf,0,2,0.0,74.5
arizona seo services,zzz,0,1,0.0,78.0
arizona seo specialist,arg,0,1,0.0,98.0
arizona seo specialist,bra,0,1,0.0,99.0
arizona seo specialist,gbr,0,1,0.0,101.0
arizona seo specialist,kor,0,1,0.0,97.0
arizona seo specialist,rus,0,1,0.0,100.0
arizona seo specialist,usa,0,20,0.0,66.3
arizona small business seo services,blr,0,1,0.0,75.0
arizona small business seo services,bra,0,3,0.0,60.666666666666664
arizona small business seo services,deu,0,2,0.0,72.5
arizona small business seo services,fra,0,1,0.0,100.0
arizona small business seo services,gbr,0,3,0.0,86.33333333333333
arizona small business seo services,idn,0,1,0.0,68.0
arizona small business seo services,ita,0,1,0.0,79.0
arizona small business seo services,kaz,0,1,0.0,81.0
arizona small business seo services,mex,0,1,0.0,94.0
arizona small business seo services,per,0,1,0.0,86.0
arizona small business seo services,usa,0,12,0.0,74.0
arizona social media agency,arg,0,2,0.0,96.5
arizona social media agency,bgd,0,1,0.0,92.0
arizona social media agency,bgr,0,1,0.0,97.0
arizona social media agency,bra,0,19,0.0,94.05263157894737
arizona social media agency,can,0,1,0.0,99.0
arizona social media agency,col,0,2,0.0,92.5
arizona social media agency,cyp,0,1,0.0,97.0
arizona social media agency,deu,0,2,0.0,86.5
arizona social media agency,ecu,0,3,0.0,95.0
arizona social media agency,egy,0,1,0.0,95.0
arizona social media agency,esp,0,2,0.0,94.5
arizona social media agency,fra,0,1,0.0,99.0
arizona social media agency,gbr,0,1,0.0,97.0
arizona social media agency,kor,0,5,0.0,92.6
arizona social media agency,mar,0,1,0.0,95.0
arizona social media agency,mex,0,1,0.0,91.0
arizona social media agency,mys,0,1,0.0,92.0
arizona social media agency,nzl,0,1,0.0,96.0
arizona social media agency,phl,0,1,0.0,94.0
arizona social media agency,pol,0,1,0.0,98.0
arizona social media agency,prt,0,1,0.0,95.0
arizona social media agency,rus,0,4,0.0,95.0
arizona social media agency,sgp,0,2,0.0,95.5
arizona social media agency,slv,0,1,0.0,98.0
arizona social media agency,svk,0,1,0.0,102.0
arizona social media agency,tha,0,1,0.0,93.0
arizona social media agency,usa,0,39,0.0,89.64102564102564
arizona social media agency,vnm,0,15,0.0,95.33333333333333
arizona social media agency,zzz,0,1,0.0,97.0
arizona social media marketing,usa,0,3,0.0,72.33333333333333
arizona software development,bra,0,1,0.0,96.0
arizona software development,usa,0,2,0.0,93.0
arizona software development company,ind,0,2,0.0,83.5
arizona software development company,usa,0,13,0.0,74.07692307692308
arizona state university web development,usa,0,3,0.0,42.0
arizona successful seo organic growth,usa,0,89,0.0,57.337078651685395
arizona technology ad agency,can,0,2,0.0,35.5
arizona technology ad agency,usa,0,77,0.0,36.896103896103895
arizona technology content marketing,usa,0,2,0.0,44.5
arizona technology marketing,usa,0,1,0.0,65.0
arizona technology media agency,ita,0,1,0.0,24.0
arizona technology media agency,usa,0,78,0.0,43.243589743589745
arizona technology seo firm,aus,0,1,0.0,39.0
arizona technology seo firm,can,0,1,0.0,17.0
arizona technology seo firm,isr,0,1,0.0,65.0
arizona technology seo firm,ita,0,1,0.0,100.0
arizona technology seo firm,jpn,0,2,0.0,41.5
arizona technology seo firm,mex,0,1,0.0,32.0
arizona technology seo firm,twn,0,1,0.0,34.0
arizona technology seo firm,usa,0,250,0.0,38.056
arizona top seo,npl,0,1,0.0,78.0
arizona web,arg,0,2,0.0,16.5
arizona web,aut,0,1,0.0,11.0
arizona web,bgd,0,1,0.0,8.0
arizona web,bra,0,26,0.0,28.26923076923077
arizona web,can,0,6,0.0,10.833333333333334
arizona web,chn,0,1,0.0,9.0
arizona web,col,0,1,0.0,3.0
arizona web,cym,0,1,0.0,9.0
arizona web,deu,0,1,0.0,30.0
arizona web,est,0,1,0.0,8.0
arizona web,fra,0,1,0.0,8.0
arizona web,gbr,0,6,0.0,14.833333333333334
arizona web,geo,0,1,0.0,31.0
arizona web,gtm,0,2,0.0,26.5
arizona web,hrv,0,3,0.0,7.666666666666667
arizona web,hun,0,1,0.0,21.0
arizona web,ind,0,8,0.0,21.0
arizona web,ita,0,1,0.0,9.0
arizona web,jpn,0,1,0.0,28.0
arizona web,kaz,0,1,0.0,29.0
arizona web,kgz,0,1,0.0,8.0
arizona web,kor,0,6,0.0,27.833333333333332
arizona web,kwt,0,1,0.0,33.0
arizona web,mex,0,3,0.0,18.333333333333332
arizona web,mys,0,2,0.0,32.0
arizona web,nga,0,1,0.0,9.0
arizona web,nld,0,1,0.0,7.0
arizona web,npl,0,1,0.0,7.0
arizona web,pak,0,3,0.0,5.0
arizona web,per,0,1,0.0,45.0
arizona web,pol,0,1,0.0,7.0
arizona web,pri,0,1,0.0,24.0
arizona web,rou,0,1,0.0,3.0
arizona web,rus,0,8,0.0,29.0
arizona web,sau,0,2,0.0,17.5
arizona web,swe,0,1,0.0,30.0
arizona web,tur,0,2,0.0,26.0
arizona web,twn,0,1,0.0,7.0
arizona web,ukr,0,1,0.0,35.0
arizona web,vgb,0,1,0.0,3.0
arizona web,vnm,0,2,0.0,29.5
arizona web,zaf,0,2,0.0,26.0
arizona web company,are,0,1,0.0,3.0
arizona web company,arg,0,1,0.0,3.0
arizona web company,aus,0,1,0.0,10.0
arizona web company,bra,0,9,0.0,8.222222222222221
arizona web company,can,0,1,0.0,14.0
arizona web company,col,0,1,0.0,3.0
arizona web company,cze,0,1,0.0,14.0
arizona web company,deu,0,5,0.0,6.8
arizona web company,dom,0,2,0.0,1.5
arizona web company,esp,0,9,0.0,4.222222222222222
arizona web company,fji,0,1,0.0,1.0
arizona web company,fra,0,7,0.0,8.714285714285715
arizona web company,gbr,0,8,0.0,9.875
arizona web company,grc,0,2,0.0,9.0
arizona web company,hnd,0,1,0.0,2.0
arizona web company,idn,0,3,0.0,3.3333333333333335
arizona web company,ind,0,10,0.0,7.3
arizona web company,ita,0,28,0.0,8.571428571428571
arizona web company,jam,0,1,0.0,13.0
arizona web company,ken,0,2,0.0,6.5
arizona web company,kor,0,1,0.0,3.0
arizona web company,ltu,0,3,0.0,12.666666666666666
arizona web company,mda,0,1,0.0,10.0
arizona web company,mex,0,1,0.0,10.0
arizona web company,mmr,0,4,0.0,3.75
arizona web company,per,0,1,0.0,10.0
arizona web company,phl,0,1,0.0,15.0
arizona web company,pol,0,1,0.0,4.0
arizona web company,sau,0,1,0.0,7.0
arizona web company,srb,0,1,0.0,1.0
arizona web company,tur,0,4,0.0,6.5
arizona web company,ukr,0,2,0.0,4.0
arizona web company,uzb,0,1,0.0,10.0
arizona web company,vnm,0,2,0.0,13.5
arizona web design,are,0,3,0.0,66.66666666666667
arizona web design,arg,0,9,0.0,52.44444444444444
arizona web design,aus,0,6,0.0,50.833333333333336
arizona web design,bel,0,1,0.0,30.0
arizona web design,bgd,0,3,0.0,47.333333333333336
arizona web design,bgr,0,1,0.0,30.0
arizona web design,bol,0,1,0.0,81.0
arizona web design,bra,0,172,0.0,69.3953488372093
arizona web design,can,0,6,0.0,43.833333333333336
arizona web design,che,0,2,0.0,61.5
arizona web design,chl,0,2,0.0,55.5
arizona web design,civ,0,1,0.0,29.0
arizona web design,col,0,4,0.0,53.75
arizona web design,cze,0,1,0.0,86.0
arizona web design,deu,0,10,0.0,73.6
arizona web design,dom,0,2,0.0,70.0
arizona web design,ecu,0,3,0.0,59.333333333333336
arizona web design,egy,0,1,0.0,30.0
arizona web design,esp,0,4,0.0,56.5
arizona web design,fra,0,21,0.0,45.23809523809524
arizona web design,gbr,0,25,0.0,56.08
arizona web design,gtm,0,1,0.0,91.0
arizona web design,hkg,0,1,0.0,77.0
arizona web design,hnd,0,1,0.0,1.0
arizona web design,hrv,0,1,0.0,1.0
arizona web design,hun,0,1,0.0,97.0
arizona web design,idn,0,5,0.0,39.6
arizona web design,ind,0,21,0.0,55.142857142857146
arizona web design,irl,0,4,0.0,78.75
arizona web design,irn,0,1,0.0,79.0
arizona web design,isr,0,1,0.0,35.0
arizona web design,ita,0,17,0.0,66.29411764705883
arizona web design,jam,0,1,0.0,48.0
arizona web design,jpn,0,1,0.0,76.0
arizona web design,kaz,0,1,0.0,31.0
arizona web design,ken,0,3,0.0,40.0
arizona web design,khm,0,1,0.0,33.0
arizona web design,kor,0,23,0.0,66.30434782608695
arizona web design,lby,0,1,0.0,81.0
arizona web design,mar,0,1,0.0,29.0
arizona web design,mda,0,1,0.0,74.0
arizona web design,mex,0,6,0.0,57.833333333333336
arizona web design,mng,0,1,0.0,30.0
arizona web design,mus,0,1,0.0,77.0
arizona web design,mys,0,9,0.0,63.111111111111114
arizona web design,nld,0,1,0.0,32.0
arizona web design,omn,0,1,0.0,95.0
arizona web design,pak,0,1,0.0,30.0
arizona web design,per,0,10,0.0,35.5
arizona web design,phl,0,8,0.0,55.625
arizona web design,pol,0,4,0.0,74.5
arizona web design,pri,0,1,0.0,10.0
arizona web design,pry,0,2,0.0,84.0
arizona web design,rou,0,4,0.0,55.75
arizona web design,rus,0,32,0.0,66.78125
arizona web design,sau,0,2,0.0,57.0
arizona web design,sgp,0,2,0.0,52.5
arizona web design,srb,0,1,0.0,25.0
arizona web design,svn,0,1,0.0,38.0
arizona web design,tha,0,1,0.0,96.0
arizona web design,tto,0,2,0.0,18.5
arizona web design,tun,0,1,0.0,89.0
arizona web design,tur,0,5,0.0,81.8
arizona web design,twn,0,8,0.0,53.75
arizona web design,ukr,0,5,0.0,67.6
arizona web design,ury,0,2,0.0,82.0
arizona web design,usa,0,2646,0.0,55.356386999244144
arizona web design,ven,0,2,0.0,41.0
arizona web design,vnm,0,14,0.0,72.14285714285714
arizona web design,zaf,0,4,0.0,47.25
arizona web design,zzz,0,5,0.0,49.4
arizona web design agency,esp,0,2,0.0,62.5
arizona web design agency,fra,0,1,0.0,2.0
arizona web design agency,sau,0,1,0.0,72.0
arizona web design agency,tur,0,1,0.0,43.0
arizona web design agency,usa,0,18,0.0,46.0
arizona web design and seo,bgr,0,1,0.0,2.0
arizona web design and seo,bih,0,1,0.0,2.0
arizona web design and seo,blr,0,3,0.0,49.666666666666664
arizona web design and seo,bra,0,40,0.0,20.95
arizona web design and seo,can,0,3,0.0,7.333333333333333
arizona web design and seo,col,0,1,0.0,1.0
arizona web design and seo,cyp,0,1,0.0,2.0
arizona web design and seo,deu,0,1,0.0,2.0
arizona web design and seo,dom,0,1,0.0,2.0
arizona web design and seo,egy,0,2,0.0,2.0
arizona web design and seo,esp,0,3,0.0,2.0
arizona web design and seo,fra,0,1,0.0,2.0
arizona web design and seo,gbr,0,10,0.0,26.8
arizona web design and seo,geo,0,2,0.0,46.0
arizona web design and seo,grc,0,2,0.0,42.5
arizona web design and seo,gtm,0,1,0.0,92.0
arizona web design and seo,ind,0,7,0.0,32.714285714285715
arizona web design and seo,irq,0,3,0.0,39.333333333333336
arizona web design and seo,ita,0,2,0.0,53.5
arizona web design and seo,kor,0,20,0.0,20.85
arizona web design and seo,ltu,0,1,0.0,1.0
arizona web design and seo,mar,0,1,0.0,2.0
arizona web design and seo,mdg,0,1,0.0,2.0
arizona web design and seo,mex,0,1,0.0,2.0
arizona web design and seo,mys,0,1,0.0,1.0
arizona web design and seo,omn,0,1,0.0,72.0
arizona web design and seo,per,0,1,0.0,2.0
arizona web design and seo,rus,0,11,0.0,45.45454545454545
arizona web design and seo,svn,0,1,0.0,2.0
arizona web design and seo,ukr,0,1,0.0,1.0
arizona web design and seo,usa,0,442,0.0,62.72850678733032
arizona web design and seo,vnm,0,1,0.0,33.0
arizona web design and seo,zzz,0,1,0.0,1.0
arizona web design companies,usa,0,76,0.0,52.14473684210526
arizona web design company,are,0,1,0.0,79.0
arizona web design company,arm,0,1,0.0,54.0
arizona web design company,aus,0,2,0.0,68.0
arizona web design company,blr,0,1,0.0,64.0
arizona web design company,bra,0,46,0.0,62.630434782608695
arizona web design company,brb,0,1,0.0,59.0
arizona web design company,can,0,4,0.0,58.25
arizona web design company,chl,0,1,0.0,84.0
arizona web design company,col,0,2,0.0,73.0
arizona web design company,deu,0,4,0.0,56.75
arizona web design company,dom,0,1,0.0,70.0
arizona web design company,dza,0,1,0.0,79.0
arizona web design company,ecu,0,1,0.0,84.0
arizona web design company,egy,0,2,0.0,60.0
arizona web design company,esp,0,2,0.0,62.5
arizona web design company,fra,0,3,0.0,69.0
arizona web design company,gbr,0,19,0.0,60.473684210526315
arizona web design company,grc,0,1,0.0,56.0
arizona web design company,gtm,0,1,0.0,87.0
arizona web design company,hun,0,2,0.0,54.5
arizona web design company,idn,0,3,0.0,75.0
arizona web design company,ind,0,9,0.0,67.77777777777777
arizona web design company,ita,0,20,0.0,62.25
arizona web design company,jam,0,1,0.0,66.0
arizona web design company,jor,0,1,0.0,76.0
arizona web design company,jpn,0,4,0.0,59.75
arizona web design company,kaz,0,1,0.0,54.0
arizona web design company,ken,0,1,0.0,85.0
arizona web design company,khm,0,1,0.0,58.0
arizona web design company,kor,0,9,0.0,69.55555555555556
arizona web design company,ltu,0,2,0.0,64.5
arizona web design company,lva,0,1,0.0,59.0
arizona web design company,mar,0,1,0.0,69.0
arizona web design company,mda,0,1,0.0,61.0
arizona web design company,mex,0,4,0.0,69.75
arizona web design company,mys,0,1,0.0,65.0
arizona web design company,nld,0,2,0.0,40.0
arizona web design company,omn,0,1,0.0,75.0
arizona web design company,pak,0,2,0.0,51.0
arizona web design company,phl,0,1,0.0,37.0
arizona web design company,pol,0,3,0.0,70.33333333333333
arizona web design company,prt,0,2,0.0,44.0
arizona web design company,pse,0,1,0.0,35.0
arizona web design company,rus,0,15,0.0,63.93333333333333
arizona web design company,rwa,0,1,0.0,60.0
arizona web design company,sau,0,1,0.0,59.0
arizona web design company,sgp,0,2,0.0,60.0
arizona web design company,svk,0,1,0.0,65.0
arizona web design company,swe,0,1,0.0,67.0
arizona web design company,tgo,0,1,0.0,48.0
arizona web design company,tha,0,1,0.0,58.0
arizona web design company,tur,0,1,0.0,65.0
arizona web design company,twn,0,1,0.0,56.0
arizona web design company,uga,0,1,0.0,50.0
arizona web design company,ukr,0,5,0.0,55.8
arizona web design company,usa,0,844,0.0,48.394549763033176
arizona web design company,uzb,0,1,0.0,87.0
arizona web design company,ven,0,2,0.0,94.5
arizona web design company,vnm,0,7,0.0,65.85714285714286
arizona web design company,zaf,0,4,0.0,68.5
arizona web design company,zzz,0,1,0.0,85.0
arizona web design firm,gbr,0,1,0.0,48.0
arizona web design firm,gtm,0,1,0.0,40.0
arizona web design firm,usa,0,4,0.0,47.75
arizona web design firm,vnm,0,1,0.0,41.0
arizona web design services,bel,0,1,0.0,61.0
arizona web design services,bgd,0,1,0.0,14.0
arizona web design services,bih,0,1,0.0,50.0
arizona web design services,bra,0,3,0.0,52.0
arizona web design services,che,0,1,0.0,52.0
arizona web design services,col,0,2,0.0,39.0
arizona web design services,egy,0,3,0.0,54.666666666666664
arizona web design services,esp,0,1,0.0,27.0
arizona web design services,fra,0,2,0.0,60.5
arizona web design services,gbr,0,7,0.0,48.57142857142857
arizona web design services,grc,0,1,0.0,78.0
arizona web design services,idn,0,1,0.0,21.0
arizona web design services,ind,0,1,0.0,27.0
arizona web design services,isr,0,2,0.0,35.0
arizona web design services,kaz,0,1,0.0,38.0
arizona web design services,kor,0,1,0.0,85.0
arizona web design services,mac,0,1,0.0,34.0
arizona web design services,mex,0,1,0.0,67.0
arizona web design services,nga,0,1,0.0,57.0
arizona web design services,nzl,0,1,0.0,30.0
arizona web design services,per,0,10,0.0,33.7
arizona web design services,phl,0,1,0.0,33.0
arizona web design services,rou,0,1,0.0,59.0
arizona web design services,ukr,0,1,0.0,59.0
arizona web design services,usa,0,99,0.0,24.91919191919192
arizona web designe,usa,0,1,0.0,95.0
arizona web designer,are,0,2,0.0,27.0
arizona web designer,arg,0,2,0.0,37.5
arizona web designer,aus,0,3,0.0,60.666666666666664
arizona web designer,bgd,0,1,0.0,37.0
arizona web designer,bhr,0,1,0.0,57.0
arizona web designer,blr,0,1,0.0,53.0
arizona web designer,bra,0,42,0.0,42.642857142857146
arizona web designer,bwa,0,1,0.0,45.0
arizona web designer,can,0,5,0.0,35.8
arizona web designer,chl,0,1,0.0,28.0
arizona web designer,col,0,5,0.0,37.4
arizona web designer,deu,0,6,0.0,44.333333333333336
arizona web designer,dom,0,1,0.0,23.0
arizona web designer,dza,0,1,0.0,53.0
arizona web designer,ecu,0,3,0.0,43.666666666666664
arizona web designer,egy,0,2,0.0,38.0
arizona web designer,esp,0,2,0.0,35.0
arizona web designer,fra,0,4,0.0,45.5
arizona web designer,gbr,0,14,0.0,50.57142857142857
arizona web designer,grc,0,3,0.0,29.333333333333332
arizona web designer,hnd,0,1,0.0,28.0
arizona web designer,hun,0,1,0.0,24.0
arizona web designer,idn,0,2,0.0,44.5
arizona web designer,ind,0,9,0.0,49.333333333333336
arizona web designer,irn,0,1,0.0,33.0
arizona web designer,irq,0,1,0.0,27.0
arizona web designer,ita,0,31,0.0,41.70967741935484
arizona web designer,jam,0,2,0.0,34.0
arizona web designer,jor,0,1,0.0,51.0
arizona web designer,jpn,0,3,0.0,39.0
arizona web designer,kor,0,15,0.0,42.93333333333333
arizona web designer,lbn,0,1,0.0,53.0
arizona web designer,ltu,0,4,0.0,32.25
arizona web designer,lva,0,1,0.0,28.0
arizona web designer,mex,0,7,0.0,40.42857142857143
arizona web designer,mys,0,1,0.0,36.0
arizona web designer,nld,0,4,0.0,57.5
arizona web designer,nzl,0,2,0.0,37.5
arizona web designer,pak,0,2,0.0,29.5
arizona web designer,per,0,10,0.0,34.8
arizona web designer,phl,0,4,0.0,31.75
arizona web designer,pol,0,1,0.0,62.0
arizona web designer,prt,0,1,0.0,29.0
arizona web designer,pry,0,3,0.0,44.0
arizona web designer,pse,0,1,0.0,28.0
arizona web designer,rus,0,14,0.0,38.5
arizona web designer,swe,0,1,0.0,28.0
arizona web designer,tur,0,1,0.0,35.0
arizona web designer,twn,0,2,0.0,40.0
arizona web designer,ukr,0,1,0.0,47.0
arizona web designer,ury,0,1,0.0,51.0
arizona web designer,usa,0,519,0.0,29.454720616570327
arizona web designer,ven,0,1,0.0,26.0
arizona web designer,vnm,0,19,0.0,45.89473684210526
arizona web designer,zaf,0,3,0.0,45.666666666666664
arizona web designers,arg,0,2,0.0,59.5
arizona web designers,aus,0,2,0.0,72.0
arizona web designers,bhr,0,1,0.0,77.0
arizona web designers,blr,0,1,0.0,75.0
arizona web designers,bra,0,38,0.0,76.0
arizona web designers,can,0,1,0.0,77.0
arizona web designers,chl,0,1,0.0,73.0
arizona web designers,col,0,2,0.0,53.0
arizona web designers,deu,0,5,0.0,76.4
arizona web designers,dom,0,1,0.0,71.0
arizona web designers,dza,0,1,0.0,72.0
arizona web designers,ecu,0,3,0.0,71.33333333333333
arizona web designers,egy,0,1,0.0,84.0
arizona web designers,esh,0,1,0.0,76.0
arizona web designers,fin,0,1,0.0,94.0
arizona web designers,fji,0,1,0.0,23.0
arizona web designers,fra,0,5,0.0,69.8
arizona web designers,gbr,0,17,0.0,75.17647058823529
arizona web designers,idn,0,2,0.0,84.5
arizona web designers,ind,0,5,0.0,40.8
arizona web designers,irl,0,1,0.0,84.0
arizona web designers,ita,0,7,0.0,79.42857142857143
arizona web designers,jam,0,2,0.0,78.0
arizona web designers,jor,0,2,0.0,74.0
arizona web designers,kaz,0,1,0.0,61.0
arizona web designers,kna,0,1,0.0,74.0
arizona web designers,kor,0,14,0.0,76.35714285714286
arizona web designers,lca,0,1,0.0,98.0
arizona web designers,mda,0,1,0.0,77.0
arizona web designers,mex,0,4,0.0,74.75
arizona web designers,nld,0,2,0.0,81.0
arizona web designers,pan,0,1,0.0,92.0
arizona web designers,prt,0,1,0.0,96.0
arizona web designers,pry,0,1,0.0,63.0
arizona web designers,rou,0,1,0.0,84.0
arizona web designers,rus,0,4,0.0,80.25
arizona web designers,sau,0,1,0.0,70.0
arizona web designers,svk,0,1,0.0,45.0
arizona web designers,tto,0,1,0.0,89.0
arizona web designers,tun,0,2,0.0,71.0
arizona web designers,twn,0,2,0.0,76.5
arizona web designers,ukr,0,5,0.0,63.0
arizona web designers,ury,0,2,0.0,54.5
arizona web designers,usa,0,958,0.0,33.92901878914405
arizona web designers,ven,0,2,0.0,77.5
arizona web designers,vnm,0,4,0.0,66.25
arizona web designers,zaf,0,6,0.0,61.333333333333336
arizona web developer,arg,0,3,0.0,4.666666666666666
arizona web developer,bgd,0,2,0.0,4.0
arizona web developer,bgr,0,3,0.0,7.0
arizona web developer,bra,0,48,0.0,5.25
arizona web developer,brb,0,1,0.0,4.0
arizona web developer,can,0,4,0.0,14.0
arizona web developer,col,0,2,0.0,3.0
arizona web developer,cze,0,2,0.0,6.0
arizona web developer,deu,0,3,0.0,5.0
arizona web developer,dnk,0,1,0.0,5.0
arizona web developer,dom,0,1,0.0,6.0
arizona web developer,egy,0,1,0.0,3.0
arizona web developer,fra,0,2,0.0,5.0
arizona web developer,gbr,0,11,0.0,18.0
arizona web developer,idn,0,4,0.0,4.5
arizona web developer,ind,0,18,0.0,5.111111111111111
arizona web developer,ita,0,1,0.0,7.0
arizona web developer,jpn,0,1,0.0,8.0
arizona web developer,kaz,0,1,0.0,4.0
arizona web developer,ken,0,1,0.0,7.0
arizona web developer,kor,0,18,0.0,4.388888888888889
arizona web developer,lka,0,1,0.0,5.0
arizona web developer,ltu,0,1,0.0,3.0
arizona web developer,mar,0,1,0.0,5.0
arizona web developer,mda,0,2,0.0,4.0
arizona web developer,mex,0,2,0.0,4.0
arizona web developer,moz,0,1,0.0,3.0
arizona web developer,mys,0,4,0.0,8.25
arizona web developer,nld,0,2,0.0,5.0
arizona web developer,pak,0,2,0.0,6.5
arizona web developer,per,0,11,0.0,17.454545454545453
arizona web developer,phl,0,3,0.0,3.6666666666666665
arizona web developer,pol,0,3,0.0,6.0
arizona web developer,pry,0,1,0.0,5.0
arizona web developer,rus,0,18,0.0,4.277777777777778
arizona web developer,srb,0,1,0.0,3.0
arizona web developer,svk,0,1,0.0,5.0
arizona web developer,tur,0,3,0.0,7.0
arizona web developer,twn,0,4,0.0,5.0
arizona web developer,ukr,0,4,0.0,4.5
arizona web developer,ven,0,1,0.0,5.0
arizona web developer,vnm,0,7,0.0,6.142857142857143
arizona web developer,zaf,0,5,0.0,4.6
arizona web developer,zzz,0,2,0.0,7.0
arizona web developers,alb,0,1,0.0,32.0
arizona web developers,arg,0,1,0.0,12.0
arizona web developers,aus,0,1,0.0,13.0
arizona web developers,bra,0,1,0.0,32.0
arizona web developers,brn,0,1,0.0,8.0
arizona web developers,can,0,1,0.0,8.0
arizona web developers,deu,0,1,0.0,12.0
arizona web developers,gbr,0,2,0.0,5.5
arizona web developers,ind,0,2,0.0,10.0
arizona web developers,kor,0,1,0.0,12.0
arizona web developers,mex,0,1,0.0,11.0
arizona web developers,npl,0,1,0.0,11.0
arizona web developers,usa,0,26,0.0,8.307692307692307
arizona web developers,ven,0,2,0.0,12.5
arizona web developers,vnm,0,1,0.0,12.0
arizona web development,arg,0,5,0.0,6.6
arizona web development,aus,0,3,0.0,1.6666666666666665
arizona web development,bgr,0,1,0.0,3.0
arizona web development,blr,0,1,0.0,4.0
arizona web development,bra,0,66,0.0,5.5606060606060606
arizona web development,can,0,10,0.0,4.5
arizona web development,col,0,2,0.0,2.0
arizona web development,cyp,0,1,0.0,3.0
arizona web development,cze,0,1,0.0,11.0
arizona web development,dza,0,1,0.0,4.0
arizona web development,ecu,0,1,0.0,8.0
arizona web development,egy,0,5,0.0,3.0
arizona web development,esp,0,6,0.0,18.833333333333332
arizona web development,eth,0,1,0.0,3.0
arizona web development,fra,0,3,0.0,3.3333333333333335
arizona web development,gbr,0,52,0.0,4.576923076923077
arizona web development,grc,0,1,0.0,3.0
arizona web development,hnd,0,1,0.0,1.0
arizona web development,idn,0,3,0.0,2.666666666666667
arizona web development,ind,0,21,0.0,4.428571428571429
arizona web development,irn,0,2,0.0,4.5
arizona web development,ita,0,3,0.0,6.333333333333333
arizona web development,jam,0,1,0.0,3.0
arizona web development,jpn,0,2,0.0,6.5
arizona web development,kor,0,21,0.0,6.380952380952381
arizona web development,lux,0,1,0.0,3.0
arizona web development,mar,0,4,0.0,6.25
arizona web development,mex,0,9,0.0,6.0
arizona web development,mys,0,5,0.0,6.4
arizona web development,omn,0,1,0.0,6.0
arizona web development,pak,0,3,0.0,3.6666666666666665
arizona web development,pan,0,1,0.0,11.0
arizona web development,phl,0,4,0.0,3.5
arizona web development,pol,0,3,0.0,3.0
arizona web development,prt,0,1,0.0,7.0
arizona web development,qat,0,2,0.0,4.5
arizona web development,rus,0,19,0.0,8.789473684210527
arizona web development,sen,0,2,0.0,3.5
arizona web development,sgp,0,2,0.0,5.5
arizona web development,swe,0,1,0.0,5.0
arizona web development,tha,0,3,0.0,7.333333333333333
arizona web development,tto,0,1,0.0,8.0
arizona web development,tur,0,4,0.0,3.0
arizona web development,twn,0,2,0.0,8.0
arizona web development,uga,0,1,0.0,3.0
arizona web development,ukr,0,2,0.0,3.5
arizona web development,ury,0,1,0.0,5.0
arizona web development,uzb,0,2,0.0,7.0
arizona web development,ven,0,1,0.0,10.0
arizona web development,vnm,0,14,0.0,5.428571428571429
arizona web development,zaf,0,1,0.0,3.0
arizona web development,zzz,0,3,0.0,5.666666666666667
arizona web development company,bgd,0,1,0.0,9.0
arizona web development company,ind,0,1,0.0,6.0
arizona web development company,kor,0,1,0.0,4.0
arizona web development company,usa,0,17,0.0,9.470588235294118
arizona web development gilbert,ind,0,1,0.0,1.0
arizona web development gilbert,irl,0,1,0.0,1.0
arizona web development gilbert,lux,0,1,0.0,1.0
arizona web development gilbert,pol,0,1,0.0,1.0
arizona web development gilbert,rus,0,1,0.0,1.0
arizona web hosting,are,0,1,0.0,1.0
arizona web hosting,gbr,0,4,0.0,74.5
arizona web hosting,ind,0,1,0.0,26.0
arizona web hosting,mar,0,1,0.0,9.0
arizona web hosting,usa,0,6,0.0,52.0
arizona web hosting company,gbr,0,2,0.0,65.0
arizona web marketing,arg,0,1,0.0,49.0
arizona web marketing,bra,0,27,0.0,66.48148148148148
arizona web marketing,can,0,1,0.0,59.0
arizona web marketing,col,0,2,0.0,55.0
arizona web marketing,cyp,0,1,0.0,53.0
arizona web marketing,deu,0,2,0.0,99.0
arizona web marketing,dnk,0,1,0.0,49.0
arizona web marketing,egy,0,1,0.0,85.0
arizona web marketing,gbr,0,2,0.0,72.0
arizona web marketing,guy,0,1,0.0,91.0
arizona web marketing,idn,0,1,0.0,48.0
arizona web marketing,ind,0,2,0.0,69.5
arizona web marketing,irq,0,1,0.0,85.0
arizona web marketing,jam,0,1,0.0,82.0
arizona web marketing,jor,0,1,0.0,56.0
arizona web marketing,kor,0,7,0.0,67.57142857142857
arizona web marketing,mda,0,1,0.0,57.0
arizona web marketing,mex,0,1,0.0,89.0
arizona web marketing,phl,0,1,0.0,50.0
arizona web marketing,pol,0,1,0.0,46.0
arizona web marketing,qat,0,1,0.0,48.0
arizona web marketing,rus,0,6,0.0,60.5
arizona web marketing,tun,0,1,0.0,59.0
arizona web marketing,twn,0,1,0.0,73.0
arizona web marketing,usa,0,87,0.0,63.9080459770115
arizona web marketing,ven,0,1,0.0,54.0
arizona web marketing,vnm,0,3,0.0,63.333333333333336
arizona web page design and promotion,usa,0,2,0.0,94.0
arizona web site design,phl,0,1,0.0,40.0
arizona web site design,usa,0,39,0.0,70.23076923076923
arizona web site design company,arg,0,1,0.0,35.0
arizona web site design company,ita,0,1,0.0,97.0
arizona web site design company,usa,0,26,0.0,66.11538461538461
arizona webdesign,arg,0,1,0.0,33.0
arizona webdesign,bgd,0,1,0.0,35.0
arizona webdesign,bra,0,1,0.0,28.0
arizona webdesign,esp,0,1,0.0,29.0
arizona webdesign,gbr,0,6,0.0,45.333333333333336
arizona webdesign,grc,0,1,0.0,42.0
arizona webdesign,ind,0,3,0.0,26.0
arizona webdesign,irq,0,1,0.0,26.0
arizona webdesign,kor,0,1,0.0,31.0
arizona webdesign,nld,0,1,0.0,31.0
arizona webdesign,phl,0,1,0.0,29.0
arizona webdesign,tur,0,1,0.0,34.0
arizona webdesign,usa,0,31,0.0,26.806451612903224
arizona website companies,arg,0,1,0.0,77.0
arizona website companies,ben,0,1,0.0,93.0
arizona website companies,bgd,0,1,0.0,84.0
arizona website companies,bra,0,14,0.0,80.71428571428571
arizona website companies,can,0,1,0.0,65.0
arizona website companies,col,0,2,0.0,91.5
arizona website companies,deu,0,2,0.0,81.0
arizona website companies,esp,0,4,0.0,85.5
arizona website companies,fra,0,3,0.0,86.0
arizona website companies,gbr,0,5,0.0,86.2
arizona website companies,grc,0,1,0.0,84.0
arizona website companies,hun,0,1,0.0,87.0
arizona website companies,idn,0,2,0.0,68.5
arizona website companies,ind,0,5,0.0,48.4
arizona website companies,irq,0,1,0.0,89.0
arizona website companies,ita,0,16,0.0,83.4375
arizona website companies,jpn,0,1,0.0,99.0
arizona website companies,kor,0,8,0.0,84.125
arizona website companies,lca,0,1,0.0,88.0
arizona website companies,ltu,0,4,0.0,81.5
arizona website companies,lva,0,2,0.0,73.5
arizona website companies,mar,0,3,0.0,76.33333333333333
arizona website companies,mex,0,1,0.0,84.0
arizona website companies,mys,0,2,0.0,86.0
arizona website companies,nic,0,1,0.0,92.0
arizona website companies,phl,0,1,0.0,60.0
arizona website companies,pol,0,1,0.0,78.0
arizona website companies,prt,0,1,0.0,80.0
arizona website companies,rou,0,1,0.0,48.0
arizona website companies,rus,0,5,0.0,78.8
arizona website companies,sgp,0,1,0.0,89.0
arizona website companies,slv,0,1,0.0,25.0
arizona website companies,srb,0,1,0.0,79.0
arizona website companies,tur,0,1,0.0,84.0
arizona website companies,ukr,0,2,0.0,82.0
arizona website companies,usa,0,428,0.0,57.2196261682243
arizona website companies,uzb,0,1,0.0,78.0
arizona website companies,vnm,0,2,0.0,83.5
arizona website companies,zaf,0,2,0.0,82.0
arizona website companies,zzz,0,1,0.0,79.0
arizona website design,arg,0,6,0.0,85.0
arizona website design,bra,0,22,0.0,86.27272727272727
arizona website design,can,0,4,0.0,83.0
arizona website design,cyp,0,1,0.0,95.0
arizona website design,cze,0,1,0.0,98.0
arizona website design,dnk,0,1,0.0,74.0
arizona website design,ecu,0,1,0.0,83.0
arizona website design,egy,0,2,0.0,89.0
arizona website design,esp,0,2,0.0,73.0
arizona website design,fra,0,6,0.0,60.333333333333336
arizona website design,gbr,0,9,0.0,74.77777777777777
arizona website design,gmb,0,1,0.0,69.0
arizona website design,idn,0,1,0.0,79.0
arizona website design,ind,0,2,0.0,87.5
arizona website design,irl,0,2,0.0,87.0
arizona website design,irn,0,1,0.0,77.0
arizona website design,irq,0,2,0.0,65.5
arizona website design,isr,0,1,0.0,42.0
arizona website design,ita,0,1,0.0,94.0
arizona website design,jor,0,1,0.0,83.0
arizona website design,kaz,0,2,0.0,80.0
arizona website design,kor,0,14,0.0,88.57142857142857
arizona website design,ltu,0,2,0.0,90.5
arizona website design,lva,0,1,0.0,78.0
arizona website design,mar,0,1,0.0,79.0
arizona website design,mdg,0,1,0.0,87.0
arizona website design,mex,0,1,0.0,79.0
arizona website design,mys,0,2,0.0,78.0
arizona website design,npl,0,1,0.0,99.0
arizona website design,pak,0,1,0.0,79.0
arizona website design,pan,0,1,0.0,93.0
arizona website design,per,0,12,0.0,43.333333333333336
arizona website design,phl,0,1,0.0,81.0
arizona website design,pol,0,2,0.0,100.0
arizona website design,qat,0,1,0.0,98.0
arizona website design,rou,0,1,0.0,94.0
arizona website design,rus,0,18,0.0,80.38888888888889
arizona website design,sau,0,1,0.0,96.0
arizona website design,tha,0,1,0.0,88.0
arizona website design,tto,0,1,0.0,99.0
arizona website design,tun,0,1,0.0,100.0
arizona website design,tur,0,2,0.0,72.5
arizona website design,twn,0,3,0.0,87.66666666666667
arizona website design,ukr,0,2,0.0,94.0
arizona website design,usa,0,1847,0.0,63.04385489983758
arizona website design,vnm,0,1,0.0,88.0
arizona website design,zaf,0,1,0.0,78.0
arizona website design,zzz,0,2,0.0,86.5
arizona website design agency,gbr,0,1,0.0,85.0
arizona website design agency,usa,0,2,0.0,56.0
arizona website design company,gbr,0,7,0.0,63.142857142857146
arizona website design company,ind,0,2,0.0,70.0
arizona website design company,usa,0,37,0.0,63.729729729729726
arizona website designer,arg,0,2,0.0,83.0
arizona website designer,aut,0,1,0.0,88.0
arizona website designer,bgd,0,1,0.0,78.0
arizona website designer,bgr,0,1,0.0,97.0
arizona website designer,bra,0,3,0.0,90.66666666666667
arizona website designer,can,0,1,0.0,91.0
arizona website designer,col,0,1,0.0,100.0
arizona website designer,deu,0,1,0.0,78.0
arizona website designer,egy,0,1,0.0,81.0
arizona website designer,eth,0,1,0.0,44.0
arizona website designer,fra,0,1,0.0,94.0
arizona website designer,gbr,0,7,0.0,90.42857142857143
arizona website designer,hnd,0,1,0.0,99.0
arizona website designer,ind,0,3,0.0,66.33333333333333
arizona website designer,irl,0,1,0.0,79.0
arizona website designer,ita,0,11,0.0,85.81818181818181
arizona website designer,kaz,0,1,0.0,87.0
arizona website designer,ltu,0,3,0.0,90.66666666666667
arizona website designer,mar,0,1,0.0,94.0
arizona website designer,nld,0,1,0.0,87.0
arizona website designer,phl,0,1,0.0,88.0
arizona website designer,pri,0,1,0.0,86.0
arizona website designer,sgp,0,1,0.0,96.0
arizona website designer,tha,0,1,0.0,84.0
arizona website designer,ukr,0,1,0.0,79.0
arizona website designer,usa,0,356,0.0,64.76685393258427
arizona website designer,ven,0,1,0.0,93.0
arizona website designer,vnm,0,10,0.0,89.6
arizona website designer,zaf,0,1,0.0,86.0
arizona website designer,zmb,0,1,0.0,88.0
arizona website designers,gbr,0,2,0.0,64.0
arizona website designers,ind,0,1,0.0,44.0
arizona website designers,usa,0,47,0.0,65.36170212765957
arizona website developer,usa,0,146,0.0,10.13013698630137
arizona website developers,abw,0,1,0.0,38.0
arizona website developers,are,0,1,0.0,37.0
arizona website developers,arg,0,3,0.0,37.666666666666664
arizona website developers,aus,0,1,0.0,40.0
arizona website developers,bgd,0,2,0.0,36.5
arizona website developers,blr,0,1,0.0,43.0
arizona website developers,bra,0,7,0.0,38.142857142857146
arizona website developers,can,0,1,0.0,36.0
arizona website developers,col,0,1,0.0,37.0
arizona website developers,deu,0,5,0.0,37.6
arizona website developers,dom,0,1,0.0,44.0
arizona website developers,dza,0,1,0.0,49.0
arizona website developers,ecu,0,1,0.0,37.0
arizona website developers,egy,0,2,0.0,27.5
arizona website developers,esp,0,1,0.0,39.0
arizona website developers,fra,0,2,0.0,41.5
arizona website developers,gbr,0,7,0.0,40.0
arizona website developers,gtm,0,1,0.0,38.0
arizona website developers,guy,0,1,0.0,38.0
arizona website developers,idn,0,1,0.0,14.0
arizona website developers,ind,0,3,0.0,40.333333333333336
arizona website developers,irl,0,1,0.0,38.0
arizona website developers,isr,0,2,0.0,37.0
arizona website developers,ita,0,15,0.0,42.4
arizona website developers,ken,0,2,0.0,9.5
arizona website developers,kor,0,1,0.0,38.0
arizona website developers,ltu,0,4,0.0,41.0
arizona website developers,lva,0,1,0.0,40.0
arizona website developers,mex,0,2,0.0,41.5
arizona website developers,pak,0,1,0.0,4.0
arizona website developers,phl,0,2,0.0,36.5
arizona website developers,sau,0,1,0.0,49.0
arizona website developers,som,0,1,0.0,82.0
arizona website developers,tto,0,1,0.0,40.0
arizona website developers,tun,0,1,0.0,36.0
arizona website developers,ukr,0,2,0.0,24.5
arizona website developers,usa,0,298,0.0,24.546979865771814
arizona website developers,vnm,0,1,0.0,22.0
arizona website developers,zaf,0,1,0.0,34.0
arizona website development,and,0,1,0.0,17.0
arizona website development,are,0,1,0.0,35.0
arizona website development,arg,0,2,0.0,27.5
arizona website development,bgd,0,3,0.0,27.666666666666668
arizona website development,bra,0,77,0.0,29.116883116883116
arizona website development,brb,0,1,0.0,29.0
arizona website development,can,0,2,0.0,31.0
arizona website development,chl,0,1,0.0,29.0
arizona website development,col,0,3,0.0,17.666666666666668
arizona website development,cze,0,1,0.0,31.0
arizona website development,deu,0,2,0.0,32.5
arizona website development,dom,0,1,0.0,29.0
arizona website development,ecu,0,1,0.0,23.0
arizona website development,egy,0,3,0.0,17.0
arizona website development,esp,0,5,0.0,19.6
arizona website development,est,0,1,0.0,64.0
arizona website development,fra,0,1,0.0,25.0
arizona website development,gab,0,1,0.0,18.0
arizona website development,gbr,0,12,0.0,27.75
arizona website development,grc,0,1,0.0,22.0
arizona website development,guy,0,1,0.0,31.0
arizona website development,hnd,0,1,0.0,28.0
arizona website development,idn,0,5,0.0,25.6
arizona website development,ind,0,14,0.0,22.428571428571427
arizona website development,irl,0,2,0.0,27.5
arizona website development,irn,0,1,0.0,39.0
arizona website development,irq,0,3,0.0,27.0
arizona website development,ita,0,2,0.0,46.0
arizona website development,jam,0,2,0.0,28.0
arizona website development,jpn,0,1,0.0,22.0
arizona website development,kaz,0,1,0.0,17.0
arizona website development,kor,0,12,0.0,29.75
arizona website development,lao,0,1,0.0,39.0
arizona website development,ltu,0,1,0.0,22.0
arizona website development,mex,0,4,0.0,25.0
arizona website development,mkd,0,1,0.0,31.0
arizona website development,mys,0,1,0.0,30.0
arizona website development,nld,0,2,0.0,23.5
arizona website development,nzl,0,1,0.0,22.0
arizona website development,phl,0,4,0.0,29.75
arizona website development,prt,0,1,0.0,22.0
arizona website development,pry,0,3,0.0,27.0
arizona website development,rus,0,33,0.0,22.818181818181817
arizona website development,sau,0,1,0.0,30.0
arizona website development,swe,0,1,0.0,24.0
arizona website development,tha,0,1,0.0,33.0
arizona website development,tur,0,3,0.0,39.0
arizona website development,twn,0,3,0.0,38.0
arizona website development,ukr,0,1,0.0,24.0
arizona website development,usa,0,947,0.0,19.3389651531151
arizona website development,ven,0,1,0.0,36.0
arizona website development,vnm,0,9,0.0,28.22222222222222
arizona website development,zaf,0,2,0.0,25.5
arizona website development,zzz,0,2,0.0,27.5
arizona website management,usa,0,5,0.0,68.0
arizona wordpress,esp,0,2,0.0,32.0
arizona wordpress,ind,0,1,0.0,50.0
arizona wordpress,rou,0,1,0.0,87.0
arizona wordpress,usa,0,181,0.0,62.47513812154696
arizona wordpress theme,usa,0,4,0.0,71.5
arizona+search+engine+optimization,usa,0,11,0.0,73.36363636363636
arizona+seo,usa,0,5,0.0,66.2
arizona+web+design+company,usa,0,26,0.0,41.30769230769231
arizona+website+design,usa,0,21,0.0,48.42857142857143
arizona’s best seo company,bra,0,2,0.0,96.0
arizona’s best seo company,esp,0,1,0.0,97.0
arizona’s best seo company,hkg,0,1,0.0,101.0
arizona’s best seo company,idn,0,1,0.0,102.0
arizona’s best seo company,irq,0,1,0.0,102.0
arizona’s best seo company,usa,0,36,0.0,90.30555555555556
arizona’s best seo company,vnm,0,1,0.0,101.0
asp.net web development companies,usa,0,1,0.0,2.0
attorney seo services tempe,usa,0,2,0.0,76.0
auto internal link wordpress,usa,0,1,0.0,58.0
"auto internal link wordpress,20.00,low,32,approved",ind,0,1,0.0,88.0
auto internal linking plugin wordpress,are,0,4,0.0,95.5
auto internal linking plugin wordpress,gbr,0,43,0.0,72.34883720930233
auto internal linking plugin wordpress,ind,0,27,0.0,75.74074074074075
auto internal linking plugin wordpress,usa,0,70,0.0,79.57142857142857
"auto internal linking plugin wordpress,20.00,low,27,approved",ind,0,53,0.0,68.13207547169812
"auto internal linking plugin wordpress,20.00,low,27,approved",usa,0,54,0.0,75.33333333333333
automate digital marketing tasks arizona,fra,0,1,0.0,91.0
automate digital marketing tasks arizona,ita,0,1,0.0,74.0
automate digital marketing tasks arizona,usa,0,32,0.0,86.46875
automated marketing workflows arizona,ita,0,1,0.0,13.0
automated marketing workflows arizona,usa,0,66,0.0,17.651515151515152
automatic best internal linking plugin,usa,0,2,0.0,84.5
automatic internal linking plugin wordpress,bra,0,1,0.0,54.0
automatic internal linking plugin wordpress,pak,0,1,0.0,56.0
automatic internal linking plugin wordpress,phl,0,1,0.0,80.0
automatic internal linking plugin wordpress,rus,0,1,0.0,51.0
automatic internal linking plugin wordpress,srb,0,1,0.0,96.0
automatic internal linking plugin wordpress,ukr,0,1,0.0,65.0
automatic internal linking plugin wordpress,usa,0,15,0.0,78.06666666666666
automatic internal linking plugin wordpress,vnm,0,1,0.0,83.0
"automatic internal linking wordpress,20.00,low,32,approved",ind,0,58,0.0,66.29310344827586
"automatic internal linking wordpress,20.00,low,32,approved",usa,0,56,0.0,75.66071428571429
avondale seo,usa,0,3,0.0,83.33333333333333
awebco,are,0,1,0.0,67.0
awebco,usa,0,76,0.0,74.75
az affordable organic seo,nor,0,1,0.0,12.0
az affordable organic seo,usa,0,88,0.0,56.07954545454545
az affordable organic seo growth,usa,0,385,0.0,42.846753246753245
az cheap effective organic growth seo,usa,0,64,0.0,37.5625
az cheap effective organic seo growth,rou,0,1,0.0,33.0
az cheap effective organic seo growth,usa,0,337,0.0,34.468842729970326
az cheap organic seo,rus,0,7,0.0,26.428571428571427
az cheap organic seo,usa,0,77,0.0,28.90909090909091
az cheap organic seo growth,usa,0,351,0.0,39.55840455840456
az cheap seo growth service,mex,0,1,0.0,11.0
az cheap seo growth service,usa,0,148,0.0,38.12162162162162
az creator,usa,0,1,0.0,77.0
az custom wordpress developer,ind,0,1,0.0,8.0
az custom wordpress developer,usa,0,290,0.0,28.70689655172414
az custom wordpress development services,bra,0,1,0.0,30.0
az custom wordpress development services,can,0,1,0.0,32.0
az custom wordpress development services,ind,0,1,0.0,73.0
az custom wordpress development services,usa,0,417,0.0,37.32134292565947
az developers,usa,0,1,0.0,58.0
az digital marketing,are,0,1,0.0,59.0
az digital marketing,arg,0,7,0.0,55.857142857142854
az digital marketing,aus,0,2,0.0,56.0
az digital marketing,bgd,0,1,0.0,73.0
az digital marketing,bhs,0,1,0.0,61.0
az digital marketing,bih,0,2,0.0,51.0
az digital marketing,bra,0,60,0.0,57.95
az digital marketing,can,0,2,0.0,54.0
az digital marketing,che,0,1,0.0,56.0
az digital marketing,chl,0,1,0.0,61.0
az digital marketing,col,0,2,0.0,58.5
az digital marketing,deu,0,3,0.0,61.666666666666664
az digital marketing,dza,0,1,0.0,60.0
az digital marketing,egy,0,3,0.0,56.0
az digital marketing,esp,0,5,0.0,57.0
az digital marketing,fra,0,1,0.0,52.0
az digital marketing,gbr,0,13,0.0,57.15384615384615
az digital marketing,idn,0,1,0.0,50.0
az digital marketing,ind,0,11,0.0,55.90909090909091
az digital marketing,irn,0,1,0.0,56.0
az digital marketing,ita,0,1,0.0,57.0
az digital marketing,jor,0,1,0.0,71.0
az digital marketing,jpn,0,1,0.0,52.0
az digital marketing,kaz,0,3,0.0,54.333333333333336
az digital marketing,kor,0,19,0.0,56.36842105263158
az digital marketing,lka,0,1,0.0,59.0
az digital marketing,ltu,0,1,0.0,54.0
az digital marketing,mar,0,3,0.0,55.0
az digital marketing,mex,0,5,0.0,57.2
az digital marketing,mys,0,4,0.0,59.25
az digital marketing,nld,0,3,0.0,50.0
az digital marketing,npl,0,2,0.0,69.5
az digital marketing,pak,0,2,0.0,47.5
az digital marketing,pan,0,1,0.0,58.0
az digital marketing,phl,0,1,0.0,72.0
az digital marketing,pol,0,1,0.0,52.0
az digital marketing,pry,0,1,0.0,50.0
az digital marketing,qat,0,1,0.0,52.0
az digital marketing,rus,0,22,0.0,55.72727272727273
az digital marketing,sau,0,1,0.0,60.0
az digital marketing,tto,0,1,0.0,51.0
az digital marketing,tur,0,2,0.0,65.0
az digital marketing,twn,0,3,0.0,53.333333333333336
az digital marketing,ukr,0,3,0.0,54.666666666666664
az digital marketing,usa,0,262,0.0,49.49236641221374
az digital marketing,ven,0,1,0.0,56.0
az digital marketing,vnm,0,5,0.0,58.0
az digital marketing,zaf,0,3,0.0,57.0
az digital marketing,zzz,0,1,0.0,54.0
az digital marketing agency,arg,0,1,0.0,78.0
az digital marketing agency,bgr,0,1,0.0,94.0
az digital marketing agency,bol,0,1,0.0,86.0
az digital marketing agency,bra,0,10,0.0,87.6
az digital marketing agency,can,0,1,0.0,101.0
az digital marketing agency,col,0,2,0.0,93.0
az digital marketing agency,ecu,0,2,0.0,89.0
az digital marketing agency,fra,0,1,0.0,92.0
az digital marketing agency,gbr,0,4,0.0,92.25
az digital marketing agency,guy,0,1,0.0,73.0
az digital marketing agency,hun,0,1,0.0,86.0
az digital marketing agency,idn,0,1,0.0,89.0
az digital marketing agency,ind,0,1,0.0,94.0
az digital marketing agency,irq,0,1,0.0,74.0
az digital marketing agency,kor,0,5,0.0,95.0
az digital marketing agency,lka,0,1,0.0,95.0
az digital marketing agency,mex,0,1,0.0,76.0
az digital marketing agency,pan,0,1,0.0,85.0
az digital marketing agency,phl,0,2,0.0,89.5
az digital marketing agency,rus,0,3,0.0,89.66666666666667
az digital marketing agency,sau,0,2,0.0,84.0
az digital marketing agency,svk,0,1,0.0,89.0
az digital marketing agency,tto,0,1,0.0,96.0
az digital marketing agency,tur,0,1,0.0,84.0
az digital marketing agency,twn,0,2,0.0,94.0
az digital marketing agency,ukr,0,1,0.0,90.0
az digital marketing agency,usa,0,48,0.0,85.08333333333333
az digital marketing agency,ven,0,1,0.0,102.0
az digital media management,usa,0,2,0.0,53.5
az effective organic seo growth,usa,0,33,0.0,66.78787878787878
az effective seo growth,usa,0,202,0.0,38.113861386138616
az emarketing,usa,0,7,0.0,63.142857142857146
az freelance website designer,usa,0,77,0.0,33.79220779220779
az local search engine optimization,bra,0,1,0.0,63.0
az local search engine optimization,usa,0,9,0.0,77.55555555555556
az local seo consultant,bra,0,8,0.0,86.0
az local seo consultant,deu,0,1,0.0,95.0
az local seo consultant,fra,0,1,0.0,84.0
az local seo consultant,gtm,0,1,0.0,82.0
az local seo consultant,hnd,0,1,0.0,93.0
az local seo consultant,idn,0,1,0.0,83.0
az local seo consultant,kor,0,1,0.0,88.0
az local seo consultant,mex,0,1,0.0,83.0
az local seo consultant,npl,0,1,0.0,84.0
az local seo consultant,pak,0,1,0.0,67.0
az local seo consultant,rus,0,1,0.0,85.0
az local seo consultant,usa,0,34,0.0,74.73529411764706
az local seo consultant,vnm,0,1,0.0,85.0
az local seo consultant,zaf,0,1,0.0,99.0
az local seo services,arg,0,1,0.0,70.0
az local seo services,bra,0,9,0.0,78.22222222222223
az local seo services,col,0,1,0.0,88.0
az local seo services,deu,0,1,0.0,83.0
az local seo services,esp,0,1,0.0,82.0
az local seo services,gbr,0,1,0.0,94.0
az local seo services,idn,0,3,0.0,80.66666666666667
az local seo services,ind,0,4,0.0,76.25
az local seo services,ita,0,1,0.0,87.0
az local seo services,pol,0,1,0.0,81.0
az local seo services,rus,0,3,0.0,83.66666666666667
az local seo services,tun,0,1,0.0,80.0
az local seo services,usa,0,55,0.0,78.30909090909091
az marketing agency,alb,0,1,0.0,97.0
az marketing agency,bgd,0,1,0.0,73.0
az marketing agency,bra,0,11,0.0,84.63636363636364
az marketing agency,deu,0,1,0.0,74.0
az marketing agency,egy,0,1,0.0,72.0
az marketing agency,fra,0,1,0.0,69.0
az marketing agency,gbr,0,1,0.0,70.0
az marketing agency,ind,0,2,0.0,80.0
az marketing agency,kor,0,3,0.0,85.66666666666667
az marketing agency,mys,0,2,0.0,85.0
az marketing agency,pak,0,1,0.0,87.0
az marketing agency,phl,0,1,0.0,69.0
az marketing agency,rus,0,4,0.0,95.0
az marketing agency,tun,0,1,0.0,70.0
az marketing agency,usa,0,16,0.0,82.6875
az marketing agency,vnm,0,1,0.0,73.0
az marketing solutions,usa,0,1,0.0,42.0
az national seo package,usa,0,144,0.0,38.5
az online marketing,usa,0,9,0.0,88.11111111111111
az organic cheap seo growth,usa,0,353,0.0,35.40793201133145
az organic growth seo,usa,0,60,0.0,35.333333333333336
az organic seo growth,usa,0,33,0.0,51.72727272727273
az organic seo growth services,usa,0,44,0.0,63.31818181818182
az phoenix seo consulting,usa,0,1,0.0,78.0
az phoenix seo projects,usa,0,36,0.0,23.52777777777778
az professional seo,usa,0,1,0.0,34.0
az professional seo services,usa,0,1,0.0,40.0
az search engine optimization,usa,0,2,0.0,58.5
az search engine optimization agency,usa,0,1,0.0,91.0
az seo,bra,0,1,0.0,29.0
az seo,can,0,1,0.0,29.0
az seo,gbr,0,2,0.0,62.0
az seo,irq,0,1,0.0,26.0
az seo,ita,0,1,0.0,72.0
az seo,phl,0,1,0.0,69.0
az seo,swe,0,1,0.0,85.0
az seo,ukr,0,1,0.0,38.0
az seo,usa,0,225,0.0,59.82222222222222
az seo agency,usa,0,1,0.0,68.0
az seo company,alb,0,1,0.0,90.0
az seo company,are,0,1,0.0,98.0
az seo company,arg,0,6,0.0,72.0
az seo company,aus,0,2,0.0,91.0
az seo company,aze,0,1,0.0,93.0
az seo company,bel,0,1,0.0,93.0
az seo company,bgd,0,3,0.0,81.66666666666667
az seo company,bih,0,3,0.0,94.66666666666667
az seo company,blr,0,1,0.0,89.0
az seo company,bra,0,24,0.0,92.125
az seo company,brb,0,1,0.0,91.0
az seo company,btn,0,1,0.0,72.0
az seo company,can,0,4,0.0,92.0
az seo company,chl,0,2,0.0,86.5
az seo company,cog,0,1,0.0,99.0
az seo company,col,0,4,0.0,85.5
az seo company,cze,0,1,0.0,87.0
az seo company,deu,0,6,0.0,88.5
az seo company,dnk,0,65,0.0,25.26153846153846
az seo company,dom,0,1,0.0,96.0
az seo company,esp,0,3,0.0,86.66666666666667
az seo company,fra,0,3,0.0,90.0
az seo company,gbr,0,16,0.0,67.9375
az seo company,grc,0,1,0.0,38.0
az seo company,idn,0,5,0.0,69.8
az seo company,ind,0,17,0.0,79.47058823529412
az seo company,irl,0,1,0.0,86.0
az seo company,irq,0,1,0.0,96.0
az seo company,ita,0,4,0.0,91.75
az seo company,jam,0,1,0.0,98.0
az seo company,jor,0,1,0.0,88.0
az seo company,jpn,0,2,0.0,89.5
az seo company,kaz,0,1,0.0,76.0
az seo company,ken,0,2,0.0,91.0
az seo company,khm,0,1,0.0,100.0
az seo company,kor,0,3,0.0,91.66666666666667
az seo company,lao,0,1,0.0,14.0
az seo company,mex,0,5,0.0,88.6
az seo company,mmr,0,2,0.0,54.5
az seo company,nld,0,2,0.0,90.5
az seo company,omn,0,1,0.0,95.0
az seo company,pak,0,3,0.0,64.66666666666666
az seo company,per,0,1,0.0,91.0
az seo company,phl,0,5,0.0,86.8
az seo company,pol,0,3,0.0,90.33333333333333
az seo company,pry,0,2,0.0,91.0
az seo company,rou,0,1,0.0,85.0
az seo company,rus,0,15,0.0,90.0
az seo company,srb,0,1,0.0,74.0
az seo company,tha,0,2,0.0,69.5
az seo company,tto,0,2,0.0,98.0
az seo company,twn,0,3,0.0,87.0
az seo company,ukr,0,8,0.0,84.75
az seo company,usa,0,863,0.0,79.27462340672074
az seo company,uzb,0,1,0.0,87.0
az seo company,ven,0,2,0.0,82.5
az seo company,vnm,0,6,0.0,74.5
az seo company,zaf,0,2,0.0,94.0
az seo consultancy,usa,0,1,0.0,38.0
az seo consultant,gbr,0,1,0.0,63.0
az seo consultant,usa,0,2,0.0,44.0
az seo consultant services,col,0,1,0.0,8.0
az seo consultant services,gbr,0,3,0.0,14.666666666666666
az seo consultant services,ita,0,1,0.0,10.0
az seo consultant services,usa,0,5,0.0,17.8
az seo consulting,usa,0,1,0.0,43.0
az seo consulting phoenix,usa,0,276,0.0,51.52173913043478
az seo consulting service,usa,0,5,0.0,42.2
az seo consulting services,usa,0,1,0.0,46.0
az seo expert,gbr,0,2,0.0,43.0
az seo expert,idn,0,1,0.0,41.0
az seo expert,ind,0,1,0.0,31.0
az seo expert,pak,0,1,0.0,28.0
az seo expert,phl,0,1,0.0,38.0
az seo expert,usa,0,5,0.0,33.6
az seo growth,usa,0,238,0.0,34.48739495798319
az seo guru,mex,0,1,0.0,30.0
az seo guru,phl,0,2,0.0,41.0
az seo guru,usa,0,41,0.0,45.292682926829265
az seo optimization services,arg,0,2,0.0,72.5
az seo optimization services,aus,0,1,0.0,87.0
az seo optimization services,bel,0,1,0.0,76.0
az seo optimization services,bih,0,1,0.0,84.0
az seo optimization services,bmu,0,1,0.0,80.0
az seo optimization services,bra,0,39,0.0,75.46153846153847
az seo optimization services,can,0,1,0.0,66.0
az seo optimization services,chl,0,1,0.0,25.0
az seo optimization services,dza,0,1,0.0,67.0
az seo optimization services,esp,0,1,0.0,76.0
az seo optimization services,fra,0,2,0.0,76.5
az seo optimization services,gbr,0,4,0.0,71.25
az seo optimization services,hun,0,1,0.0,81.0
az seo optimization services,idn,0,1,0.0,75.0
az seo optimization services,ind,0,5,0.0,86.6
az seo optimization services,isr,0,1,0.0,91.0
az seo optimization services,kor,0,5,0.0,80.4
az seo optimization services,mex,0,3,0.0,72.0
az seo optimization services,mys,0,1,0.0,71.0
az seo optimization services,nld,0,3,0.0,82.66666666666667
az seo optimization services,pak,0,1,0.0,75.0
az seo optimization services,pol,0,1,0.0,85.0
az seo optimization services,rou,0,1,0.0,87.0
az seo optimization services,rus,0,10,0.0,78.7
az seo optimization services,slv,0,1,0.0,89.0
az seo optimization services,tur,0,2,0.0,70.5
az seo optimization services,ukr,0,1,0.0,83.0
az seo optimization services,usa,0,214,0.0,65.96728971962617
az seo optimization services,vnm,0,1,0.0,92.0
az seo organic growth consulting,usa,0,138,0.0,44.79710144927536
az seo plans,usa,0,255,0.0,41.59607843137255
az seo projects,usa,0,410,0.0,29.151219512195123
az web,bgd,0,3,0.0,64.0
az web,bra,0,3,0.0,83.0
az web,can,0,2,0.0,92.5
az web,esp,0,1,0.0,100.0
az web,gab,0,1,0.0,87.0
az web,gbr,0,1,0.0,14.0
az web,ind,0,5,0.0,33.6
az web,ita,0,2,0.0,80.0
az web,kor,0,1,0.0,8.0
az web,nld,0,4,0.0,70.25
az web,ukr,0,1,0.0,8.0
az web,usa,0,84,0.0,28.726190476190474
az web,vnm,0,1,0.0,9.0
az web design,arg,0,6,0.0,61.833333333333336
az web design,bel,0,1,0.0,63.0
az web design,bgd,0,1,0.0,88.0
az web design,bih,0,2,0.0,66.5
az web design,bra,0,37,0.0,47.21621621621622
az web design,can,0,6,0.0,57.166666666666664
az web design,chl,0,2,0.0,42.0
az web design,col,0,3,0.0,52.666666666666664
az web design,cyp,0,1,0.0,2.0
az web design,deu,0,5,0.0,34.4
az web design,dom,0,1,0.0,67.0
az web design,dza,0,1,0.0,77.0
az web design,ecu,0,3,0.0,66.66666666666667
az web design,egy,0,1,0.0,65.0
az web design,esp,0,2,0.0,58.0
az web design,fra,0,10,0.0,50.6
az web design,gbr,0,16,0.0,59.875
az web design,gtm,0,1,0.0,97.0
az web design,hnd,0,1,0.0,79.0
az web design,idn,0,3,0.0,21.333333333333332
az web design,ind,0,10,0.0,31.9
az web design,irl,0,3,0.0,75.33333333333333
az web design,irn,0,1,0.0,101.0
az web design,ita,0,16,0.0,71.4375
az web design,jam,0,1,0.0,90.0
az web design,jor,0,1,0.0,62.0
az web design,kaz,0,1,0.0,54.0
az web design,ken,0,1,0.0,61.0
az web design,kor,0,12,0.0,46.25
az web design,ltu,0,5,0.0,59.8
az web design,mar,0,1,0.0,82.0
az web design,mda,0,1,0.0,97.0
az web design,mex,0,1,0.0,2.0
az web design,mne,0,1,0.0,92.0
az web design,mys,0,5,0.0,25.2
az web design,nic,0,2,0.0,34.5
az web design,nld,0,1,0.0,77.0
az web design,pak,0,3,0.0,35.333333333333336
az web design,pan,0,1,0.0,95.0
az web design,phl,0,2,0.0,2.5
az web design,pol,0,1,0.0,39.0
az web design,prt,0,1,0.0,63.0
az web design,pse,0,1,0.0,96.0
az web design,rou,0,1,0.0,3.0
az web design,rus,0,15,0.0,59.6
az web design,sau,0,1,0.0,85.0
az web design,sgp,0,2,0.0,33.5
az web design,srb,0,1,0.0,24.0
az web design,swe,0,2,0.0,39.5
az web design,tha,0,1,0.0,45.0
az web design,tto,0,1,0.0,65.0
az web design,tun,0,1,0.0,96.0
az web design,tur,0,1,0.0,54.0
az web design,twn,0,1,0.0,78.0
az web design,ven,0,1,0.0,72.0
az web design,vnm,0,8,0.0,31.75
az web design,zaf,0,4,0.0,72.75
az web design,zzz,0,3,0.0,57.333333333333336
az web design and seo,bgd,0,1,0.0,29.0
az web design and seo,gbr,0,6,0.0,55.5
az web design and seo,hun,0,1,0.0,63.0
az web design and seo,ind,0,2,0.0,47.0
az web design and seo,irq,0,1,0.0,47.0
az web design and seo,usa,0,22,0.0,45.59090909090909
az web design firm,gbr,0,1,0.0,79.0
az web design firm,kor,0,1,0.0,78.0
az web design firm,nld,0,1,0.0,85.0
az web design firm,usa,0,1,0.0,91.0
az web designers,bra,0,1,0.0,93.0
az web designers,can,0,1,0.0,101.0
az web designers,usa,0,222,0.0,64.6981981981982
az web solutions,usa,0,50,0.0,41.42
az website company,arg,0,1,0.0,74.0
az website company,aus,0,1,0.0,81.0
az website company,bra,0,1,0.0,74.0
az website company,deu,0,4,0.0,74.75
az website company,egy,0,1,0.0,63.0
az website company,fra,0,5,0.0,70.2
az website company,gbr,0,4,0.0,74.75
az website company,hnd,0,1,0.0,74.0
az website company,hun,0,1,0.0,89.0
az website company,ind,0,4,0.0,34.75
az website company,irl,0,1,0.0,58.0
az website company,ita,0,22,0.0,79.5909090909091
az website company,jpn,0,1,0.0,103.0
az website company,kor,0,1,0.0,37.0
az website company,ltu,0,3,0.0,89.33333333333333
az website company,mex,0,2,0.0,54.5
az website company,phl,0,1,0.0,4.0
az website company,rus,0,1,0.0,87.0
az website company,sau,0,1,0.0,67.0
az website company,tto,0,1,0.0,84.0
az website company,usa,0,219,0.0,59.15525114155251
az website company,zzz,0,1,0.0,71.0
az website design,arg,0,1,0.0,100.0
az website design,bgd,0,1,0.0,66.0
az website design,bih,0,1,0.0,93.0
az website design,bra,0,7,0.0,78.71428571428571
az website design,col,0,1,0.0,84.0
az website design,fra,0,2,0.0,85.5
az website design,gbr,0,7,0.0,87.85714285714286
az website design,ind,0,3,0.0,49.0
az website design,ita,0,6,0.0,88.16666666666667
az website design,kor,0,6,0.0,83.33333333333333
az website design,ltu,0,1,0.0,84.0
az website design,omn,0,1,0.0,41.0
az website design,rus,0,5,0.0,83.2
az website design,twn,0,1,0.0,80.0
az website design,usa,0,159,0.0,65.59748427672956
az website design,zzz,0,1,0.0,89.0
az website design company,usa,0,82,0.0,72.6951219512195
az website designers,bgd,0,1,0.0,46.0
az website designers,usa,0,28,0.0,71.39285714285714
az website development,can,0,1,0.0,62.0
az website development,esp,0,1,0.0,58.0
az website development,kor,0,3,0.0,56.333333333333336
az website development,mar,0,1,0.0,52.0
az website development,rus,0,2,0.0,56.0
az website development,tur,0,1,0.0,52.0
az website development,usa,0,2,0.0,56.0
az website development,zzz,0,1,0.0,52.0
az websites,usa,0,17,0.0,44.23529411764706
az wordpress design,usa,0,15,0.0,59.6
az+website+design,usa,0,16,0.0,68.1875
az-web,bel,0,1,0.0,9.0
az-web,deu,0,1,0.0,7.0
az-web,esp,0,1,0.0,10.0
az-web,gbr,0,1,0.0,19.0
az-web,mli,0,1,0.0,6.0
az-web,usa,0,5,0.0,24.0
azf-digital-marketing,usa,0,14,0.0,93.92857142857143
azmobile,usa,0,1,0.0,63.0
azpweb,can,0,1,0.0,5.0
azpweb,mys,0,1,0.0,3.0
aztec web design,usa,0,2,0.0,90.5
azu-digital-marketing,are,0,1,0.0,68.0
azu-digital-marketing,blr,0,1,0.0,54.0
azu-digital-marketing,bra,0,10,0.0,56.7
azu-digital-marketing,can,0,2,0.0,55.0
azu-digital-marketing,dza,0,1,0.0,84.0
azu-digital-marketing,esp,0,2,0.0,56.5
azu-digital-marketing,fra,0,3,0.0,60.666666666666664
azu-digital-marketing,gbr,0,1,0.0,84.0
azu-digital-marketing,hnd,0,1,0.0,82.0
azu-digital-marketing,ind,0,2,0.0,58.5
azu-digital-marketing,ita,0,1,0.0,94.0
azu-digital-marketing,jpn,0,1,0.0,78.0
azu-digital-marketing,kor,0,1,0.0,60.0
azu-digital-marketing,lbn,0,1,0.0,67.0
azu-digital-marketing,nzl,0,1,0.0,57.0
azu-digital-marketing,phl,0,1,0.0,66.0
azu-digital-marketing,pol,0,1,0.0,48.0
azu-digital-marketing,sau,0,2,0.0,59.5
azu-digital-marketing,tha,0,1,0.0,61.0
azu-digital-marketing,tto,0,1,0.0,58.0
azu-digital-marketing,ury,0,1,0.0,45.0
azu-digital-marketing,usa,0,35,0.0,58.05714285714286
azu-digital-marketing,vnm,0,1,0.0,47.0
azu-digital-marketing,zaf,0,1,0.0,55.0
azuro digital,usa,0,1,0.0,67.0
azusa web design,usa,0,35,0.0,64.85714285714286
azusa web designer,usa,0,35,0.0,71.88571428571429
azweb,bra,0,2,0.0,32.5
azweb,can,0,1,0.0,9.0
azweb,deu,0,2,0.0,37.5
azweb,fra,0,1,0.0,9.0
azweb,gbr,0,1,0.0,27.0
azweb,hun,0,1,0.0,8.0
azweb,idn,0,1,0.0,32.0
azweb,irn,0,1,0.0,36.0
azweb,jpn,0,1,0.0,10.0
azweb,nld,0,4,0.0,60.5
azweb,usa,0,57,0.0,39.64912280701754
azweb,vnm,0,1,0.0,31.0
azwebcorp,gbr,0,1,0.0,1.0
azwebcorp,usa,0,2,0.0,1.0
azwebsite,usa,0,1,0.0,9.0
back end solutions,usa,0,10,0.0,74.3
backend agency,usa,0,1,0.0,32.0
backend agency us,can,0,1,0.0,31.0
backend development,usa,0,4,0.0,13.25
backend development digital agencies,usa,0,33,0.0,31.818181818181817
backend development services nagano,jpn,0,1,0.0,46.0
backend development solutions,usa,0,1,0.0,61.0
backend web development agency,usa,0,1,0.0,57.0
best arizona digital marketing agency,bgr,0,1,0.0,83.0
best arizona digital marketing agency,bra,0,6,0.0,90.83333333333333
best arizona digital marketing agency,ind,0,2,0.0,89.0
best arizona digital marketing agency,rus,0,1,0.0,89.0
best arizona digital marketing agency,usa,0,29,0.0,91.34482758620689
best arizona digital marketing agency,vnm,0,2,0.0,94.0
best arizona seo companies,usa,0,157,0.0,68.42038216560509
best arizona seo company,ago,0,1,0.0,83.0
best arizona seo company,arg,0,3,0.0,87.66666666666667
best arizona seo company,aus,0,3,0.0,87.33333333333333
best arizona seo company,aze,0,1,0.0,68.0
best arizona seo company,bgd,0,1,0.0,89.0
best arizona seo company,bih,0,1,0.0,82.0
best arizona seo company,bra,0,23,0.0,86.17391304347827
best arizona seo company,can,0,2,0.0,88.5
best arizona seo company,deu,0,11,0.0,57.81818181818182
best arizona seo company,dom,0,1,0.0,92.0
best arizona seo company,dza,0,1,0.0,78.0
best arizona seo company,ecu,0,1,0.0,95.0
best arizona seo company,egy,0,1,0.0,90.0
best arizona seo company,esp,0,3,0.0,76.0
best arizona seo company,fra,0,2,0.0,81.0
best arizona seo company,gbr,0,6,0.0,91.0
best arizona seo company,idn,0,2,0.0,86.5
best arizona seo company,ind,0,6,0.0,82.16666666666667
best arizona seo company,irl,0,1,0.0,79.0
best arizona seo company,ita,0,1,0.0,97.0
best arizona seo company,jpn,0,1,0.0,88.0
best arizona seo company,kor,0,2,0.0,87.0
best arizona seo company,ltu,0,1,0.0,93.0
best arizona seo company,mda,0,1,0.0,86.0
best arizona seo company,mex,0,4,0.0,91.5
best arizona seo company,nld,0,1,0.0,87.0
best arizona seo company,nzl,0,1,0.0,91.0
best arizona seo company,per,0,1,0.0,87.0
best arizona seo company,phl,0,1,0.0,75.0
best arizona seo company,pol,0,1,0.0,86.0
best arizona seo company,pse,0,1,0.0,93.0
best arizona seo company,rou,0,1,0.0,92.0
best arizona seo company,rus,0,5,0.0,89.8
best arizona seo company,sau,0,1,0.0,83.0
best arizona seo company,sgp,0,1,0.0,87.0
best arizona seo company,tca,0,1,0.0,91.0
best arizona seo company,tha,0,1,0.0,93.0
best arizona seo company,twn,0,1,0.0,90.0
best arizona seo company,ukr,0,2,0.0,88.0
best arizona seo company,usa,0,266,0.0,82.66165413533835
best arizona seo company,uzb,0,1,0.0,90.0
best arizona seo company,ven,0,1,0.0,81.0
best arizona seo company,vgb,0,1,0.0,79.0
best arizona seo company,vnm,0,6,0.0,91.16666666666667
best best internal linking plugin,gbr,0,3,0.0,87.66666666666667
best chandler seo company,bra,0,10,0.0,94.1
best chandler seo company,can,0,1,0.0,102.0
best chandler seo company,chl,0,1,0.0,101.0
best chandler seo company,dza,0,1,0.0,102.0
best chandler seo company,egy,0,1,0.0,101.0
best chandler seo company,gbr,0,2,0.0,94.5
best chandler seo company,isr,0,1,0.0,96.0
best chandler seo company,ita,0,3,0.0,99.0
best chandler seo company,jpn,0,1,0.0,101.0
best chandler seo company,kor,0,2,0.0,99.5
best chandler seo company,lka,0,1,0.0,101.0
best chandler seo company,mda,0,1,0.0,91.0
best chandler seo company,pak,0,1,0.0,85.0
best chandler seo company,rus,0,1,0.0,92.0
best chandler seo company,tur,0,1,0.0,96.0
best chandler seo company,twn,0,1,0.0,98.0
best chandler seo company,usa,0,20,0.0,95.9
best chandler seo company,ven,0,1,0.0,99.0
best gilbert seo agency,usa,0,1,0.0,41.0
best internal link plugin wordpress,are,0,2,0.0,94.5
best internal link plugin wordpress,aus,0,2,0.0,67.0
best internal link plugin wordpress,can,0,1,0.0,65.0
best internal link plugin wordpress,deu,0,1,0.0,98.0
best internal link plugin wordpress,fra,0,2,0.0,95.5
best internal link plugin wordpress,gbr,0,96,0.0,78.41666666666667
best internal link plugin wordpress,ind,0,45,0.0,73.06666666666666
best internal link plugin wordpress,usa,0,81,0.0,76.81481481481481
"best internal link plugin wordpress,50.00,low,32,approved",ind,0,107,0.0,82.64485981308411
"best internal link plugin wordpress,50.00,low,32,approved",usa,0,117,0.0,70.2905982905983
best internal linking plugin,are,0,4,0.0,97.25
best internal linking plugin,deu,0,1,0.0,86.0
best internal linking plugin,gbr,0,107,0.0,83.58878504672897
best internal linking plugin,ind,0,38,0.0,70.13157894736842
best internal linking plugin,rus,0,2,0.0,81.5
best internal linking plugin,usa,0,88,0.0,81.125
best internal linking plugin wordpress,aus,0,3,0.0,85.0
best internal linking plugin wordpress,bra,0,2,0.0,88.0
best internal linking plugin wordpress,can,0,2,0.0,91.0
best internal linking plugin wordpress,dnk,0,1,0.0,76.0
best internal linking plugin wordpress,fra,0,1,0.0,90.0
best internal linking plugin wordpress,gbr,0,39,0.0,76.12820512820512
best internal linking plugin wordpress,usa,0,3,0.0,55.0
best internal linking plugin wordpress,vnm,0,3,0.0,83.33333333333333
"best internal linking plugin,20.00,low,16,approved",are,0,2,0.0,47.5
"best internal linking plugin,20.00,low,16,approved",ind,0,71,0.0,78.8169014084507
"best internal linking plugin,20.00,low,16,approved",usa,0,86,0.0,68.52325581395348
best internal linking wordpress plugins for higher web optimization,egy,0,1,0.0,90.0
best internal linking wordpress plugins for higher web optimization,esp,0,2,0.0,95.5
best internal linking wordpress plugins for higher web optimization,gbr,0,9,0.0,79.22222222222223
best internal linking wordpress plugins for higher web optimization,grc,0,1,0.0,83.0
best internal linking wordpress plugins for higher web optimization,ind,0,1,0.0,99.0
best internal linking wordpress plugins for higher web optimization,isr,0,1,0.0,87.0
best internal linking wordpress plugins for higher web optimization,kaz,0,2,0.0,86.5
best internal linking wordpress plugins for higher web optimization,mdg,0,1,0.0,87.0
best internal linking wordpress plugins for higher web optimization,omn,0,1,0.0,96.0
best internal linking wordpress plugins for higher web optimization,pol,0,1,0.0,93.0
best internal linking wordpress plugins for higher web optimization,sau,0,1,0.0,99.0
best internal linking wordpress plugins for higher web optimization,tur,0,1,0.0,88.0
best internal linking wordpress plugins for higher web optimization,usa,0,18,0.0,75.33333333333333
best link building plugin for wordpress,arg,0,5,0.0,79.8
best link building plugin for wordpress,aus,0,1,0.0,87.0
best link building plugin for wordpress,blr,0,1,0.0,51.0
best link building plugin for wordpress,bol,0,1,0.0,66.0
best link building plugin for wordpress,bra,0,1,0.0,50.0
best link building plugin for wordpress,chl,0,1,0.0,100.0
best link building plugin for wordpress,ecu,0,2,0.0,84.0
best link building plugin for wordpress,egy,0,1,0.0,83.0
best link building plugin for wordpress,gbr,0,70,0.0,79.75714285714285
best link building plugin for wordpress,idn,0,3,0.0,75.0
best link building plugin for wordpress,ind,0,1,0.0,89.0
best link building plugin for wordpress,mdv,0,1,0.0,91.0
best link building plugin for wordpress,mex,0,1,0.0,66.0
best link building plugin for wordpress,mkd,0,1,0.0,70.0
best link building plugin for wordpress,mmr,0,1,0.0,87.0
best link building plugin for wordpress,phl,0,1,0.0,67.0
best link building plugin for wordpress,rus,0,3,0.0,81.33333333333333
best link building plugin for wordpress,srb,0,1,0.0,51.0
best link building plugin for wordpress,tha,0,1,0.0,90.0
best link building plugin for wordpress,ukr,0,3,0.0,87.0
best link building plugin for wordpress,usa,0,87,0.0,78.27586206896552
best link building plugin for wordpress,vnm,0,1,0.0,87.0
best link building plugin for wordpress,zaf,0,1,0.0,61.0
best local affordable seo services,usa,0,1,0.0,39.0
best local search optimization practices arizona,usa,0,3,0.0,98.33333333333333
best mobile app development company in arizona,bgd,0,1,0.0,99.0
best mobile app development company in arizona,bra,0,5,0.0,99.6
best mobile app development company in arizona,esp,0,1,0.0,96.0
best mobile app development company in arizona,ind,0,2,0.0,85.0
best mobile app development company in arizona,kor,0,1,0.0,100.0
best mobile app development company in arizona,pak,0,1,0.0,93.0
best mobile app development company in arizona,rus,0,1,0.0,97.0
best mobile app development company in arizona,tto,0,1,0.0,98.0
best mobile app development company in arizona,tur,0,1,0.0,96.0
best mobile app development company in arizona,ukr,0,1,0.0,101.0
best mobile app development company in arizona,usa,0,70,0.0,86.55714285714286
best mobile app development company scottsdale,usa,0,34,0.0,37.11764705882353
best search engine optimization companies tempe,gbr,0,1,0.0,50.0
best search engine optimization companies tempe,usa,0,10,0.0,81.0
best seo agencies arizona,arg,0,1,0.0,84.0
best seo agencies arizona,bra,0,3,0.0,81.66666666666667
best seo agencies arizona,gbr,0,1,0.0,81.0
best seo agencies arizona,ita,0,1,0.0,81.0
best seo agencies arizona,mex,0,1,0.0,81.0
best seo agencies arizona,nor,0,1,0.0,83.0
best seo agencies arizona,phl,0,1,0.0,86.0
best seo agencies arizona,sau,0,1,0.0,84.0
best seo agencies arizona,usa,0,11,0.0,91.9090909090909
best seo agencies arizona,ven,0,1,0.0,85.0
best seo agencies arizona,vnm,0,3,0.0,84.33333333333333
best seo agency in chandler,aze,0,1,0.0,92.0
best seo agency in chandler,bra,0,2,0.0,93.5
best seo agency in chandler,uzb,0,1,0.0,86.0
best seo agency in chandler,zaf,0,1,0.0,90.0
best seo agency in mesa,bra,0,1,0.0,95.0
best seo agency in mesa,mar,0,1,0.0,91.0
best seo agency in mesa,zaf,0,1,0.0,95.0
best seo agency in tempe,ecu,0,2,0.0,99.0
best seo agency in tempe,ind,0,1,0.0,103.0
best seo agency in tempe,irq,0,1,0.0,102.0
best seo agency in tempe,kgz,0,1,0.0,92.0
best seo agency in tempe,mex,0,1,0.0,92.0
best seo agency in tempe,rus,0,1,0.0,96.0
best seo agency in tempe,usa,0,27,0.0,60.22222222222222
best seo agency in tempe,ven,0,1,0.0,96.0
best seo agency in tempe,zzz,0,1,0.0,100.0
best seo arizona,bra,0,1,0.0,77.0
best seo arizona,deu,0,1,0.0,94.0
best seo arizona,dnk,0,1,0.0,86.0
best seo arizona,gha,0,1,0.0,90.0
best seo arizona,mar,0,2,0.0,87.5
best seo arizona,ukr,0,1,0.0,100.0
best seo arizona,usa,0,4,0.0,90.75
best seo companies arizona,usa,0,127,0.0,68.89763779527559
best seo companies in arizona,usa,0,66,0.0,87.24242424242425
best seo companies mesa,bra,0,11,0.0,94.63636363636364
best seo companies mesa,egy,0,1,0.0,94.0
best seo companies mesa,gbr,0,1,0.0,91.0
best seo companies mesa,mdg,0,1,0.0,101.0
best seo companies mesa,rus,0,2,0.0,100.0
best seo companies mesa,twn,0,1,0.0,100.0
best seo companies mesa,usa,0,11,0.0,99.45454545454545
best seo companies mesa,ven,0,1,0.0,95.0
best seo companies mesa,vnm,0,1,0.0,98.0
best seo company arizona,arg,0,1,0.0,83.0
best seo company arizona,bgd,0,2,0.0,88.5
best seo company arizona,bih,0,1,0.0,86.0
best seo company arizona,bra,0,8,0.0,85.25
best seo company arizona,can,0,3,0.0,84.0
best seo company arizona,col,0,2,0.0,88.5
best seo company arizona,dza,0,1,0.0,75.0
best seo company arizona,ecu,0,1,0.0,88.0
best seo company arizona,esp,0,1,0.0,84.0
best seo company arizona,gbr,0,3,0.0,85.33333333333333
best seo company arizona,idn,0,2,0.0,84.5
best seo company arizona,ind,0,3,0.0,87.33333333333333
best seo company arizona,ita,0,3,0.0,84.33333333333333
best seo company arizona,jpn,0,1,0.0,81.0
best seo company arizona,kaz,0,1,0.0,86.0
best seo company arizona,kor,0,1,0.0,84.0
best seo company arizona,mdg,0,1,0.0,85.0
best seo company arizona,mex,0,1,0.0,88.0
best seo company arizona,mys,0,1,0.0,83.0
best seo company arizona,pol,0,1,0.0,83.0
best seo company arizona,rou,0,1,0.0,83.0
best seo company arizona,rus,0,5,0.0,85.0
best seo company arizona,tur,0,3,0.0,78.66666666666667
best seo company arizona,usa,0,105,0.0,67.75238095238095
best seo company arizona,zaf,0,1,0.0,85.0
best seo company in arizona,are,0,1,0.0,99.0
best seo company in arizona,bra,0,1,0.0,101.0
best seo company in arizona,ecu,0,1,0.0,100.0
best seo company in arizona,gbr,0,1,0.0,101.0
best seo company in arizona,ken,0,1,0.0,101.0
best seo company in arizona,mex,0,1,0.0,100.0
best seo company in arizona,mys,0,1,0.0,101.0
best seo company in arizona,rus,0,1,0.0,100.0
best seo company in arizona,tun,0,1,0.0,75.0
best seo company in arizona,usa,0,83,0.0,78.92771084337349
best seo company in arizona,vnm,0,1,0.0,101.0
best seo company in arizona,zzz,0,1,0.0,101.0
best seo company in chandler,aze,0,1,0.0,92.0
best seo company in chandler,bra,0,3,0.0,96.33333333333333
best seo company in chandler,col,0,2,0.0,99.0
best seo company in chandler,esp,0,1,0.0,82.0
best seo company in chandler,phl,0,1,0.0,99.0
best seo company in chandler,uzb,0,1,0.0,95.0
"best seo company in gilbert, az",usa,0,2,0.0,41.0
best seo company in mesa az,aut,0,2,0.0,91.5
best seo company in mesa az,bgr,0,1,0.0,95.0
best seo company in mesa az,blr,0,1,0.0,97.0
best seo company in mesa az,bra,0,18,0.0,93.33333333333333
best seo company in mesa az,can,0,4,0.0,97.5
best seo company in mesa az,col,0,2,0.0,96.0
best seo company in mesa az,deu,0,3,0.0,91.33333333333333
best seo company in mesa az,dza,0,1,0.0,94.0
best seo company in mesa az,ecu,0,1,0.0,100.0
best seo company in mesa az,egy,0,2,0.0,95.5
best seo company in mesa az,esp,0,2,0.0,94.5
best seo company in mesa az,est,0,1,0.0,92.0
best seo company in mesa az,fra,0,2,0.0,94.5
best seo company in mesa az,gbr,0,18,0.0,94.16666666666667
best seo company in mesa az,grc,0,2,0.0,96.5
best seo company in mesa az,gtm,0,2,0.0,99.0
best seo company in mesa az,gum,0,1,0.0,86.0
best seo company in mesa az,idn,0,5,0.0,92.0
best seo company in mesa az,ind,0,10,0.0,96.1
best seo company in mesa az,irl,0,1,0.0,94.0
best seo company in mesa az,ita,0,2,0.0,94.0
best seo company in mesa az,jpn,0,1,0.0,86.0
best seo company in mesa az,kor,0,2,0.0,96.5
best seo company in mesa az,ltu,0,1,0.0,96.0
best seo company in mesa az,mar,0,1,0.0,94.0
best seo company in mesa az,mda,0,1,0.0,89.0
best seo company in mesa az,mdg,0,1,0.0,98.0
best seo company in mesa az,mex,0,3,0.0,95.66666666666667
best seo company in mesa az,mys,0,3,0.0,90.66666666666667
best seo company in mesa az,nga,0,1,0.0,93.0
best seo company in mesa az,pak,0,1,0.0,94.0
best seo company in mesa az,per,0,1,0.0,91.0
best seo company in mesa az,phl,0,1,0.0,91.0
best seo company in mesa az,pol,0,2,0.0,95.5
best seo company in mesa az,rus,0,6,0.0,94.33333333333333
best seo company in mesa az,srb,0,1,0.0,96.0
best seo company in mesa az,syc,0,1,0.0,97.0
best seo company in mesa az,tha,0,1,0.0,94.0
best seo company in mesa az,tun,0,2,0.0,96.0
best seo company in mesa az,tur,0,1,0.0,96.0
best seo company in mesa az,ukr,0,2,0.0,96.0
best seo company in mesa az,usa,0,154,0.0,83.57142857142857
best seo company in mesa az,uzb,0,1,0.0,92.0
best seo company in mesa az,vnm,0,7,0.0,94.14285714285714
best seo company in mesa az,zaf,0,3,0.0,93.66666666666667
best seo company in tempe,bra,0,1,0.0,100.0
best seo company in tempe,usa,0,21,0.0,58.23809523809524
best seo company scottsdale,deu,0,1,0.0,81.0
best seo company scottsdale,ita,0,1,0.0,77.0
best seo company sun city,usa,0,8,0.0,93.75
best seo in arizona,are,0,1,0.0,98.0
best seo in arizona,blr,0,1,0.0,79.0
best seo in arizona,bra,0,4,0.0,88.25
best seo in arizona,che,0,1,0.0,96.0
best seo in arizona,cri,0,1,0.0,99.0
best seo in arizona,cym,0,1,0.0,91.0
best seo in arizona,deu,0,2,0.0,96.0
best seo in arizona,esp,0,1,0.0,98.0
best seo in arizona,fra,0,1,0.0,83.0
best seo in arizona,gbr,0,1,0.0,79.0
best seo in arizona,hkg,0,1,0.0,93.0
best seo in arizona,ltu,0,1,0.0,81.0
best seo in arizona,mar,0,1,0.0,93.0
best seo in arizona,mex,0,1,0.0,76.0
best seo in arizona,pan,0,1,0.0,94.0
best seo in arizona,phl,0,1,0.0,88.0
best seo in arizona,pry,0,1,0.0,86.0
best seo in arizona,sgp,0,1,0.0,101.0
best seo in arizona,tca,0,1,0.0,93.0
best seo in arizona,tha,0,1,0.0,101.0
best seo in arizona,ukr,0,1,0.0,77.0
best seo in arizona,usa,0,35,0.0,97.8
best seo in arizona,uzb,0,1,0.0,102.0
best seo in arizona,vnm,0,8,0.0,85.125
best seo in az,cri,0,1,0.0,72.0
best seo in az,fra,0,1,0.0,83.0
best seo in az,ind,0,1,0.0,77.0
best seo in az,ita,0,1,0.0,102.0
best seo in az,mng,0,1,0.0,82.0
best seo in az,nld,0,1,0.0,78.0
best seo in az,usa,0,6,0.0,86.66666666666667
best seo in az,vnm,0,1,0.0,72.0
best seo in phoenix az,usa,0,1,0.0,103.0
best seo service company in arizona,usa,0,7,0.0,79.0
best seo service in arizona,bih,0,1,0.0,84.0
best seo service in arizona,bra,0,11,0.0,97.27272727272727
best seo service in arizona,che,0,1,0.0,88.0
best seo service in arizona,chl,0,1,0.0,99.0
best seo service in arizona,cze,0,1,0.0,97.0
best seo service in arizona,ecu,0,1,0.0,86.0
best seo service in arizona,esp,0,1,0.0,94.0
best seo service in arizona,gbr,0,3,0.0,92.0
best seo service in arizona,ind,0,2,0.0,95.5
best seo service in arizona,kor,0,3,0.0,95.33333333333333
best seo service in arizona,ltu,0,1,0.0,96.0
best seo service in arizona,mys,0,1,0.0,93.0
best seo service in arizona,per,0,1,0.0,100.0
best seo service in arizona,rus,0,2,0.0,95.5
best seo service in arizona,sxm,0,1,0.0,98.0
best seo service in arizona,ukr,0,1,0.0,94.0
best seo service in arizona,usa,0,128,0.0,89.546875
best seo service in arizona,uzb,0,1,0.0,98.0
best seo service in arizona,zaf,0,1,0.0,94.0
best seo services for small business,usa,0,1,0.0,69.0
best seo services in phoenix,usa,0,1,0.0,87.0
"best seo services in scottsdale, az",bgd,0,1,0.0,96.0
"best seo services in scottsdale, az",bra,0,6,0.0,90.5
"best seo services in scottsdale, az",fra,0,1,0.0,95.0
"best seo services in scottsdale, az",gbr,0,3,0.0,98.0
"best seo services in scottsdale, az",ind,0,2,0.0,93.5
"best seo services in scottsdale, az",pak,0,2,0.0,100.5
"best seo services in scottsdale, az",rus,0,1,0.0,99.0
"best seo services in scottsdale, az",sgp,0,1,0.0,96.0
"best seo services in scottsdale, az",usa,0,135,0.0,79.33333333333333
best seo services in tempe,aus,0,2,0.0,97.5
best seo services in tempe,bra,0,4,0.0,96.75
best seo services in tempe,cze,0,1,0.0,99.0
best seo services in tempe,gbr,0,4,0.0,84.75
best seo services in tempe,rwa,0,1,0.0,98.0
best seo services in tempe,sen,0,1,0.0,96.0
best seo services in tempe,twn,0,1,0.0,94.0
best seo services in tempe,usa,0,50,0.0,62.46
best software for website development,usa,0,1,0.0,1.0
best web app development services in arizona,arg,0,3,0.0,43.666666666666664
best web app development services in arizona,bgd,0,1,0.0,40.0
best web app development services in arizona,blz,0,1,0.0,67.0
best web app development services in arizona,bra,0,11,0.0,51.18181818181818
best web app development services in arizona,can,0,1,0.0,41.0
best web app development services in arizona,deu,0,1,0.0,39.0
best web app development services in arizona,esp,0,1,0.0,49.0
best web app development services in arizona,gbr,0,1,0.0,42.0
best web app development services in arizona,idn,0,2,0.0,39.5
best web app development services in arizona,ind,0,4,0.0,63.0
best web app development services in arizona,irq,0,1,0.0,41.0
best web app development services in arizona,ita,0,1,0.0,15.0
best web app development services in arizona,kor,0,7,0.0,37.0
best web app development services in arizona,npl,0,1,0.0,41.0
best web app development services in arizona,rus,0,5,0.0,49.4
best web app development services in arizona,tur,0,1,0.0,45.0
best web app development services in arizona,ukr,0,1,0.0,37.0
best web app development services in arizona,ury,0,1,0.0,47.0
best web app development services in arizona,usa,0,130,0.0,37.03846153846154
best web application development company in arizona,arg,0,1,0.0,51.0
best web application development company in arizona,bgd,0,1,0.0,43.0
best web application development company in arizona,bgr,0,1,0.0,46.0
best web application development company in arizona,bra,0,12,0.0,48.166666666666664
best web application development company in arizona,can,0,1,0.0,29.0
best web application development company in arizona,col,0,1,0.0,45.0
best web application development company in arizona,deu,0,1,0.0,43.0
best web application development company in arizona,gbr,0,1,0.0,45.0
best web application development company in arizona,idn,0,1,0.0,49.0
best web application development company in arizona,ind,0,2,0.0,48.0
best web application development company in arizona,kor,0,1,0.0,51.0
best web application development company in arizona,ltu,0,1,0.0,43.0
best web application development company in arizona,per,0,1,0.0,47.0
best web application development company in arizona,phl,0,1,0.0,42.0
best web application development company in arizona,rus,0,3,0.0,48.666666666666664
best web application development company in arizona,tur,0,1,0.0,47.0
best web application development company in arizona,ukr,0,1,0.0,46.0
best web application development company in arizona,usa,0,118,0.0,49.91525423728814
best web application development company in arizona,vnm,0,2,0.0,45.0
best web application development company in arizona,zzz,0,1,0.0,45.0
best web design company sun city az,usa,0,14,0.0,89.28571428571429
best web developer phoenix,usa,0,106,0.0,65.98113207547169
best web development company sedona'äé,usa,0,3,0.0,21.666666666666668
best website developer near me,usa,0,1,0.0,23.0
best website developers,usa,0,1,0.0,2.0
best website for seo,usa,0,3,0.0,41.0
best wordpress internal linking,gbr,0,4,0.0,82.25
best wordpress internal linking,usa,0,20,0.0,84.8
best wordpress plugin for internal linking,are,0,1,0.0,96.0
best wordpress plugin for internal linking,bgr,0,1,0.0,63.0
best wordpress plugin for internal linking,esp,0,1,0.0,95.0
best wordpress plugin for internal linking,gbr,0,83,0.0,79.80722891566265
best wordpress plugin for internal linking,ind,0,51,0.0,68.13725490196079
best wordpress plugin for internal linking,usa,0,70,0.0,78.58571428571429
"best wordpress plugin for internal linking,10.00,low,29,approved",ind,0,116,0.0,86.09482758620689
"best wordpress plugin for internal linking,10.00,low,29,approved",usa,0,175,0.0,68.77142857142857
budget-friendly seo strategies for startups arizona,ita,0,3,0.0,82.33333333333333
budget-friendly seo strategies for startups arizona,mex,0,1,0.0,102.0
budget-friendly seo strategies for startups arizona,usa,0,52,0.0,85.59615384615384
business near me without website,usa,0,2,0.0,24.0
business optimization services arizona,usa,0,10,0.0,62.9
business seo services in phoenix,deu,0,1,0.0,100.0
business seo services in phoenix,gbr,0,1,0.0,99.0
business seo services in phoenix,ita,0,1,0.0,99.0
business startups seo arizona,usa,0,5,0.0,68.2
business website builder,usa,0,1,0.0,41.0
business website development company associative,usa,0,1,0.0,47.0
business without website near me,usa,0,1,0.0,1.0
businesses near me,usa,0,1,0.0,1.0
businesses open near me,usa,0,1,0.0,1.0
carmel web development,usa,0,37,0.0,71.05405405405405
certificate for web development near me,usa,0,1,0.0,6.0
champaign web development,usa,0,35,0.0,82.71428571428571
chandler ai seo agency,mda,0,1,0.0,95.0
chandler az athletic seo marketing services,usa,0,1,0.0,84.0
chandler az seo,arg,0,1,0.0,97.0
chandler az seo,bra,0,2,0.0,91.5
chandler az seo,ita,0,1,0.0,96.0
chandler az seo,jpn,0,1,0.0,100.0
chandler az seo,sgp,0,1,0.0,99.0
chandler az seo,usa,0,6,0.0,98.83333333333333
chandler az seo,vnm,0,3,0.0,100.0
chandler seo agency,usa,0,1,0.0,96.0
chandler seo company,bra,0,1,0.0,137.0
chandler seo company,gbr,0,1,0.0,90.0
chandler seo company,usa,0,3,0.0,92.66666666666667
chandler seo expert,gbr,0,1,0.0,101.0
chandler seo expert,twn,0,1,0.0,86.0
chandler seo expert,usa,0,1,0.0,95.0
chandler seo services,bgd,0,1,0.0,100.0
chandler seo services,bra,0,3,0.0,99.33333333333333
chandler seo services,can,0,1,0.0,86.0
chandler seo services,esp,0,1,0.0,82.0
chandler seo services,jam,0,1,0.0,100.0
chandler seo services,lva,0,1,0.0,96.0
chandler seo services,pol,0,1,0.0,98.0
chandler seo services,sur,0,1,0.0,102.0
chandler seo services,usa,0,9,0.0,91.33333333333333
cheap and effective organic seo growth az,usa,0,343,0.0,28.79008746355685
cheap and effective organic seo in arizona,cze,0,1,0.0,16.0
cheap and effective organic seo in arizona,usa,0,391,0.0,35.61381074168798
cheap arizona organic seo growth,usa,0,386,0.0,32.766839378238345
cheap az organic seo growth,usa,0,196,0.0,42.535714285714285
cheap effective organic growth arizona,usa,0,8,0.0,52.875
cheap effective organic growth seo az,usa,0,53,0.0,36.075471698113205
cheap effective organic seo growth az,rus,0,2,0.0,47.0
cheap effective organic seo growth az,usa,0,373,0.0,28.536193029490615
cheap local seo growth az,usa,0,9,0.0,75.0
cheap local seo packages arizona,usa,0,54,0.0,56.05555555555556
cheap local seo packages phoenix az,usa,0,1,0.0,53.0
cheap organic az seo growth,usa,0,379,0.0,25.105540897097626
cheap organic growth of seo in arizona,usa,0,248,0.0,36.82258064516129
cheap organic growth of seo in az,usa,0,377,0.0,35.51193633952255
cheap organic phoenix az seo growth,usa,0,17,0.0,78.70588235294117
cheap organic seo growth arizona,usa,0,173,0.0,45.23699421965318
cheap organic seo growth az,usa,0,114,0.0,51.780701754385966
cheap organic seo growth in arizona,gbr,0,1,0.0,37.0
cheap organic seo growth in arizona,usa,0,367,0.0,34.474114441416894
cheap organic seo growth in az,usa,0,350,0.0,36.31428571428572
cheap organic seo growth in phoenix,usa,0,1,0.0,84.0
cheap organic seo growth in phoenix az,usa,0,6,0.0,90.33333333333333
cheap organic seo growth packages az,rus,0,4,0.0,43.25
cheap organic seo growth packages az,usa,0,207,0.0,46.792270531400966
cheap organic seo growth phoenix,usa,0,4,0.0,72.75
cheap organic seo growth phoenix arizona,usa,0,4,0.0,80.0
cheap organic seo growth phoenix az,usa,0,4,0.0,81.75
cheap organic seo growth scottsdale,usa,0,13,0.0,89.84615384615384
cheap organic seo growth strategies arizona,usa,0,189,0.0,33.142857142857146
cheap organic seo packages arizona,aut,0,1,0.0,87.0
cheap organic seo packages arizona,bra,0,2,0.0,87.0
cheap organic seo packages arizona,irq,0,1,0.0,92.0
cheap organic seo packages arizona,mex,0,1,0.0,92.0
cheap organic seo packages arizona,pan,0,1,0.0,85.0
cheap organic seo packages arizona,usa,0,245,0.0,45.80816326530612
cheap organic seo packages az,rus,0,18,0.0,15.61111111111111
cheap organic seo packages az,usa,0,154,0.0,38.79220779220779
cheap organic seo packages in phoenix az,usa,0,3,0.0,95.33333333333333
cheap organic seo packages phoenix az,usa,0,10,0.0,90.2
cheap search engine optimization phoenix arizona,usa,0,101,0.0,67.04950495049505
cheap seo az,che,0,1,0.0,16.0
cheap seo az,usa,0,2,0.0,17.5
cheap seo company az,usa,0,2,0.0,25.0
cheap seo consulting phoenix,usa,0,58,0.0,68.86206896551724
cheap seo growth arizona,usa,0,251,0.0,28.362549800796813
cheap seo growth in arizona,usa,0,270,0.0,31.31111111111111
cheap seo growth organic phoenix,fra,0,1,0.0,74.0
cheap seo growth organic phoenix,usa,0,8,0.0,66.375
cheap seo growth service az,usa,0,235,0.0,33.851063829787236
cheap seo organic growth arizona,usa,0,5,0.0,34.4
cheap seo organic growth az,usa,0,17,0.0,41.11764705882353
cheap seo packages az,gbr,0,1,0.0,16.0
cheap seo packages az,usa,0,2,0.0,16.5
cheap seo solutions phoenix,usa,0,74,0.0,69.9054054054054
cheap web designer near me,usa,0,1,0.0,1.0
cheap web designers,usa,0,1,0.0,7.0
cheap website hosting phoenix az,usa,0,2,0.0,94.0
cheapest website design,usa,0,1,0.0,10.0
companies near me,usa,0,2,0.0,3.0
company address location website,usa,0,1,0.0,1.0
company website,usa,0,2,0.0,3.0
competitive web analysis companies near me,usa,0,1,0.0,12.0
comprehensive national seo packages phoenix az,usa,0,2,0.0,92.5
"comprehensive seo plans gilbert, az",usa,0,2,0.0,6.0
construction software developer,usa,0,1,0.0,12.0
construction website design gilbert az,ita,0,5,0.0,1.0
construction website design gilbert az,ltu,0,2,0.0,1.0
construction website design gilbert az,lva,0,1,0.0,1.0
construction website design gilbert az,usa,0,22,0.0,28.818181818181817
contractor seo mesa arizona,bra,0,1,0.0,92.0
contractor seo mesa arizona,brb,0,1,0.0,87.0
contractor seo mesa arizona,can,0,1,0.0,84.0
contractor seo mesa arizona,deu,0,4,0.0,84.75
contractor seo mesa arizona,dnk,0,2,0.0,79.0
contractor seo mesa arizona,dza,0,2,0.0,86.5
contractor seo mesa arizona,ecu,0,1,0.0,81.0
contractor seo mesa arizona,egy,0,2,0.0,83.5
contractor seo mesa arizona,esp,0,1,0.0,79.0
contractor seo mesa arizona,gbr,0,4,0.0,85.75
contractor seo mesa arizona,idn,0,1,0.0,86.0
contractor seo mesa arizona,isr,0,1,0.0,90.0
contractor seo mesa arizona,jpn,0,1,0.0,85.0
contractor seo mesa arizona,mex,0,1,0.0,82.0
contractor seo mesa arizona,mus,0,1,0.0,90.0
contractor seo mesa arizona,nor,0,1,0.0,91.0
contractor seo mesa arizona,per,0,1,0.0,89.0
contractor seo mesa arizona,pol,0,1,0.0,90.0
contractor seo mesa arizona,rou,0,1,0.0,81.0
contractor seo mesa arizona,sau,0,3,0.0,90.33333333333333
contractor seo mesa arizona,usa,0,18,0.0,85.88888888888889
contractor seo mesa arizona,yem,0,1,0.0,81.0
contractor seo mesa arizona,zaf,0,1,0.0,92.0
contractor seo mesa arizona,zzz,0,1,0.0,85.0
contractor web design,usa,0,1,0.0,41.0
contractor website builder,usa,0,1,0.0,12.0
course best internal linking plugin,bra,0,1,0.0,96.0
course best internal linking plugin,col,0,1,0.0,90.0
course best internal linking plugin,gbr,0,4,0.0,80.75
course best internal linking plugin,phl,0,1,0.0,89.0
course best internal linking plugin,usa,0,37,0.0,91.8108108108108
cpanel hosting phoenix az,usa,0,21,0.0,88.57142857142857
critical error on wordpress site,bra,0,1,0.0,75.0
critical error on wordpress site,fra,0,1,0.0,75.0
critical error on wordpress site,usa,0,20,0.0,69.85
critical error on wordpress site,vnm,0,2,0.0,72.5
critical error wordpress,are,0,1,0.0,86.0
critical error wordpress,arg,0,3,0.0,69.0
critical error wordpress,aus,0,2,0.0,79.0
critical error wordpress,bel,0,1,0.0,80.0
critical error wordpress,bgd,0,1,0.0,75.0
critical error wordpress,blr,0,1,0.0,70.0
critical error wordpress,bra,0,41,0.0,72.46341463414635
critical error wordpress,brb,0,2,0.0,78.5
critical error wordpress,can,0,5,0.0,76.2
critical error wordpress,chl,0,1,0.0,72.0
critical error wordpress,deu,0,1,0.0,77.0
critical error wordpress,egy,0,2,0.0,76.5
critical error wordpress,fra,0,2,0.0,74.5
critical error wordpress,gbr,0,347,0.0,77.25360230547551
critical error wordpress,geo,0,1,0.0,77.0
critical error wordpress,idn,0,2,0.0,78.0
critical error wordpress,ind,0,11,0.0,78.45454545454545
critical error wordpress,jam,0,1,0.0,74.0
critical error wordpress,jpn,0,1,0.0,73.0
critical error wordpress,ken,0,1,0.0,72.0
critical error wordpress,kor,0,1,0.0,75.0
critical error wordpress,mda,0,1,0.0,75.0
critical error wordpress,mys,0,1,0.0,70.0
critical error wordpress,nld,0,3,0.0,73.0
critical error wordpress,pak,0,1,0.0,92.0
critical error wordpress,phl,0,1,0.0,78.0
critical error wordpress,pry,0,1,0.0,77.0
critical error wordpress,rou,0,1,0.0,72.0
critical error wordpress,rus,0,14,0.0,73.85714285714286
critical error wordpress,tha,0,1,0.0,74.0
critical error wordpress,twn,0,1,0.0,75.0
critical error wordpress,ukr,0,1,0.0,76.0
critical error wordpress,usa,0,292,0.0,77.68493150684931
critical error wordpress,vnm,0,1,0.0,74.0
critical wordpress error,usa,0,112,0.0,67.83928571428571
crm automation for local marketing agencies phoenix,arg,0,1,0.0,14.0
crm automation for local marketing agencies phoenix,bra,0,1,0.0,15.0
crm automation for local marketing agencies phoenix,mex,0,1,0.0,13.0
crm automation for local marketing agencies phoenix,svk,0,1,0.0,11.0
crm automation for local marketing agencies phoenix,usa,0,8,0.0,14.125
crm automation for local marketing agencies phoenix,vnm,0,2,0.0,12.0
crm automation for local phoenix marketing agencies,usa,0,4,0.0,11.75
crm automation for marketing agencies phoenix,can,0,1,0.0,18.0
crm automation for marketing agencies phoenix,deu,0,1,0.0,18.0
crm automation for marketing agencies phoenix,idn,0,1,0.0,18.0
crm automation for marketing agencies phoenix,mex,0,1,0.0,17.0
crm automation for marketing agencies phoenix,usa,0,5,0.0,17.0
custom affordable websites for startups arizona,usa,0,8,0.0,90.75
custom mobile app development arizona,are,0,1,0.0,37.0
custom mobile app development arizona,arg,0,1,0.0,93.0
custom mobile app development arizona,bhr,0,1,0.0,41.0
custom mobile app development arizona,bra,0,7,0.0,47.285714285714285
custom mobile app development arizona,egy,0,1,0.0,47.0
custom mobile app development arizona,esp,0,1,0.0,37.0
custom mobile app development arizona,gbr,0,2,0.0,38.0
custom mobile app development arizona,ind,0,4,0.0,37.25
custom mobile app development arizona,jam,0,1,0.0,38.0
custom mobile app development arizona,kor,0,4,0.0,38.5
custom mobile app development arizona,nld,0,1,0.0,43.0
custom mobile app development arizona,rus,0,2,0.0,38.0
custom mobile app development arizona,usa,0,163,0.0,42.17791411042945
custom mobile app development arizona,zzz,0,1,0.0,39.0
custom mobile app development phoenix,usa,0,8,0.0,53.25
custom web app development agency in gilbert town,are,0,14,0.0,43.92857142857143
custom web app development agency in gilbert town,deu,0,1,0.0,16.0
custom web app development agency in gilbert town,egy,0,1,0.0,1.0
custom web app development agency in gilbert town,usa,0,17,0.0,3.176470588235294
custom web app development agency in phoenix,usa,0,4,0.0,82.25
custom web development company associative,usa,0,2,0.0,50.0
custom web development near me,usa,0,1,0.0,44.0
custom web development sun city,usa,0,10,0.0,56.9
custom website design az,usa,0,1,0.0,85.0
custom website design mesa arizona,bra,0,1,0.0,91.0
custom website design mesa arizona,gbr,0,2,0.0,90.0
custom website design mesa arizona,mar,0,1,0.0,85.0
custom website design mesa arizona,pak,0,1,0.0,84.0
custom website design mesa arizona,rus,0,4,0.0,74.75
custom website design mesa arizona,twn,0,1,0.0,85.0
custom website design mesa arizona,usa,0,44,0.0,80.5
custom website designers ahwatukee,usa,0,1,0.0,88.0
custom website development,usa,0,2,0.0,6.0
custom website packages,usa,0,2,0.0,16.0
custom website services,usa,0,1,0.0,1.0
custom wordpress seo website in phoenix,bra,0,1,0.0,84.0
custom wordpress website developers in phoenix,bra,0,1,0.0,97.0
custom wordpress website developers in phoenix,idn,0,1,0.0,91.0
custom wordpress website developers in phoenix,usa,0,25,0.0,84.92
custom wordpress website developers phoenix,usa,0,21,0.0,76.71428571428571
dataflurry seo & sem web marketing firm mesa,usa,0,4,0.0,82.0
design agencies near me,usa,0,2,0.0,12.5
dev near me,usa,0,2,0.0,10.0
developer seo,usa,0,19,0.0,10.052631578947368
developers web,usa,0,5,0.0,4.0
development marketing,usa,0,1,0.0,13.0
digital ads arizona,bra,0,2,0.0,100.5
digital ads arizona,bwa,0,1,0.0,101.0
digital ads arizona,usa,0,1,0.0,100.0
digital agency arizona,bra,0,1,0.0,94.0
digital agency arizona,gbr,0,1,0.0,100.0
digital agency arizona,ind,0,1,0.0,98.0
digital agency arizona,usa,0,3,0.0,91.33333333333333
digital current seo services phoenix,bra,0,1,0.0,101.0
digital current seo services phoenix,kor,0,1,0.0,100.0
digital marketing,usa,0,1,0.0,11.0
digital marketing a-z,bgd,0,1,0.0,88.0
digital marketing agencies in arizona,bra,0,1,0.0,88.0
digital marketing agencies in arizona,kor,0,1,0.0,81.0
digital marketing agencies in arizona,usa,0,1,0.0,84.0
digital marketing agency arizona,are,0,1,0.0,94.0
digital marketing agency arizona,arg,0,4,0.0,92.0
digital marketing agency arizona,aut,0,1,0.0,97.0
digital marketing agency arizona,bel,0,1,0.0,99.0
digital marketing agency arizona,bgd,0,1,0.0,81.0
digital marketing agency arizona,bra,0,47,0.0,89.87234042553192
digital marketing agency arizona,can,0,7,0.0,90.42857142857143
digital marketing agency arizona,chl,0,2,0.0,89.5
digital marketing agency arizona,civ,0,1,0.0,95.0
digital marketing agency arizona,col,0,1,0.0,78.0
digital marketing agency arizona,cze,0,1,0.0,92.0
digital marketing agency arizona,dom,0,1,0.0,99.0
digital marketing agency arizona,dza,0,1,0.0,99.0
digital marketing agency arizona,ecu,0,3,0.0,82.0
digital marketing agency arizona,egy,0,4,0.0,91.0
digital marketing agency arizona,esp,0,6,0.0,86.83333333333333
digital marketing agency arizona,fra,0,2,0.0,89.0
digital marketing agency arizona,gbr,0,11,0.0,93.0909090909091
digital marketing agency arizona,grc,0,1,0.0,90.0
digital marketing agency arizona,gtm,0,1,0.0,98.0
digital marketing agency arizona,hnd,0,1,0.0,96.0
digital marketing agency arizona,idn,0,1,0.0,93.0
digital marketing agency arizona,ind,0,11,0.0,93.45454545454545
digital marketing agency arizona,irl,0,1,0.0,94.0
digital marketing agency arizona,irq,0,1,0.0,90.0
digital marketing agency arizona,ita,0,3,0.0,93.0
digital marketing agency arizona,jam,0,1,0.0,91.0
digital marketing agency arizona,jpn,0,2,0.0,94.5
digital marketing agency arizona,ken,0,1,0.0,97.0
digital marketing agency arizona,kor,0,25,0.0,93.24
digital marketing agency arizona,kwt,0,1,0.0,95.0
digital marketing agency arizona,ltu,0,1,0.0,96.0
digital marketing agency arizona,lva,0,1,0.0,81.0
digital marketing agency arizona,mar,0,1,0.0,93.0
digital marketing agency arizona,mex,0,1,0.0,85.0
digital marketing agency arizona,mmr,0,1,0.0,89.0
digital marketing agency arizona,mng,0,1,0.0,98.0
digital marketing agency arizona,mys,0,6,0.0,93.0
digital marketing agency arizona,nld,0,3,0.0,93.66666666666667
digital marketing agency arizona,pak,0,2,0.0,90.0
digital marketing agency arizona,per,0,1,0.0,98.0
digital marketing agency arizona,phl,0,3,0.0,90.0
digital marketing agency arizona,pol,0,4,0.0,96.25
digital marketing agency arizona,pry,0,2,0.0,92.0
digital marketing agency arizona,pse,0,1,0.0,94.0
digital marketing agency arizona,rus,0,25,0.0,92.44
digital marketing agency arizona,sau,0,1,0.0,91.0
digital marketing agency arizona,sen,0,2,0.0,88.5
digital marketing agency arizona,slv,0,1,0.0,82.0
digital marketing agency arizona,tha,0,1,0.0,74.0
digital marketing agency arizona,tto,0,1,0.0,90.0
digital marketing agency arizona,tun,0,3,0.0,93.0
digital marketing agency arizona,tur,0,2,0.0,97.0
digital marketing agency arizona,twn,0,7,0.0,91.28571428571429
digital marketing agency arizona,usa,0,169,0.0,90.45562130177515
digital marketing agency arizona,vnm,0,2,0.0,88.5
digital marketing agency arizona,zaf,0,4,0.0,91.75
digital marketing agency arizona,zzz,0,1,0.0,90.0
digital marketing agency az,can,0,1,0.0,89.0
digital marketing agency az,esp,0,1,0.0,95.0
digital marketing agency az,gbr,0,1,0.0,94.0
digital marketing agency az,pak,0,1,0.0,89.0
digital marketing agency az,per,0,1,0.0,88.0
digital marketing agency az,usa,0,4,0.0,93.25
digital marketing agency in arizona,bra,0,1,0.0,101.0
digital marketing and web development services,usa,0,1,0.0,1.0
digital marketing arizona,arg,0,3,0.0,79.66666666666667
digital marketing arizona,aus,0,2,0.0,85.5
digital marketing arizona,bgd,0,1,0.0,73.0
digital marketing arizona,bra,0,49,0.0,83.95918367346938
digital marketing arizona,can,0,7,0.0,86.0
digital marketing arizona,chl,0,1,0.0,76.0
digital marketing arizona,cpv,0,1,0.0,102.0
digital marketing arizona,deu,0,3,0.0,83.66666666666667
digital marketing arizona,dom,0,1,0.0,82.0
digital marketing arizona,dza,0,1,0.0,90.0
digital marketing arizona,ecu,0,2,0.0,90.5
digital marketing arizona,esp,0,3,0.0,92.0
digital marketing arizona,fra,0,1,0.0,92.0
digital marketing arizona,gbr,0,4,0.0,86.25
digital marketing arizona,hkg,0,1,0.0,74.0
digital marketing arizona,hnd,0,1,0.0,82.0
digital marketing arizona,idn,0,1,0.0,75.0
digital marketing arizona,ind,0,2,0.0,86.0
digital marketing arizona,irl,0,1,0.0,87.0
digital marketing arizona,irn,0,1,0.0,75.0
digital marketing arizona,ita,0,4,0.0,84.75
digital marketing arizona,jpn,0,1,0.0,73.0
digital marketing arizona,ken,0,1,0.0,90.0
digital marketing arizona,kor,0,19,0.0,83.52631578947368
digital marketing arizona,mda,0,1,0.0,95.0
digital marketing arizona,mex,0,1,0.0,97.0
digital marketing arizona,nga,0,2,0.0,87.0
digital marketing arizona,nic,0,1,0.0,79.0
digital marketing arizona,nld,0,2,0.0,84.0
digital marketing arizona,per,0,1,0.0,95.0
digital marketing arizona,phl,0,1,0.0,80.0
digital marketing arizona,rus,0,25,0.0,83.52
digital marketing arizona,tur,0,1,0.0,83.0
digital marketing arizona,twn,0,1,0.0,95.0
digital marketing arizona,uzb,0,1,0.0,90.0
digital marketing arizona,ven,0,1,0.0,85.0
digital marketing arizona,vnm,0,3,0.0,83.0
digital marketing arizona,zaf,0,2,0.0,73.5
digital marketing arizona,zzz,0,2,0.0,83.5
digital marketing az,alb,0,1,0.0,78.0
digital marketing az,arg,0,1,0.0,84.0
digital marketing az,deu,0,1,0.0,81.0
digital marketing az,gbr,0,1,0.0,94.0
digital marketing az,ind,0,1,0.0,97.0
digital marketing az,mdg,0,1,0.0,78.0
digital marketing az,mex,0,1,0.0,99.0
digital marketing az,usa,0,7,0.0,95.0
digital marketing az,vnm,0,2,0.0,87.5
digital marketing companies in arizona,usa,0,1,0.0,98.0
digital marketing company arizona,usa,0,1,0.0,87.0
digital marketing in arizona,bgd,0,2,0.0,81.5
digital marketing in arizona,bra,0,9,0.0,86.66666666666667
digital marketing in arizona,col,0,1,0.0,76.0
digital marketing in arizona,ecu,0,1,0.0,85.0
digital marketing in arizona,egy,0,1,0.0,89.0
digital marketing in arizona,esp,0,4,0.0,90.0
digital marketing in arizona,fra,0,1,0.0,88.0
digital marketing in arizona,gbr,0,6,0.0,87.83333333333333
digital marketing in arizona,gha,0,1,0.0,89.0
digital marketing in arizona,hun,0,1,0.0,89.0
digital marketing in arizona,idn,0,1,0.0,52.0
digital marketing in arizona,ind,0,2,0.0,92.0
digital marketing in arizona,irq,0,1,0.0,81.0
digital marketing in arizona,kor,0,6,0.0,87.83333333333333
digital marketing in arizona,mex,0,2,0.0,84.0
digital marketing in arizona,pak,0,1,0.0,88.0
digital marketing in arizona,phl,0,1,0.0,83.0
digital marketing in arizona,pol,0,1,0.0,88.0
digital marketing in arizona,qat,0,1,0.0,88.0
digital marketing in arizona,rus,0,5,0.0,89.2
digital marketing in arizona,sau,0,2,0.0,88.0
digital marketing in arizona,tha,0,2,0.0,84.0
digital marketing in arizona,tur,0,1,0.0,78.0
digital marketing in arizona,ukr,0,2,0.0,92.0
digital marketing in arizona,usa,0,34,0.0,90.26470588235294
digital marketing in arizona,ven,0,1,0.0,84.0
digital marketing in arizona,vnm,0,3,0.0,94.33333333333333
digital marketing in arizona,zaf,0,1,0.0,83.0
digital marketing services arizona,aus,0,1,0.0,89.0
digital marketing services arizona,bra,0,3,0.0,89.33333333333333
digital marketing services arizona,deu,0,1,0.0,82.0
digital marketing services arizona,dom,0,1,0.0,88.0
digital marketing services arizona,gbr,0,1,0.0,91.0
digital marketing services arizona,idn,0,1,0.0,82.0
digital marketing services arizona,ita,0,1,0.0,93.0
digital marketing services arizona,jam,0,1,0.0,94.0
digital marketing services arizona,pry,0,1,0.0,100.0
digital marketing services arizona,rus,0,3,0.0,93.33333333333333
digital marketing services arizona,tur,0,1,0.0,81.0
digital marketing services arizona,usa,0,15,0.0,91.8
digital marketing services arizona,vnm,0,1,0.0,94.0
digital marketing services arizona,zaf,0,1,0.0,94.0
digital marketing services az,ita,0,1,0.0,94.0
digital marketing services in arizona,usa,0,1,0.0,100.0
digital marketing tempe,usa,0,2,0.0,95.5
digital marketing tempe az,usa,0,8,0.0,86.0
digital presence improvement,usa,0,1,0.0,41.0
doller3.us,usa,0,1,0.0,45.0
domain registration phoenix,usa,0,10,0.0,50.4
domain registration service goodyear az,usa,0,9,0.0,72.0
domain registration service phoenix az,usa,0,11,0.0,53.45454545454545
domain registration service seo company az,usa,0,2,0.0,96.0
e commerce website development company,usa,0,1,0.0,68.0
e-commerce seo services phoenix,usa,0,14,0.0,96.71428571428571
easiest plugin for automating internal links,ecu,0,1,0.0,100.0
easiest plugin for automating internal links wordpress,usa,0,8,0.0,98.25
easy best internal linking plugin,gbr,0,2,0.0,91.5
easy best internal linking plugin,usa,0,6,0.0,85.33333333333333
easy internal linking plugin,gbr,0,2,0.0,99.5
easy internal linking plugin,mex,0,1,0.0,99.0
easy internal linking plugin,sgp,0,1,0.0,100.0
easy internal linking plugin,usa,0,8,0.0,82.25
ecommerce developer arizona,esp,0,1,0.0,96.0
ecommerce developer arizona,usa,0,1,0.0,96.0
ecommerce development agency in arizona,usa,0,5,0.0,73.8
ecommerce web design arizona,usa,0,1,0.0,50.0
ecommerce web development arizona,usa,0,3,0.0,97.66666666666667
ecommerce website builder arizona,usa,0,2,0.0,61.0
ecommerce website developer,usa,0,3,0.0,1.0
ecommerce website developer near me,usa,0,2,0.0,48.5
ecommerce website development company associative,usa,0,1,0.0,11.0
ecommerce website development near me,usa,0,1,0.0,44.0
ecommerce website development services,usa,0,1,0.0,12.0
effective affordable organic seo growth az,gbr,0,1,0.0,38.0
effective affordable organic seo growth az,usa,0,376,0.0,41.569148936170215
effective arizona organic seo growth,usa,0,76,0.0,56.4078947368421
effective cheap organic seo arizona,gbr,0,1,0.0,12.0
effective cheap organic seo arizona,usa,0,238,0.0,31.5
effective cheap organic seo az,usa,0,376,0.0,33.329787234042556
effective cheap organic seo growth arizona,usa,0,374,0.0,33.64171122994652
effective cheap organic seo growth az,esp,0,1,0.0,12.0
effective cheap organic seo growth az,usa,0,344,0.0,27.843023255813954
effective cheap organic seo growth phoenix,usa,0,3,0.0,66.66666666666667
effective cheap organic seo growth phoenix arizona,usa,0,8,0.0,75.625
effective cheap organic seo growth phoenix az,usa,0,4,0.0,81.75
effective growth of organic seo arizona,usa,0,25,0.0,53.72
effective growth of organic seo az,usa,0,6,0.0,68.0
effective growth of organic seo in arizona,usa,0,4,0.0,91.0
effective growth of organic seo in az,usa,0,1,0.0,87.0
effective organic cheap seo growth phoenix az,usa,0,57,0.0,58.56140350877193
effective organic growth seo arizona,usa,0,9,0.0,73.44444444444444
effective organic seo & wordpress solutions phoenix,usa,0,2,0.0,101.0
effective organic seo growth arizona,usa,0,39,0.0,64.0
effective organic seo growth az,usa,0,1,0.0,88.0
effective organic seo growth in az,usa,0,4,0.0,76.0
effective organic seo growth solutions az,usa,0,17,0.0,74.23529411764706
effective seo organic growth arizona,usa,0,65,0.0,49.10769230769231
epic web solutions,usa,0,2,0.0,55.0
expert search engine optimization in phoenix,usa,0,39,0.0,65.97435897435898
experts national seo phoenix,usa,0,4,0.0,33.75
fast follow 50k free,ind,0,1,0.0,84.0
fatal error wordpress,usa,0,2,0.0,77.5
find a web developer,usa,0,1,0.0,9.0
flagstaff arizona seo company,usa,0,1,0.0,92.0
flagstaff web development,usa,0,52,0.0,71.36538461538461
for beginners best internal linking plugin,usa,0,6,0.0,86.0
for beginners internal linking plugin,usa,0,11,0.0,91.63636363636364
for seo best internal linking plugin,gbr,0,3,0.0,94.0
for seo best internal linking plugin,usa,0,7,0.0,88.85714285714286
for wordpress best internal linking plugin,gbr,0,2,0.0,85.0
for wordpress best internal linking plugin,usa,0,3,0.0,80.0
free 50 followers,bgd,0,1,0.0,92.0
free 50 followers,gbr,0,1,0.0,96.0
free 50 followers,usa,0,1,0.0,106.0
free 50 followers instagram,can,0,1,0.0,91.0
free 50 followers on instagram,phl,0,1,0.0,136.0
free 50 instagram followers,are,0,1,0.0,107.0
free 50 instagram followers,can,0,1,0.0,104.0
free 50 instagram followers,sau,0,1,0.0,66.0
free 50 instagram followers,usa,0,4,0.0,101.25
free 50 instagram followers,zaf,0,1,0.0,65.0
free followers 50,ind,0,1,0.0,66.0
free followers instagram 50,omn,0,2,0.0,110.0
free ig followers 50,blz,0,1,0.0,128.0
free instagram 50 followers,zaf,0,1,0.0,73.0
free instagram followers 50,can,0,1,0.0,101.0
free instagram followers 50,ind,0,1,0.0,96.0
free instagram followers 50k,ind,0,4,0.0,34.25
free instagram followers 50k,ita,0,1,0.0,31.0
free web design az,bra,0,5,0.0,89.0
free web design az,can,0,1,0.0,92.0
free web design az,esp,0,1,0.0,70.0
free web design az,hrv,0,1,0.0,88.0
free web design az,ind,0,1,0.0,85.0
free web design az,kor,0,1,0.0,79.0
free web design az,rus,0,1,0.0,82.0
free web design az,twn,0,1,0.0,90.0
free web design az,usa,0,20,0.0,83.2
freelance web designer for small businesses in [location] arizona,usa,0,26,0.0,41.53846153846154
freelance web developer scottsdale,usa,0,41,0.0,34.97560975609756
front end developer near me,usa,0,1,0.0,3.0
frontend solutions,usa,0,6,0.0,48.333333333333336
fuquay varina local seo specialist,usa,0,5,0.0,92.8
get 50 followers on instagram free,usa,0,1,0.0,101.0
get 50 free instagram followers,bgd,0,1,0.0,100.0
get 50 free instagram followers,gbr,0,1,0.0,158.0
get 50 free instagram followers,jam,0,1,0.0,107.0
get 50 free instagram followers,zaf,0,1,0.0,120.0
get 50 instagram followers free,usa,0,1,0.0,81.0
gilbert arizona web designers,gbr,0,3,0.0,40.333333333333336
gilbert arizona web designers,usa,0,9,0.0,19.444444444444443
gilbert ecommerce web design,usa,0,15,0.0,56.06666666666667
gilbert seo,usa,0,8,0.0,1.0
gilbert seo for new websites,usa,0,12,0.0,10.166666666666666
gilbert seo packages,usa,0,11,0.0,21.0
gilbert web design,bra,0,1,0.0,81.0
gilbert web design,usa,0,144,0.0,74.78472222222223
gilbert web design company,usa,0,5,0.0,86.4
gilbert web designers,usa,0,55,0.0,76.94545454545455
gilbert web development,usa,0,2,0.0,34.0
"gilbert, ariz. contractor website design",bgr,0,1,0.0,1.0
"gilbert, ariz. contractor website design",fra,0,1,0.0,1.0
"gilbert, ariz. contractor website design",gbr,0,1,0.0,1.0
"gilbert, ariz. contractor website design",ita,0,2,0.0,14.0
"gilbert, ariz. contractor website design",usa,0,148,0.0,46.5
"gilbert, arizona. contractor website design",usa,0,10,0.0,40.2
global website development,usa,0,1,0.0,1.0
goodyear az domain registration service,usa,0,7,0.0,76.42857142857143
goodyear az seo,usa,0,1,0.0,31.0
growth of cheap organic seo arizona,ukr,0,1,0.0,12.0
growth of cheap organic seo arizona,usa,0,400,0.0,27.9475
growth of cheap organic seo az,can,0,1,0.0,7.0
growth of cheap organic seo az,esp,0,1,0.0,20.0
growth of cheap organic seo az,usa,0,405,0.0,22.99506172839506
growth of cheap organic seo in arizona,gbr,0,1,0.0,11.0
growth of cheap organic seo in arizona,mex,0,1,0.0,10.0
growth of cheap organic seo in arizona,usa,0,414,0.0,24.294685990338163
growth of cheap organic seo in az,gbr,0,1,0.0,8.0
growth of cheap organic seo in az,usa,0,243,0.0,25.016460905349795
growth of cheap organic seo in phoenix,usa,0,4,0.0,95.75
growth of cheap organic seo phoenix az,usa,0,30,0.0,53.96666666666667
growth of organic seo arizona,usa,0,41,0.0,61.21951219512195
growth of organic seo az,usa,0,6,0.0,87.5
guide to best internal linking plugin,usa,0,1,0.0,81.0
hire a web developer,usa,0,1,0.0,6.0
hire a wordpress seo company near me,usa,0,1,0.0,13.0
hire arizona app development agencies specializing in cross-platform app development.,usa,0,2,0.0,5.5
hire seo agency near me,usa,0,1,0.0,11.0
hosting,usa,0,2,0.0,10.0
hosting and cloud support in gilbert,usa,0,4,0.0,85.25
hosting package phoenix,usa,0,9,0.0,92.0
hosting package phoenix arizona,usa,0,7,0.0,86.14285714285714
hosting package phoenix az,usa,0,6,0.0,85.5
hosting web,usa,0,1,0.0,13.0
how much does seo cost for a small business,usa,0,2,0.0,57.5
how much does seo cost in scottsdale,usa,0,7,0.0,15.0
how to best internal linking plugin,gbr,0,2,0.0,99.0
how to best internal linking plugin,usa,0,1,0.0,98.0
how to find a reliable website developer in arizona?,usa,0,2,0.0,11.0
how to hack instagram followers without following,nam,0,1,0.0,46.0
hvac seo mesa,kor,0,1,0.0,68.0
instagram 50k followers free,tur,0,1,0.0,55.0
instagram 50k followers free,uzb,0,1,0.0,34.0
instagram followers 50 free,pak,0,1,0.0,85.0
instagram followers 50k free,can,0,1,0.0,31.0
instagram followers 50k free,egy,0,1,0.0,45.0
instagram followers 50k free,ind,0,1,0.0,48.0
instagram followers 50k free,mex,0,1,0.0,36.0
instagram followers free 50,pak,0,1,0.0,115.0
instagram followers free 50,usa,0,1,0.0,109.0
instagram followers hack 50k free,col,0,1,0.0,12.0
instagram followers hack 50k free,eth,0,1,0.0,38.0
instagram followers hack 50k free,fra,0,1,0.0,11.0
instagram followers hack 50k free,ind,0,41,0.0,29.975609756097562
instagram followers hack 50k free,mar,0,1,0.0,30.0
instagram followers hack 50k free,phl,0,1,0.0,32.0
instagram followers hack 50k free,usa,0,1,0.0,18.0
instagram followers hack website,ind,0,1,0.0,57.0
instagram followers hack website,nga,0,2,0.0,41.5
instagram followers hack website,usa,0,2,0.0,57.5
interlink wordpress plugin,bra,0,1,0.0,100.0
interlink wordpress plugin,usa,0,13,0.0,89.07692307692308
interlinking plugin wordpress,are,0,7,0.0,84.0
interlinking plugin wordpress,gbr,0,80,0.0,69.3625
interlinking plugin wordpress,ind,0,85,0.0,79.38823529411765
interlinking plugin wordpress,usa,0,65,0.0,79.6
"interlinking plugin wordpress,10.00,low,3,approved",ind,0,38,0.0,74.89473684210526
"interlinking plugin wordpress,10.00,low,3,approved",usa,0,118,0.0,76.91525423728814
interlinking wordpress plugin,usa,0,3,0.0,95.66666666666667
interlinks manager plugin,are,0,1,0.0,74.0
interlinks manager wordpress plugin,gbr,0,2,0.0,70.0
interlinks manager wordpress plugin,ind,0,5,0.0,93.8
interlinks manager wordpress plugin,usa,0,15,0.0,83.2
"interlinks manager wordpress plugin,10.00,low,29,approved",usa,0,35,0.0,50.0
internal link building plugin,are,0,2,0.0,94.0
internal link building plugin,gbr,0,27,0.0,70.14814814814815
internal link building plugin,ind,0,21,0.0,73.0952380952381
internal link building plugin,usa,0,67,0.0,71.83582089552239
"internal link building plugin,20.00,low,0,approved",are,0,2,0.0,82.0
"internal link building plugin,20.00,low,0,approved",esp,0,1,0.0,57.0
"internal link building plugin,20.00,low,0,approved",ind,0,93,0.0,70.18279569892474
"internal link building plugin,20.00,low,0,approved",usa,0,94,0.0,66.53191489361703
internal link building wordpress plugin,are,0,2,0.0,86.0
internal link building wordpress plugin,bra,0,1,0.0,66.0
internal link building wordpress plugin,gbr,0,58,0.0,70.03448275862068
internal link building wordpress plugin,ind,0,51,0.0,78.6470588235294
internal link building wordpress plugin,usa,0,43,0.0,71.88372093023256
"internal link building wordpress plugin,10.00,low,0,approved",bgr,0,1,0.0,80.0
"internal link building wordpress plugin,10.00,low,0,approved",ind,0,94,0.0,81.61702127659575
"internal link building wordpress plugin,10.00,low,0,approved",usa,0,176,0.0,67.25568181818181
"internal link checker wordpress,10.00,medium,57,approved",usa,0,24,0.0,82.54166666666667
internal link in wordpress,gbr,0,1,0.0,99.0
"internal link in wordpress,210.00,low,21,approved",ind,0,2,0.0,94.5
"internal link in wordpress,210.00,low,21,approved",usa,0,25,0.0,41.64
internal link juicer alternatives,gbr,0,2,0.0,99.0
internal link juicer alternatives,ind,0,1,0.0,77.0
internal link juicer alternatives,ita,0,1,0.0,94.0
internal link juicer alternatives,usa,0,36,0.0,88.72222222222223
internal link juicer review,usa,0,5,0.0,94.2
internal link juicer wordpress,usa,0,1,0.0,90.0
internal link manager,aus,0,9,0.0,89.33333333333333
internal link manager,aut,0,1,0.0,75.0
internal link manager,can,0,2,0.0,91.5
internal link manager,est,0,1,0.0,57.0
internal link manager,fin,0,2,0.0,72.0
internal link manager,hun,0,1,0.0,100.0
internal link manager,irl,0,1,0.0,88.0
internal link manager,ltu,0,2,0.0,93.0
internal link manager,nld,0,1,0.0,99.0
internal link manager,nor,0,2,0.0,72.5
internal link manager,nzl,0,1,0.0,75.0
internal link manager,swe,0,3,0.0,67.66666666666667
internal link manager,usa,0,15,0.0,86.93333333333334
internal link manager,zaf,0,1,0.0,91.0
internal link plugin,gbr,0,1,0.0,94.0
internal link plugin,usa,0,1,0.0,78.0
internal link plugin wordpress,gbr,0,48,0.0,78.27083333333333
internal link plugin wordpress,ind,0,30,0.0,71.26666666666667
internal link plugin wordpress,usa,0,35,0.0,61.457142857142856
"internal link plugin wordpress,50.00,medium,34,approved",are,0,2,0.0,99.0
"internal link plugin wordpress,50.00,medium,34,approved",ind,0,104,0.0,66.21153846153847
"internal link plugin wordpress,50.00,medium,34,approved",usa,0,54,0.0,84.31481481481481
internal link wordpress plugin,gbr,0,49,0.0,73.20408163265306
internal link wordpress plugin,ind,0,29,0.0,70.86206896551724
internal link wordpress plugin,usa,0,28,0.0,66.57142857142857
"internal link wordpress plugin,30.00,low,26,approved",are,0,2,0.0,85.5
"internal link wordpress plugin,30.00,low,26,approved",ind,0,49,0.0,60.48979591836735
"internal link wordpress plugin,30.00,low,26,approved",usa,0,51,0.0,77.74509803921569
internal linking plugin,gbr,0,53,0.0,82.56603773584905
internal linking plugin,idn,0,2,0.0,76.0
internal linking plugin,ind,0,22,0.0,66.0909090909091
internal linking plugin,ury,0,1,0.0,46.0
internal linking plugin,usa,0,24,0.0,63.958333333333336
internal linking plugin for wordpress,usa,0,2,0.0,46.5
"internal linking plugin,30.00,low,31,approved",ind,0,33,0.0,80.39393939393939
"internal linking plugin,30.00,low,31,approved",usa,0,11,0.0,84.45454545454545
internal linking plugins for wordpress,sau,0,1,0.0,35.0
internal linking wordpress,che,0,1,0.0,95.0
internal linking wordpress,gbr,0,13,0.0,80.61538461538461
internal linking wordpress,usa,0,11,0.0,72.63636363636364
internal linking wordpress plugin,usa,0,5,0.0,63.0
internal links in wordpress,aut,0,1,0.0,96.0
internal links in wordpress,usa,0,1,0.0,80.0
internal links plugin,usa,0,1,0.0,62.0
internal links plugin wordpress,usa,0,1,0.0,57.0
"internal links seo wordpress,210.00,low,2,approved",are,0,4,0.0,95.5
"internal links seo wordpress,210.00,low,2,approved",ind,0,50,0.0,59.14
"internal links seo wordpress,210.00,low,2,approved",usa,0,70,0.0,66.98571428571428
internal links wordpress,deu,0,1,0.0,86.0
internal links wordpress plugin,usa,0,2,0.0,69.5
internet marketing arizona,bra,0,1,0.0,87.0
internet marketing arizona,fra,0,1,0.0,98.0
internet marketing arizona,gbr,0,3,0.0,83.66666666666667
internet marketing arizona,usa,0,2,0.0,97.0
"intitle:best ""workflow automation""",usa,0,1,0.0,35.0
ios developers near me,usa,0,2,0.0,40.0
iphone app developers arizona,usa,0,56,0.0,49.017857142857146
iphone app development arizona,bra,0,8,0.0,45.75
iphone app development arizona,deu,0,1,0.0,41.0
iphone app development arizona,dza,0,1,0.0,39.0
iphone app development arizona,gbr,0,1,0.0,40.0
iphone app development arizona,irq,0,1,0.0,39.0
iphone app development arizona,kor,0,3,0.0,40.666666666666664
iphone app development arizona,nld,0,1,0.0,41.0
iphone app development arizona,rus,0,3,0.0,77.33333333333333
iphone app development arizona,tur,0,1,0.0,39.0
iphone app development arizona,usa,0,94,0.0,49.255319148936174
iphone app development arizona,vnm,0,1,0.0,41.0
java web application development company associative,usa,0,1,0.0,13.0
java web development company associative,usa,0,2,0.0,12.0
lawyer seo services tempe,usa,0,2,0.0,84.0
leading digital agencies arizona,usa,0,1,0.0,86.0
legal website development arizona,usa,0,1,0.0,62.0
link whisper vs internal link juicer,usa,0,6,0.0,89.16666666666667
link whisper vs rank math,usa,0,3,0.0,93.0
link whisper vs rankmath,usa,0,5,0.0,86.0
linkwhisper vs internal link juicer,usa,0,1,0.0,101.0
linkwhisper vs rank math,usa,0,4,0.0,96.25
linkwhisper vs rankmath,usa,0,3,0.0,91.0
list of companies that don't have a website,usa,0,1,0.0,1.0
local arizona seo agency,arg,0,1,0.0,86.0
local arizona seo agency,bgd,0,1,0.0,93.0
local arizona seo agency,bra,0,3,0.0,89.33333333333333
local arizona seo agency,can,0,4,0.0,87.25
local arizona seo agency,deu,0,1,0.0,88.0
local arizona seo agency,ecu,0,1,0.0,89.0
local arizona seo agency,fra,0,2,0.0,88.0
local arizona seo agency,gbr,0,2,0.0,93.0
local arizona seo agency,grc,0,1,0.0,89.0
local arizona seo agency,ind,0,1,0.0,50.0
local arizona seo agency,irl,0,1,0.0,83.0
local arizona seo agency,ita,0,3,0.0,87.33333333333333
local arizona seo agency,jpn,0,1,0.0,88.0
local arizona seo agency,mdg,0,1,0.0,88.0
local arizona seo agency,rus,0,1,0.0,89.0
local arizona seo agency,sen,0,1,0.0,85.0
local arizona seo agency,usa,0,40,0.0,88.075
local arizona seo agency,vnm,0,10,0.0,82.7
"local business seo gilbert, az",usa,0,8,0.0,41.0
local companies near me,usa,0,1,0.0,15.0
local guide program,usa,0,8,0.0,1.0
local phoenix seo,ita,0,1,0.0,78.0
local phoenix seo,usa,0,1,0.0,76.0
local search az,usa,0,4,0.0,13.0
local search engine optimization az,bra,0,2,0.0,93.0
local search engine optimization az,rus,0,1,0.0,81.0
local search engine optimization az,usa,0,18,0.0,92.05555555555556
local search engine optimization company phoenix,gbr,0,1,0.0,88.0
local search engine optimization company phoenix,usa,0,4,0.0,80.0
local search engine optimization phoenix az,rus,0,2,0.0,93.0
local search engine optimization phoenix az,usa,0,1,0.0,70.0
local search engine optimization phoenix seo dominetics,usa,0,13,0.0,63.92307692307692
local search optimization phoenix,usa,0,7,0.0,42.285714285714285
local search phoenix,arg,0,1,0.0,16.0
local search phoenix,bra,0,1,0.0,19.0
local search phoenix,gbr,0,1,0.0,18.0
local search phoenix,prt,0,1,0.0,20.0
local search phoenix,rou,0,1,0.0,18.0
local search phoenix,usa,0,9,0.0,15.222222222222221
local seo agency mesa,kor,0,1,0.0,100.0
local seo agency mesa,usa,0,1,0.0,98.0
local seo agency phoenix,bra,0,1,0.0,90.0
local seo agency phoenix,kor,0,2,0.0,100.0
local seo agency phoenix,rus,0,1,0.0,90.0
local seo agency phoenix,usa,0,1,0.0,96.0
local seo arizona,arg,0,4,0.0,91.5
local seo arizona,aus,0,2,0.0,88.0
local seo arizona,bel,0,1,0.0,79.0
local seo arizona,bgd,0,4,0.0,96.0
local seo arizona,bih,0,1,0.0,80.0
local seo arizona,bra,0,47,0.0,88.27659574468085
local seo arizona,brb,0,1,0.0,93.0
local seo arizona,can,0,6,0.0,89.33333333333333
local seo arizona,che,0,1,0.0,98.0
local seo arizona,col,0,2,0.0,84.5
local seo arizona,cpv,0,1,0.0,77.0
local seo arizona,cri,0,1,0.0,96.0
local seo arizona,deu,0,7,0.0,86.42857142857143
local seo arizona,ecu,0,2,0.0,80.5
local seo arizona,egy,0,4,0.0,88.25
local seo arizona,esp,0,1,0.0,89.0
local seo arizona,fin,0,1,0.0,80.0
local seo arizona,fra,0,2,0.0,90.0
local seo arizona,gbr,0,16,0.0,86.9375
local seo arizona,hun,0,1,0.0,91.0
local seo arizona,idn,0,2,0.0,89.0
local seo arizona,ind,0,5,0.0,86.4
local seo arizona,irq,0,1,0.0,85.0
local seo arizona,ita,0,3,0.0,84.0
local seo arizona,jor,0,1,0.0,98.0
local seo arizona,jpn,0,5,0.0,96.4
local seo arizona,kaz,0,1,0.0,89.0
local seo arizona,kor,0,12,0.0,90.83333333333333
local seo arizona,mda,0,1,0.0,84.0
local seo arizona,mex,0,3,0.0,84.33333333333333
local seo arizona,mmr,0,1,0.0,99.0
local seo arizona,mys,0,2,0.0,85.5
local seo arizona,pak,0,1,0.0,90.0
local seo arizona,phl,0,4,0.0,87.25
local seo arizona,pol,0,3,0.0,92.33333333333333
local seo arizona,pri,0,1,0.0,87.0
local seo arizona,prt,0,1,0.0,88.0
local seo arizona,pry,0,1,0.0,99.0
local seo arizona,qat,0,1,0.0,90.0
local seo arizona,rus,0,6,0.0,96.0
local seo arizona,sau,0,1,0.0,99.0
local seo arizona,sgp,0,3,0.0,96.33333333333333
local seo arizona,tto,0,1,0.0,92.0
local seo arizona,tur,0,1,0.0,75.0
local seo arizona,twn,0,3,0.0,88.33333333333333
local seo arizona,ukr,0,2,0.0,94.0
local seo arizona,usa,0,162,0.0,87.39506172839506
local seo arizona,uzb,0,2,0.0,83.0
local seo arizona,vnm,0,12,0.0,87.75
local seo arizona,zaf,0,5,0.0,89.4
local seo arizona,zzz,0,2,0.0,91.0
local seo camelback east,usa,0,2,0.0,62.0
local seo chandler,rus,0,1,0.0,92.0
local seo companies in scottsdale arizona,bra,0,1,0.0,95.0
local seo companies in scottsdale arizona,gbr,0,1,0.0,88.0
local seo company arizona,are,0,1,0.0,100.0
local seo company arizona,aus,0,1,0.0,95.0
local seo company arizona,bra,0,14,0.0,91.07142857142857
local seo company arizona,can,0,1,0.0,101.0
local seo company arizona,deu,0,1,0.0,86.0
local seo company arizona,fra,0,3,0.0,98.0
local seo company arizona,gbr,0,2,0.0,86.0
local seo company arizona,grc,0,1,0.0,86.0
local seo company arizona,hkg,0,2,0.0,89.0
local seo company arizona,hun,0,1,0.0,87.0
local seo company arizona,idn,0,2,0.0,92.5
local seo company arizona,ind,0,3,0.0,98.0
local seo company arizona,irl,0,1,0.0,86.0
local seo company arizona,ita,0,5,0.0,89.0
local seo company arizona,jpn,0,2,0.0,96.5
local seo company arizona,kor,0,3,0.0,90.66666666666667
local seo company arizona,mex,0,2,0.0,93.0
local seo company arizona,mwi,0,1,0.0,90.0
local seo company arizona,per,0,2,0.0,94.0
local seo company arizona,pol,0,1,0.0,99.0
local seo company arizona,rus,0,3,0.0,93.0
local seo company arizona,sau,0,1,0.0,99.0
local seo company arizona,srb,0,1,0.0,88.0
local seo company arizona,twn,0,1,0.0,96.0
local seo company arizona,tza,0,1,0.0,99.0
local seo company arizona,ukr,0,1,0.0,98.0
local seo company arizona,usa,0,205,0.0,89.3609756097561
local seo company arizona,vnm,0,4,0.0,94.5
local seo company az,blr,0,1,0.0,97.0
local seo company az,can,0,1,0.0,93.0
local seo company az,ecu,0,1,0.0,99.0
local seo company az,gbr,0,3,0.0,95.33333333333333
local seo company az,ind,0,2,0.0,94.5
local seo company az,irn,0,1,0.0,91.0
local seo company az,kor,0,1,0.0,96.0
local seo company az,mex,0,1,0.0,96.0
local seo company az,tur,0,1,0.0,91.0
local seo company az,usa,0,5,0.0,93.2
local seo company consulting in arizona,usa,0,271,0.0,47.003690036900366
local seo company consulting phoenix arizona,usa,0,27,0.0,77.25925925925925
local seo company in phoenix arizona,usa,0,3,0.0,89.33333333333333
local seo company mesa,ltu,0,1,0.0,92.0
local seo company phoenix,che,0,1,0.0,91.0
local seo company phoenix,ken,0,1,0.0,90.0
local seo company phoenix,kor,0,1,0.0,101.0
local seo company phoenix,ltu,0,1,0.0,95.0
local seo company phoenix,mex,0,1,0.0,92.0
local seo company phoenix,usa,0,7,0.0,91.57142857142857
local seo company tempe,bra,0,3,0.0,79.0
local seo company tempe,can,0,4,0.0,66.5
local seo company tempe,deu,0,1,0.0,94.0
local seo company tempe,esp,0,2,0.0,62.5
local seo company tempe,fra,0,1,0.0,43.0
local seo company tempe,gab,0,1,0.0,82.0
local seo company tempe,gbr,0,3,0.0,65.33333333333333
local seo company tempe,grc,0,1,0.0,88.0
local seo company tempe,hnd,0,1,0.0,55.0
local seo company tempe,ind,0,5,0.0,54.4
local seo company tempe,isr,0,1,0.0,42.0
local seo company tempe,mex,0,3,0.0,76.66666666666667
local seo company tempe,per,0,1,0.0,47.0
local seo company tempe,pri,0,1,0.0,43.0
local seo company tempe,pry,0,1,0.0,92.0
local seo company tempe,rou,0,1,0.0,42.0
local seo company tempe,rus,0,2,0.0,44.5
local seo company tempe,sau,0,1,0.0,95.0
local seo company tempe,srb,0,1,0.0,51.0
local seo company tempe,usa,0,57,0.0,76.7719298245614
local seo company tempe,ven,0,1,0.0,43.0
local seo company tempe,vnm,0,2,0.0,41.0
local seo company tempe,zaf,0,1,0.0,88.0
local seo company tempe,zmb,0,1,0.0,51.0
local seo expert for home services arizona,usa,0,1,0.0,94.0
local seo expert near me,usa,0,20,0.0,88.9
local seo for home services arizona,usa,0,11,0.0,92.18181818181819
local seo for home services in arizona,usa,0,6,0.0,95.16666666666667
local seo for restaurants mesa az,usa,0,1,0.0,67.0
local seo in phoenix,idn,0,1,0.0,78.0
local seo in phoenix,tto,0,1,0.0,89.0
local seo in phoenix,usa,0,2,0.0,90.0
local seo in phoenix,vnm,0,1,0.0,92.0
local seo in phoenix az,usa,0,1,0.0,93.0
local seo in the city of phoenix,usa,0,15,0.0,33.13333333333333
local seo kingman az,usa,0,1,0.0,85.0
local seo marketing in arizona,fra,0,1,0.0,94.0
local seo marketing in arizona,gbr,0,1,0.0,100.0
local seo marketing in arizona,jpn,0,1,0.0,91.0
local seo marketing in arizona,mex,0,1,0.0,95.0
local seo marketing in arizona,syc,0,1,0.0,96.0
local seo marketing in arizona,usa,0,7,0.0,91.0
local seo marketing mesa az,vnm,0,1,0.0,101.0
local seo mesa az,arg,0,1,0.0,97.0
local seo mesa az,bra,0,3,0.0,94.0
local seo mesa az,brb,0,1,0.0,98.0
local seo mesa az,fra,0,1,0.0,99.0
local seo mesa az,isl,0,1,0.0,101.0
local seo mesa az,kor,0,1,0.0,93.0
local seo mesa az,mex,0,1,0.0,101.0
local seo mesa az,tun,0,1,0.0,100.0
local seo mesa az,tur,0,1,0.0,92.0
local seo mesa az,ukr,0,1,0.0,99.0
local seo mesa az,usa,0,15,0.0,94.8
local seo organic growth in phoenix az,usa,0,1,0.0,41.0
local seo phoenix az,bra,0,1,0.0,94.0
local seo phoenix search engine optimization,usa,0,115,0.0,87.47826086956522
local seo scottsdale,bra,0,1,0.0,101.0
local seo scottsdale,kor,0,1,0.0,95.0
local seo scottsdale,usa,0,1,0.0,101.0
local seo scottsdale,vnm,0,1,0.0,99.0
local seo service phoenix,gbr,0,1,0.0,92.0
local seo service phoenix,jpn,0,1,0.0,101.0
local seo service phoenix,usa,0,1,0.0,86.0
local seo service phoenix az,fra,0,1,0.0,79.0
local seo service phoenix az,ukr,0,1,0.0,83.0
local seo service phoenix az,usa,0,3,0.0,84.66666666666667
local seo service phoenix az,vnm,0,1,0.0,88.0
local seo service scottsdale az,bra,0,2,0.0,96.0
local seo service scottsdale az,deu,0,2,0.0,94.5
local seo service scottsdale az,esp,0,1,0.0,96.0
local seo service scottsdale az,hkg,0,1,0.0,94.0
local seo service scottsdale az,irl,0,1,0.0,70.0
local seo service scottsdale az,jey,0,1,0.0,94.0
local seo service scottsdale az,mex,0,1,0.0,100.0
local seo service scottsdale az,rus,0,1,0.0,97.0
local seo service scottsdale az,sgp,0,2,0.0,97.0
local seo service scottsdale az,swe,0,1,0.0,98.0
local seo service scottsdale az,usa,0,28,0.0,92.25
local seo service scottsdale az,vnm,0,2,0.0,95.5
local seo service scottsdale az,zaf,0,1,0.0,100.0
local seo services arizona,arg,0,1,0.0,80.0
local seo services arizona,bra,0,5,0.0,85.6
local seo services arizona,col,0,1,0.0,90.0
local seo services arizona,dza,0,1,0.0,84.0
local seo services arizona,gbr,0,1,0.0,83.0
local seo services arizona,idn,0,1,0.0,85.0
local seo services arizona,ind,0,1,0.0,84.0
local seo services arizona,isr,0,1,0.0,86.0
local seo services arizona,jpn,0,1,0.0,79.0
local seo services arizona,kwt,0,1,0.0,79.0
local seo services arizona,mda,0,1,0.0,89.0
local seo services arizona,mex,0,1,0.0,93.0
local seo services arizona,nld,0,1,0.0,80.0
local seo services arizona,phl,0,1,0.0,79.0
local seo services arizona,sau,0,1,0.0,86.0
local seo services arizona,sgp,0,1,0.0,82.0
local seo services arizona,tur,0,1,0.0,82.0
local seo services arizona,usa,0,17,0.0,92.47058823529412
local seo services chandler az,arg,0,1,0.0,94.0
local seo services chandler az,aus,0,2,0.0,95.0
local seo services chandler az,bra,0,9,0.0,90.55555555555556
local seo services chandler az,can,0,1,0.0,102.0
local seo services chandler az,deu,0,1,0.0,95.0
local seo services chandler az,gbr,0,2,0.0,92.0
local seo services chandler az,hkg,0,1,0.0,98.0
local seo services chandler az,kor,0,4,0.0,93.75
local seo services chandler az,nor,0,1,0.0,45.0
local seo services chandler az,pak,0,1,0.0,96.0
local seo services chandler az,phl,0,2,0.0,94.0
local seo services chandler az,pol,0,1,0.0,99.0
local seo services chandler az,rus,0,3,0.0,93.0
local seo services chandler az,usa,0,19,0.0,91.63157894736842
local seo services chandler az,vnm,0,3,0.0,62.666666666666664
local seo services in phoenix,usa,0,2,0.0,91.0
local seo services in phoenix az,pry,0,1,0.0,83.0
local seo services in phoenix az,usa,0,3,0.0,91.33333333333333
local seo services in scottsdale arizona,fra,0,1,0.0,101.0
local seo services in scottsdale arizona,usa,0,7,0.0,100.14285714285714
local seo services in the city of phoenix,usa,0,1,0.0,90.0
local seo services mesa az,bel,0,1,0.0,85.0
local seo services mesa az,bra,0,3,0.0,91.0
local seo services mesa az,ind,0,2,0.0,84.5
local seo services mesa az,irq,0,1,0.0,88.0
local seo services mesa az,rus,0,1,0.0,91.0
local seo services mesa az,usa,0,8,0.0,90.625
local seo services mesa az,vnm,0,3,0.0,90.0
local seo services near me,usa,0,1,0.0,82.0
local seo services phoenix,gbr,0,1,0.0,92.0
local seo services phoenix,ind,0,1,0.0,98.0
local seo services phoenix,ita,0,1,0.0,92.0
local seo services phoenix,nor,0,1,0.0,82.0
local seo services phoenix,phl,0,1,0.0,81.0
local seo services phoenix,usa,0,5,0.0,85.8
local seo services phoenix,vnm,0,1,0.0,76.0
local seo services phoenix az,rus,0,1,0.0,86.0
local seo services phoenix az,usa,0,1,0.0,88.0
local seo services scottsdale,arg,0,1,0.0,102.0
local seo services scottsdale,bra,0,3,0.0,97.33333333333333
local seo services scottsdale,gbr,0,1,0.0,102.0
local seo services scottsdale,kor,0,1,0.0,95.0
local seo services scottsdale,mex,0,1,0.0,95.0
local seo services scottsdale,rus,0,1,0.0,92.0
local seo services scottsdale,usa,0,6,0.0,97.16666666666667
local seo services scottsdale az,bra,0,1,0.0,98.0
local seo services scottsdale az,irn,0,1,0.0,85.0
local seo services scottsdale az,prt,0,1,0.0,99.0
local seo services scottsdale az,sgp,0,1,0.0,98.0
local seo services scottsdale az,usa,0,2,0.0,98.5
local seo services tempe az,bgr,0,1,0.0,54.0
local seo services tempe az,bra,0,1,0.0,74.0
local seo services tempe az,can,0,1,0.0,66.0
local seo services tempe az,chn,0,1,0.0,84.0
local seo services tempe az,eth,0,1,0.0,89.0
local seo services tempe az,gbr,0,1,0.0,43.0
local seo services tempe az,hkg,0,1,0.0,96.0
local seo services tempe az,idn,0,1,0.0,95.0
local seo services tempe az,mex,0,2,0.0,65.0
local seo services tempe az,mys,0,2,0.0,45.0
local seo services tempe az,rus,0,1,0.0,43.0
local seo services tempe az,usa,0,16,0.0,85.5625
local seo services tempe az,vnm,0,5,0.0,76.2
local seo strategies arizona,usa,0,5,0.0,61.0
local seo tempe,ago,0,1,0.0,53.0
local seo tempe,arg,0,2,0.0,57.0
local seo tempe,aze,0,2,0.0,52.0
local seo tempe,bgd,0,4,0.0,55.0
local seo tempe,bra,0,13,0.0,54.92307692307692
local seo tempe,chl,0,1,0.0,46.0
local seo tempe,cze,0,1,0.0,49.0
local seo tempe,deu,0,2,0.0,48.5
local seo tempe,dza,0,1,0.0,44.0
local seo tempe,ecu,0,2,0.0,51.0
local seo tempe,egy,0,2,0.0,49.5
local seo tempe,fra,0,2,0.0,49.0
local seo tempe,gbr,0,4,0.0,56.0
local seo tempe,hun,0,1,0.0,52.0
local seo tempe,ind,0,2,0.0,47.5
local seo tempe,irq,0,2,0.0,50.5
local seo tempe,jam,0,1,0.0,45.0
local seo tempe,jpn,0,1,0.0,51.0
local seo tempe,ken,0,1,0.0,49.0
local seo tempe,ltu,0,1,0.0,53.0
local seo tempe,mys,0,1,0.0,62.0
local seo tempe,phl,0,1,0.0,50.0
local seo tempe,rus,0,2,0.0,83.0
local seo tempe,sen,0,1,0.0,48.0
local seo tempe,sgp,0,1,0.0,45.0
local seo tempe,swe,0,1,0.0,49.0
local seo tempe,tha,0,1,0.0,50.0
local seo tempe,usa,0,21,0.0,47.76190476190476
local seo tempe,ven,0,1,0.0,46.0
local seo tempe,vnm,0,15,0.0,49.46666666666667
local seo tempe,zzz,0,1,0.0,45.0
local small business web design experts arizona,usa,0,3,0.0,81.0
local web design,usa,0,1,0.0,1.0
local web developer,usa,0,1,0.0,52.0
local web developers near me,usa,0,1,0.0,10.0
local web development agency,usa,0,1,0.0,17.0
local web development company associative,usa,0,1,0.0,30.0
low-cost website development packages for small businesses arizona,usa,0,24,0.0,56.75
marketing automation for smbs arizona,usa,0,22,0.0,27.0
marketing automation phoenix,usa,0,31,0.0,19.06451612903226
marketing company arizona,kor,0,1,0.0,99.0
med spa web design agency,usa,0,1,0.0,11.0
mesa arizona web design,bra,0,1,0.0,68.0
mesa arizona web design,col,0,1,0.0,91.0
mesa arizona web design,gbr,0,1,0.0,93.0
mesa arizona web design,ita,0,1,0.0,83.0
mesa arizona web design,jpn,0,1,0.0,82.0
mesa arizona web design,kor,0,1,0.0,84.0
mesa arizona web design,tur,0,1,0.0,72.0
mesa arizona web design,usa,0,40,0.0,81.725
mesa arizona web design,vnm,0,2,0.0,93.0
mesa az search engine optimization,bra,0,13,0.0,83.76923076923077
mesa az search engine optimization,col,0,1,0.0,91.0
mesa az search engine optimization,cyp,0,1,0.0,85.0
mesa az search engine optimization,deu,0,1,0.0,92.0
mesa az search engine optimization,ecu,0,1,0.0,62.0
mesa az search engine optimization,gbr,0,3,0.0,83.33333333333333
mesa az search engine optimization,grc,0,1,0.0,79.0
mesa az search engine optimization,ind,0,4,0.0,75.0
mesa az search engine optimization,jpn,0,1,0.0,91.0
mesa az search engine optimization,kor,0,5,0.0,82.8
mesa az search engine optimization,ltu,0,1,0.0,86.0
mesa az search engine optimization,phl,0,1,0.0,88.0
mesa az search engine optimization,pol,0,1,0.0,85.0
mesa az search engine optimization,pse,0,1,0.0,84.0
mesa az search engine optimization,rus,0,5,0.0,85.2
mesa az search engine optimization,twn,0,2,0.0,79.0
mesa az search engine optimization,usa,0,60,0.0,83.85
mesa az seo,arg,0,1,0.0,83.0
mesa az seo,bgr,0,1,0.0,83.0
mesa az seo,bhs,0,1,0.0,98.0
mesa az seo,blr,0,1,0.0,82.0
mesa az seo,bra,0,21,0.0,88.52380952380952
mesa az seo,col,0,1,0.0,92.0
mesa az seo,cri,0,1,0.0,85.0
mesa az seo,deu,0,1,0.0,91.0
mesa az seo,ecu,0,3,0.0,90.33333333333333
mesa az seo,egy,0,2,0.0,91.5
mesa az seo,esp,0,2,0.0,89.5
mesa az seo,fra,0,2,0.0,96.0
mesa az seo,gbr,0,5,0.0,92.2
mesa az seo,grc,0,1,0.0,90.0
mesa az seo,idn,0,1,0.0,97.0
mesa az seo,imn,0,1,0.0,94.0
mesa az seo,ind,0,4,0.0,94.25
mesa az seo,jam,0,1,0.0,94.0
mesa az seo,kaz,0,1,0.0,99.0
mesa az seo,khm,0,1,0.0,95.0
mesa az seo,kor,0,9,0.0,88.77777777777777
mesa az seo,lbn,0,1,0.0,82.0
mesa az seo,mar,0,1,0.0,91.0
mesa az seo,pak,0,2,0.0,93.5
mesa az seo,per,0,1,0.0,93.0
mesa az seo,rus,0,8,0.0,91.75
mesa az seo,sau,0,2,0.0,98.0
mesa az seo,sen,0,1,0.0,94.0
mesa az seo,sur,0,1,0.0,92.0
mesa az seo,tha,0,1,0.0,82.0
mesa az seo,twn,0,1,0.0,92.0
mesa az seo,usa,0,15,0.0,83.93333333333334
mesa az seo,uzb,0,1,0.0,95.0
mesa az seo,zaf,0,2,0.0,90.5
mesa az web design,bra,0,5,0.0,87.6
mesa az web design,can,0,3,0.0,87.33333333333333
mesa az web design,cri,0,1,0.0,96.0
mesa az web design,deu,0,1,0.0,87.0
mesa az web design,gbr,0,2,0.0,84.5
mesa az web design,hun,0,1,0.0,78.0
mesa az web design,ind,0,2,0.0,83.0
mesa az web design,kor,0,2,0.0,78.5
mesa az web design,rus,0,5,0.0,86.4
mesa az web design,usa,0,30,0.0,83.73333333333333
mesa az web design,zzz,0,1,0.0,95.0
mesa az web design company,arg,0,1,0.0,99.0
mesa az web design company,aus,0,1,0.0,66.0
mesa az web design company,aut,0,1,0.0,78.0
mesa az web design company,blr,0,1,0.0,76.0
mesa az web design company,bra,0,21,0.0,72.61904761904762
mesa az web design company,can,0,1,0.0,71.0
mesa az web design company,col,0,1,0.0,92.0
mesa az web design company,dza,0,1,0.0,70.0
mesa az web design company,ecu,0,3,0.0,69.0
mesa az web design company,egy,0,1,0.0,62.0
mesa az web design company,fin,0,1,0.0,78.0
mesa az web design company,fra,0,2,0.0,67.0
mesa az web design company,gbr,0,12,0.0,71.58333333333333
mesa az web design company,gtm,0,3,0.0,73.33333333333333
mesa az web design company,idn,0,1,0.0,78.0
mesa az web design company,ind,0,5,0.0,76.4
mesa az web design company,irl,0,2,0.0,57.5
mesa az web design company,ita,0,17,0.0,72.23529411764706
mesa az web design company,jam,0,1,0.0,75.0
mesa az web design company,jpn,0,1,0.0,56.0
mesa az web design company,kgz,0,1,0.0,68.0
mesa az web design company,kor,0,10,0.0,68.9
mesa az web design company,ltu,0,3,0.0,71.66666666666667
mesa az web design company,pak,0,1,0.0,66.0
mesa az web design company,pan,0,2,0.0,71.0
mesa az web design company,phl,0,2,0.0,64.5
mesa az web design company,rus,0,4,0.0,63.5
mesa az web design company,tha,0,1,0.0,76.0
mesa az web design company,tur,0,1,0.0,62.0
mesa az web design company,twn,0,2,0.0,81.0
mesa az web design company,usa,0,185,0.0,62.34594594594594
mesa az web design company,vnm,0,2,0.0,65.0
mesa az web design company,zaf,0,1,0.0,91.0
mesa az wordpress developer,bra,0,12,0.0,44.333333333333336
mesa az wordpress developer,can,0,1,0.0,41.0
mesa az wordpress developer,col,0,2,0.0,38.5
mesa az wordpress developer,deu,0,2,0.0,44.5
mesa az wordpress developer,gbr,0,2,0.0,46.5
mesa az wordpress developer,grc,0,1,0.0,17.0
mesa az wordpress developer,ind,0,2,0.0,46.0
mesa az wordpress developer,isr,0,1,0.0,44.0
mesa az wordpress developer,jam,0,1,0.0,50.0
mesa az wordpress developer,jpn,0,2,0.0,38.5
mesa az wordpress developer,kor,0,4,0.0,37.5
mesa az wordpress developer,mda,0,1,0.0,42.0
mesa az wordpress developer,mys,0,1,0.0,46.0
mesa az wordpress developer,nld,0,1,0.0,38.0
mesa az wordpress developer,pol,0,1,0.0,23.0
mesa az wordpress developer,rus,0,7,0.0,47.0
mesa az wordpress developer,usa,0,94,0.0,47.02127659574468
mesa az wordpress developer,vnm,0,2,0.0,52.5
mesa best seo services,usa,0,3,0.0,77.0
mesa expert seo company,usa,0,1,0.0,65.0
mesa expert seo marketing company,alb,0,1,0.0,81.0
mesa expert seo marketing company,bra,0,1,0.0,65.0
mesa expert seo marketing company,hun,0,1,0.0,64.0
mesa expert seo marketing company,mex,0,1,0.0,91.0
mesa expert seo marketing company,usa,0,41,0.0,65.1951219512195
mesa expert seo marketing consultant,bra,0,1,0.0,98.0
mesa expert seo marketing consultant,ind,0,1,0.0,94.0
mesa expert seo marketing consultant,tha,0,1,0.0,72.0
mesa expert seo marketing consultant,usa,0,7,0.0,71.57142857142857
mesa expert seo marketing consultant,vnm,0,1,0.0,79.0
mesa landscaping seo,bra,0,8,0.0,88.625
mesa landscaping seo,col,0,1,0.0,56.0
mesa landscaping seo,deu,0,2,0.0,94.5
mesa landscaping seo,ecu,0,2,0.0,84.0
mesa landscaping seo,fra,0,1,0.0,92.0
mesa landscaping seo,gbr,0,1,0.0,82.0
mesa landscaping seo,idn,0,1,0.0,90.0
mesa landscaping seo,ind,0,2,0.0,88.5
mesa landscaping seo,ken,0,1,0.0,92.0
mesa landscaping seo,mar,0,1,0.0,97.0
mesa landscaping seo,mys,0,1,0.0,80.0
mesa landscaping seo,pol,0,1,0.0,89.0
mesa landscaping seo,rou,0,1,0.0,94.0
mesa landscaping seo,rus,0,1,0.0,90.0
mesa landscaping seo,sgp,0,1,0.0,79.0
mesa landscaping seo,usa,0,10,0.0,91.2
mesa landscaping seo,vnm,0,6,0.0,80.0
mesa landscaping seo,zaf,0,1,0.0,53.0
mesa local business seo,usa,0,1,0.0,94.0
mesa local seo company,aut,0,1,0.0,94.0
mesa local seo company,bel,0,1,0.0,90.0
mesa local seo company,bhr,0,1,0.0,97.0
mesa local seo company,bra,0,2,0.0,94.0
mesa local seo company,ind,0,1,0.0,99.0
mesa local seo company,irl,0,2,0.0,97.5
mesa local seo company,usa,0,1,0.0,98.0
mesa local seo service,bra,0,2,0.0,100.0
mesa local seo service,col,0,1,0.0,98.0
mesa local seo service,rus,0,2,0.0,100.0
mesa local seo service,svk,0,1,0.0,98.0
mesa local seo service,usa,0,4,0.0,98.75
mesa local seo service,vnm,0,1,0.0,70.0
mesa local seo services,aus,0,1,0.0,46.0
mesa local seo services,bra,0,1,0.0,101.0
mesa local seo services,pak,0,1,0.0,92.0
mesa local seo services,rus,0,1,0.0,93.0
mesa local seo services,zaf,0,1,0.0,97.0
mesa professional seo services,bra,0,2,0.0,78.5
mesa professional seo services,mex,0,1,0.0,84.0
mesa professional seo services,usa,0,1,0.0,85.0
mesa professional seo services,vnm,0,1,0.0,69.0
mesa search engine company,deu,0,1,0.0,89.0
mesa search engine company,ind,0,1,0.0,93.0
mesa search engine company,kor,0,1,0.0,90.0
mesa search engine company,usa,0,1,0.0,100.0
mesa search engine optimization,bra,0,1,0.0,77.0
mesa search engine optimization companies,bra,0,2,0.0,102.5
mesa search engine optimization companies,chl,0,1,0.0,98.0
mesa search engine optimization companies,gbr,0,2,0.0,100.5
mesa search engine optimization companies,ind,0,1,0.0,100.0
mesa search engine optimization companies,isr,0,1,0.0,101.0
mesa search engine optimization companies,kaz,0,1,0.0,100.0
mesa search engine optimization companies,kor,0,1,0.0,99.0
mesa search engine optimization companies,mar,0,1,0.0,101.0
mesa search engine optimization companies,mex,0,1,0.0,102.0
mesa search engine optimization companies,nld,0,1,0.0,97.0
mesa search engine optimization companies,pan,0,1,0.0,100.0
mesa search engine optimization companies,ukr,0,1,0.0,99.0
mesa search engine optimization companies,ury,0,1,0.0,101.0
mesa search engine optimization companies,usa,0,20,0.0,90.5
mesa seo,rus,0,1,0.0,100.0
mesa seo,usa,0,2,0.0,97.5
mesa seo agency,bgd,0,1,0.0,90.0
mesa seo agency,bra,0,1,0.0,82.0
mesa seo agency,gbr,0,2,0.0,64.5
mesa seo agency,idn,0,1,0.0,86.0
mesa seo agency,ind,0,2,0.0,108.5
mesa seo agency,usa,0,37,0.0,76.4054054054054
mesa seo companies,bra,0,4,0.0,96.75
mesa seo companies,deu,0,1,0.0,102.0
mesa seo companies,gbr,0,1,0.0,97.0
mesa seo companies,mex,0,1,0.0,97.0
mesa seo companies,tur,0,1,0.0,101.0
mesa seo companies,usa,0,2,0.0,100.0
mesa seo company,aus,0,1,0.0,84.0
mesa seo company,blr,0,1,0.0,109.0
mesa seo company,bra,0,2,0.0,83.5
mesa seo company,brn,0,1,0.0,72.0
mesa seo company,cyp,0,1,0.0,87.0
mesa seo company,eth,0,1,0.0,77.0
mesa seo company,fra,0,1,0.0,99.0
mesa seo company,gbr,0,4,0.0,94.5
mesa seo company,ind,0,1,0.0,70.0
mesa seo company,irq,0,1,0.0,82.0
mesa seo company,mex,0,2,0.0,86.0
mesa seo company,usa,0,11,0.0,84.72727272727273
mesa seo company,vnm,0,1,0.0,89.0
mesa seo company services,bra,0,2,0.0,87.0
mesa seo company services,usa,0,24,0.0,62.333333333333336
mesa seo consultant,bra,0,3,0.0,97.0
mesa seo consultant,ind,0,1,0.0,93.0
mesa seo consultant,rus,0,1,0.0,99.0
mesa seo consultant,usa,0,2,0.0,95.5
mesa seo expert,bra,0,1,0.0,101.0
mesa seo expert,ukr,0,1,0.0,101.0
mesa seo expert,usa,0,14,0.0,54.714285714285715
mesa seo marketing company,usa,0,9,0.0,66.0
mesa seo marketing services,bra,0,2,0.0,86.5
mesa seo marketing services,usa,0,1,0.0,89.0
mesa seo service,usa,0,1,0.0,102.0
mesa seo services,usa,0,1,0.0,101.0
mesa seo services company,usa,0,34,0.0,66.5
mesa seo services company,vnm,0,1,0.0,75.0
mesa seo work,bra,0,1,0.0,72.0
mesa seo work,twn,0,1,0.0,90.0
mesa small business seo,bra,0,2,0.0,100.5
mesa small business seo,usa,0,1,0.0,87.0
mesa top ranking seo marketing agency,usa,0,2,0.0,93.0
mesa top ranking seo marketing consultant,aus,0,1,0.0,99.0
mesa top ranking seo marketing consultant,bra,0,1,0.0,101.0
mesa top ranking seo marketing consultant,can,0,1,0.0,102.0
mesa top ranking seo marketing consultant,cri,0,1,0.0,101.0
mesa top ranking seo marketing consultant,gbr,0,1,0.0,102.0
mesa top ranking seo marketing consultant,ind,0,2,0.0,99.5
mesa top ranking seo marketing consultant,usa,0,5,0.0,100.2
mesa top ranking seo marketing consultant,vnm,0,1,0.0,100.0
mesa top ranking seo marketing firm,aus,0,1,0.0,100.0
mesa top ranking seo marketing firm,bra,0,1,0.0,99.0
mesa top ranking seo marketing firm,cze,0,1,0.0,101.0
mesa top ranking seo marketing firm,deu,0,1,0.0,97.0
mesa top ranking seo marketing firm,esp,0,1,0.0,97.0
mesa top ranking seo marketing firm,ind,0,1,0.0,100.0
mesa top ranking seo marketing firm,ita,0,1,0.0,77.0
mesa top ranking seo marketing firm,phl,0,1,0.0,100.0
mesa top ranking seo marketing firm,usa,0,9,0.0,97.0
mesa website development company,usa,0,3,0.0,64.0
mesa website development services,usa,0,16,0.0,48.75
mesa+seo+agency,gbr,0,1,0.0,53.0
mobile app agency,usa,0,1,0.0,1.0
mobile app companies in arizona,bra,0,5,0.0,93.4
mobile app companies in arizona,deu,0,1,0.0,100.0
mobile app companies in arizona,hnd,0,1,0.0,67.0
mobile app companies in arizona,idn,0,1,0.0,99.0
mobile app companies in arizona,ind,0,1,0.0,63.0
mobile app companies in arizona,jor,0,1,0.0,100.0
mobile app companies in arizona,kor,0,4,0.0,77.25
mobile app companies in arizona,rus,0,4,0.0,92.5
mobile app companies in arizona,sau,0,1,0.0,59.0
mobile app companies in arizona,tur,0,1,0.0,97.0
mobile app companies in arizona,twn,0,2,0.0,92.0
mobile app companies in arizona,usa,0,76,0.0,63.421052631578945
mobile app companies in arizona,vnm,0,2,0.0,64.5
mobile app companies in arizona,zzz,0,1,0.0,91.0
mobile app design phoenix,usa,0,27,0.0,66.51851851851852
mobile app developer arizona,arg,0,1,0.0,43.0
mobile app developer arizona,bgd,0,1,0.0,88.0
mobile app developer arizona,bra,0,4,0.0,44.5
mobile app developer arizona,ecu,0,2,0.0,41.0
mobile app developer arizona,gbr,0,1,0.0,41.0
mobile app developer arizona,irq,0,1,0.0,43.0
mobile app developer arizona,kor,0,2,0.0,67.5
mobile app developer arizona,mex,0,1,0.0,94.0
mobile app developer arizona,pak,0,1,0.0,47.0
mobile app developer arizona,phl,0,1,0.0,42.0
mobile app developer arizona,prt,0,1,0.0,42.0
mobile app developer arizona,rus,0,2,0.0,43.0
mobile app developer arizona,usa,0,94,0.0,57.255319148936174
mobile app developer arizona,vnm,0,3,0.0,43.0
mobile app developer arizona,zmb,0,1,0.0,46.0
mobile app developer headquartered at 3818 somerset dr,usa,0,1,0.0,10.0
"mobile app developer in phoenix, maricopa county",usa,0,1,0.0,50.0
"mobile app developer in tempe, arizona",usa,0,2,0.0,55.5
"mobile app developer in tempe, maricopa county",usa,0,1,0.0,34.0
mobile app developers arizona,arg,0,1,0.0,63.0
mobile app developers arizona,bgd,0,1,0.0,56.0
mobile app developers arizona,bra,0,3,0.0,58.0
mobile app developers arizona,egy,0,1,0.0,57.0
mobile app developers arizona,gbr,0,2,0.0,52.5
mobile app developers arizona,ind,0,1,0.0,53.0
mobile app developers arizona,ita,0,1,0.0,56.0
mobile app developers arizona,kor,0,7,0.0,56.142857142857146
mobile app developers arizona,lka,0,1,0.0,53.0
mobile app developers arizona,npl,0,1,0.0,55.0
mobile app developers arizona,pol,0,1,0.0,63.0
mobile app developers arizona,prt,0,1,0.0,60.0
mobile app developers arizona,rus,0,4,0.0,49.5
mobile app developers arizona,usa,0,86,0.0,58.18604651162791
mobile app developers arizona,vnm,0,4,0.0,53.25
mobile app developers arizona,zaf,0,1,0.0,63.0
mobile app developers arizona,zzz,0,2,0.0,55.0
mobile app developers near me,usa,0,44,0.0,65.4090909090909
mobile app development,usa,0,231,0.0,9.783549783549784
mobile app development and marketing kitsap county,usa,0,3,0.0,96.0
mobile app development arizona,aze,0,1,0.0,35.0
mobile app development arizona,bra,0,7,0.0,66.28571428571429
mobile app development arizona,dom,0,1,0.0,47.0
mobile app development arizona,ecu,0,2,0.0,64.0
mobile app development arizona,esp,0,1,0.0,74.0
mobile app development arizona,gbr,0,1,0.0,62.0
mobile app development arizona,hrv,0,1,0.0,39.0
mobile app development arizona,ind,0,6,0.0,49.5
mobile app development arizona,kor,0,2,0.0,81.5
mobile app development arizona,mex,0,1,0.0,56.0
mobile app development arizona,omn,0,1,0.0,40.0
mobile app development arizona,pak,0,1,0.0,61.0
mobile app development arizona,rus,0,3,0.0,65.0
mobile app development arizona,usa,0,268,0.0,52.87686567164179
mobile app development arizona,vnm,0,2,0.0,64.5
mobile app development arizona,zaf,0,2,0.0,61.5
mobile app development arizona,zzz,0,1,0.0,60.0
mobile app development companies in arizona,bra,0,2,0.0,94.5
mobile app development companies in arizona,chl,0,1,0.0,84.0
mobile app development companies in arizona,egy,0,1,0.0,99.0
mobile app development companies in arizona,gbr,0,1,0.0,97.0
mobile app development companies in arizona,jpn,0,1,0.0,101.0
mobile app development companies in arizona,kor,0,3,0.0,97.33333333333333
mobile app development companies in arizona,rus,0,6,0.0,96.16666666666667
mobile app development companies in arizona,usa,0,55,0.0,81.98181818181818
mobile app development companies in phoenix,aus,0,1,0.0,90.0
mobile app development companies in phoenix,deu,0,1,0.0,49.0
mobile app development companies in phoenix,dom,0,1,0.0,61.0
mobile app development companies in phoenix,usa,0,3,0.0,80.66666666666667
mobile app development company arizona,bol,0,1,0.0,43.0
mobile app development company arizona,bra,0,5,0.0,43.8
mobile app development company arizona,ecu,0,1,0.0,46.0
mobile app development company arizona,gbr,0,3,0.0,46.333333333333336
mobile app development company arizona,ind,0,2,0.0,43.0
mobile app development company arizona,irn,0,1,0.0,43.0
mobile app development company arizona,kor,0,10,0.0,51.6
mobile app development company arizona,mda,0,1,0.0,43.0
mobile app development company arizona,mys,0,1,0.0,46.0
mobile app development company arizona,npl,0,1,0.0,41.0
mobile app development company arizona,pak,0,1,0.0,56.0
mobile app development company arizona,rus,0,1,0.0,45.0
mobile app development company arizona,usa,0,87,0.0,50.87356321839081
mobile app development company arizona,vnm,0,1,0.0,48.0
mobile app development company arizona,zzz,0,1,0.0,41.0
mobile app development company in arizona,aus,0,1,0.0,45.0
mobile app development company in arizona,bra,0,2,0.0,44.0
mobile app development company in arizona,ind,0,7,0.0,52.57142857142857
mobile app development company in arizona,pak,0,1,0.0,98.0
mobile app development company in arizona,rus,0,2,0.0,52.0
mobile app development company in arizona,usa,0,87,0.0,51.11494252873563
mobile app development company in arizona,zaf,0,1,0.0,39.0
mobile app development company in mohave,usa,0,12,0.0,69.33333333333333
mobile app development company in phoenix,bra,0,3,0.0,98.33333333333333
mobile app development company in phoenix,usa,0,40,0.0,64.95
mobile app development company in prescott,usa,0,1,0.0,71.0
mobile app development company in show low,isr,0,1,0.0,21.0
mobile app development company in show low,usa,0,3,0.0,23.666666666666668
mobile app development company in sierra vista,pak,0,1,0.0,6.0
mobile app development company near me,usa,0,52,0.0,48.86538461538461
mobile app development company phoenix,gbr,0,2,0.0,53.5
mobile app development company phoenix,kwt,0,1,0.0,45.0
mobile app development company phoenix,usa,0,23,0.0,49.26086956521739
mobile app development company tucson,usa,0,6,0.0,77.33333333333333
mobile app development in glendale,usa,0,6,0.0,86.66666666666667
mobile app development near me,usa,0,53,0.0,56.75471698113208
mobile app development phoenix,arg,0,1,0.0,46.0
mobile app development phoenix,fra,0,1,0.0,32.0
mobile app development phoenix,gab,0,1,0.0,31.0
mobile app development phoenix,gbr,0,1,0.0,54.0
mobile app development phoenix,mar,0,1,0.0,29.0
mobile app development phoenix,phl,0,1,0.0,45.0
mobile app development phoenix,usa,0,164,0.0,54.01829268292683
mobile app development scottsdale,gbr,0,3,0.0,39.0
mobile app development scottsdale,ind,0,2,0.0,38.0
mobile app development scottsdale,phl,0,1,0.0,35.0
mobile app development scottsdale,sau,0,1,0.0,35.0
mobile app development scottsdale,usa,0,61,0.0,36.295081967213115
mobile app development scottsdale,vnm,0,1,0.0,39.0
mobile app development services arizona,usa,0,47,0.0,41.06382978723404
mobile app development tucson,usa,0,20,0.0,85.0
mobile application developer near me,usa,0,3,0.0,50.0
mobile application development arizona,arg,0,1,0.0,93.0
mobile application development arizona,bgr,0,1,0.0,58.0
mobile application development arizona,bra,0,12,0.0,62.083333333333336
mobile application development arizona,can,0,1,0.0,50.0
mobile application development arizona,fra,0,1,0.0,95.0
mobile application development arizona,gbr,0,3,0.0,59.666666666666664
mobile application development arizona,geo,0,1,0.0,40.0
mobile application development arizona,guy,0,1,0.0,53.0
mobile application development arizona,ind,0,1,0.0,51.0
mobile application development arizona,irq,0,1,0.0,50.0
mobile application development arizona,jpn,0,1,0.0,50.0
mobile application development arizona,kor,0,1,0.0,50.0
mobile application development arizona,rus,0,14,0.0,59.357142857142854
mobile application development arizona,tto,0,1,0.0,94.0
mobile application development arizona,tur,0,1,0.0,93.0
mobile application development arizona,ukr,0,1,0.0,94.0
mobile application development arizona,usa,0,97,0.0,55.78350515463917
mobile application development arizona,vnm,0,1,0.0,39.0
mobile application development phoenix,jpn,0,1,0.0,49.0
mobile application development phoenix,usa,0,27,0.0,83.62962962962963
mobile application development phoenix,vnm,0,1,0.0,46.0
mobile development agency,usa,0,1,0.0,1.0
mobile development arizona,arg,0,1,0.0,48.0
mobile development arizona,bra,0,19,0.0,46.578947368421055
mobile development arizona,can,0,1,0.0,48.0
mobile development arizona,col,0,2,0.0,47.0
mobile development arizona,fra,0,1,0.0,44.0
mobile development arizona,gbr,0,1,0.0,48.0
mobile development arizona,ind,0,3,0.0,45.666666666666664
mobile development arizona,kor,0,6,0.0,47.333333333333336
mobile development arizona,nic,0,1,0.0,45.0
mobile development arizona,nld,0,1,0.0,51.0
mobile development arizona,per,0,1,0.0,47.0
mobile development arizona,phl,0,1,0.0,48.0
mobile development arizona,rus,0,4,0.0,51.0
mobile development arizona,sgp,0,1,0.0,52.0
mobile development arizona,usa,0,93,0.0,52.473118279569896
mobile development arizona,vnm,0,1,0.0,48.0
mobile development arizona,zzz,0,1,0.0,45.0
mobile development phoenix,usa,0,28,0.0,63.964285714285715
mobile friendly website design arizona,usa,0,1,0.0,63.0
"mobile seo services gilbert, az",usa,0,12,0.0,18.5
"mobile software developer in phoenix, az",usa,0,2,0.0,59.5
"mobile software developer in tempe, arizona",usa,0,1,0.0,109.0
mobile web development company associative,usa,0,1,0.0,24.0
mobile web development services,usa,0,2,0.0,80.5
mobile website arizona,gbr,0,2,0.0,7.5
mobile website arizona,rus,0,2,0.0,54.5
mobile website arizona,usa,0,64,0.0,20.296875
mobile website design arizona,ind,0,1,0.0,43.0
mobile website design arizona,usa,0,23,0.0,62.608695652173914
mobile website design services az,sgp,0,1,0.0,47.0
mobile website developers,usa,0,33,0.0,14.606060606060606
mobile website phoenix,usa,0,3,0.0,19.0
national seo package in az,usa,0,212,0.0,38.87264150943396
national seo packages arizona,usa,0,74,0.0,63.148648648648646
nativescript development service nrw,deu,0,1,0.0,75.0
need web developer,usa,0,1,0.0,10.0
on page seo techniques arizona,usa,0,1,0.0,65.0
online marketing arizona,arg,0,1,0.0,63.0
online marketing arizona,ben,0,1,0.0,70.0
online marketing arizona,bra,0,9,0.0,79.22222222222223
online marketing arizona,can,0,1,0.0,64.0
online marketing arizona,col,0,1,0.0,92.0
online marketing arizona,deu,0,2,0.0,76.0
online marketing arizona,dza,0,1,0.0,80.0
online marketing arizona,ecu,0,1,0.0,68.0
online marketing arizona,gab,0,1,0.0,60.0
online marketing arizona,idn,0,1,0.0,75.0
online marketing arizona,ind,0,2,0.0,76.5
online marketing arizona,irq,0,1,0.0,66.0
online marketing arizona,ita,0,2,0.0,74.5
online marketing arizona,jam,0,1,0.0,87.0
online marketing arizona,jpn,0,1,0.0,74.0
online marketing arizona,ken,0,1,0.0,67.0
online marketing arizona,mex,0,1,0.0,68.0
online marketing arizona,mys,0,3,0.0,67.66666666666667
online marketing arizona,nld,0,1,0.0,63.0
online marketing arizona,pol,0,1,0.0,67.0
online marketing arizona,rus,0,3,0.0,80.0
online marketing arizona,sau,0,2,0.0,67.5
online marketing arizona,sur,0,1,0.0,69.0
online marketing arizona,tun,0,1,0.0,60.0
online marketing arizona,usa,0,52,0.0,73.71153846153847
online marketing arizona,ven,0,1,0.0,64.0
online marketing arizona,vnm,0,22,0.0,75.77272727272727
online marketing company arizona,bgd,0,1,0.0,81.0
online marketing company arizona,bra,0,8,0.0,87.375
online marketing company arizona,brb,0,1,0.0,101.0
online marketing company arizona,can,0,1,0.0,78.0
online marketing company arizona,deu,0,1,0.0,86.0
online marketing company arizona,dom,0,1,0.0,76.0
online marketing company arizona,ecu,0,1,0.0,85.0
online marketing company arizona,egy,0,1,0.0,85.0
online marketing company arizona,esp,0,1,0.0,83.0
online marketing company arizona,eth,0,1,0.0,74.0
online marketing company arizona,gbr,0,5,0.0,81.8
online marketing company arizona,ind,0,2,0.0,81.0
online marketing company arizona,mex,0,1,0.0,86.0
online marketing company arizona,pak,0,1,0.0,79.0
online marketing company arizona,phl,0,1,0.0,75.0
online marketing company arizona,pri,0,1,0.0,78.0
online marketing company arizona,prt,0,1,0.0,82.0
online marketing company arizona,rus,0,1,0.0,84.0
online marketing company arizona,sau,0,1,0.0,83.0
online marketing company arizona,tun,0,1,0.0,88.0
online marketing company arizona,ury,0,1,0.0,86.0
online marketing company arizona,usa,0,46,0.0,83.30434782608695
open web technology company,usa,0,1,0.0,2.0
organic affordable seo growth arizona,usa,0,243,0.0,48.62551440329218
organic cheap seo growth arizona,bra,0,2,0.0,57.5
organic cheap seo growth arizona,can,0,1,0.0,92.0
organic cheap seo growth arizona,dom,0,1,0.0,39.0
organic cheap seo growth arizona,gbr,0,1,0.0,90.0
organic cheap seo growth arizona,mys,0,1,0.0,91.0
organic cheap seo growth arizona,usa,0,262,0.0,52.62213740458015
organic cheap seo growth arizona,uzb,0,1,0.0,84.0
organic cheap seo growth phoenix,usa,0,5,0.0,86.8
organic cheap seo growth phoenix arizona,usa,0,7,0.0,94.71428571428571
organic cheap seo growth phoenix az,usa,0,9,0.0,92.66666666666667
organic growth seo arizona,usa,0,4,0.0,69.75
organic local seo growth arizona,usa,0,1,0.0,99.0
organic search growth in phoenix az,usa,0,25,0.0,74.72
organic search growth phoenix az,usa,0,67,0.0,63.492537313432834
organic seo effective growth arizona,usa,0,30,0.0,62.03333333333333
organic seo effective growth in arizona,usa,0,25,0.0,53.44
organic seo growth arizona,usa,0,19,0.0,61.05263157894737
organic seo growth in az,usa,0,1,0.0,79.0
outsourced lead generation solutions arizona,usa,0,2,0.0,78.5
peoria arizona web design,usa,0,12,0.0,70.16666666666667
peoria arizona website design,usa,0,14,0.0,80.5
peoria az seo agency,usa,0,23,0.0,76.1304347826087
peoria az web design,usa,0,13,0.0,76.84615384615384
peoria az web designer,usa,0,11,0.0,85.18181818181819
peoria az website design agency,usa,0,2,0.0,94.0
peoria web development,usa,0,38,0.0,68.84210526315789
peoria website development,usa,0,11,0.0,73.36363636363636
peoria wordpress development,usa,0,3,0.0,67.0
phoenix app developers,usa,0,25,0.0,55.76
phoenix arizona affordable organic seo growth,usa,0,9,0.0,90.22222222222223
phoenix arizona cheap organic seo growth,usa,0,3,0.0,89.33333333333333
phoenix arizona local search optimization,usa,0,14,0.0,44.285714285714285
phoenix arizona local seo company consulting,usa,0,5,0.0,52.6
phoenix arizona organic cheap seo growth,usa,0,73,0.0,58.50684931506849
phoenix arizona seo company,jor,0,1,0.0,80.0
phoenix arizona seo company,usa,0,2,0.0,76.5
phoenix arizona seo project,usa,0,38,0.0,14.447368421052632
phoenix arizona web design,usa,0,1,0.0,93.0
phoenix arizona web development,ind,0,1,0.0,26.0
phoenix arizona web development,usa,0,1,0.0,23.0
phoenix arizona website hosting,usa,0,1,0.0,72.0
phoenix arizona white label seo company,usa,0,1,0.0,62.0
phoenix az affordable organic seo,usa,0,3,0.0,73.66666666666667
phoenix az affordable organic seo growth,usa,0,6,0.0,89.66666666666667
phoenix az affordable seo service,usa,0,34,0.0,26.58823529411765
phoenix az cheap effective organic seo growth,usa,0,10,0.0,67.4
phoenix az cheap organic seo growth,usa,0,2,0.0,91.5
phoenix az cheap search engine optimization,usa,0,121,0.0,64.2396694214876
phoenix az national seo packages,usa,0,1,0.0,61.0
phoenix az organic cheap seo growth,usa,0,57,0.0,66.14035087719299
phoenix az organic search,usa,0,48,0.0,43.791666666666664
phoenix az organic seo for affordable growth,usa,0,6,0.0,86.33333333333333
phoenix az seo growth,usa,0,49,0.0,28.836734693877553
phoenix az seo project,usa,0,53,0.0,30.37735849056604
phoenix az seo service,deu,0,1,0.0,91.0
phoenix az seo service,gbr,0,1,0.0,86.0
phoenix az seo service,irq,0,1,0.0,88.0
phoenix az seo service,usa,0,1,0.0,87.0
phoenix az seo service,vnm,0,2,0.0,95.5
phoenix az web projects,usa,0,220,0.0,53.486363636363635
phoenix az website projects,usa,0,139,0.0,71.15827338129496
phoenix az white label seo solutions,usa,0,1,0.0,67.0
phoenix az wordpress designer,usa,0,42,0.0,64.83333333333334
phoenix az wordpress development company,usa,0,24,0.0,82.70833333333333
phoenix cheap organic seo growth arizona,usa,0,9,0.0,87.33333333333333
phoenix ecommerce web development agency for b2b,usa,0,8,0.0,90.625
phoenix local search engine optimization,bra,0,1,0.0,96.0
phoenix local search engine optimization,usa,0,7,0.0,89.14285714285714
phoenix local search marketing,usa,0,16,0.0,50.5625
phoenix local search optimization,bra,0,1,0.0,18.0
phoenix local search optimization,gbr,0,1,0.0,35.0
phoenix local search optimization,idn,0,1,0.0,42.0
phoenix local search optimization,usa,0,28,0.0,47.607142857142854
phoenix local seo,usa,0,1,0.0,91.0
phoenix local seo services,aus,0,1,0.0,87.0
phoenix local seo services,ita,0,2,0.0,94.5
phoenix local seo services,usa,0,1,0.0,101.0
phoenix online search marketing,arg,0,1,0.0,40.0
phoenix online search marketing,bra,0,2,0.0,24.0
phoenix online search marketing,chl,0,1,0.0,35.0
phoenix online search marketing,gbr,0,2,0.0,40.0
phoenix online search marketing,ind,0,1,0.0,13.0
phoenix online search marketing,kor,0,1,0.0,13.0
phoenix online search marketing,svn,0,1,0.0,47.0
phoenix online search marketing,ukr,0,2,0.0,29.5
phoenix online search marketing,usa,0,15,0.0,43.0
phoenix search,usa,0,1,0.0,44.0
phoenix search engine marketing,bra,0,1,0.0,49.0
phoenix search engine marketing,ind,0,1,0.0,46.0
phoenix search engine marketing,kor,0,1,0.0,46.0
phoenix search engine marketing,usa,0,19,0.0,46.36842105263158
phoenix search engine optimization,gbr,0,1,0.0,36.0
phoenix search engine optimization,nld,0,1,0.0,44.0
phoenix search engine optimization,usa,0,30,0.0,45.333333333333336
phoenix search engine optimization services,bra,0,1,0.0,96.0
phoenix search engine optimization services,esp,0,1,0.0,86.0
phoenix search engine optimization services,idn,0,1,0.0,85.0
phoenix search engine optimization services,pan,0,1,0.0,94.0
phoenix search engine optimization services,ukr,0,1,0.0,73.0
phoenix search engine optimization services,usa,0,33,0.0,82.24242424242425
phoenix search engine ranking,usa,0,2,0.0,59.5
phoenix search optimization,bra,0,1,0.0,45.0
phoenix search optimization,ind,0,1,0.0,44.0
phoenix search optimization,mex,0,1,0.0,40.0
phoenix search optimization,ukr,0,4,0.0,20.5
phoenix search optimization,usa,0,73,0.0,50.0
phoenix seo,usa,0,20,0.0,82.55
phoenix seo audit,usa,0,3,0.0,79.33333333333333
phoenix seo company,usa,0,8,0.0,75.875
phoenix seo consultant,ltu,0,1,0.0,76.0
phoenix seo consultant,mar,0,1,0.0,79.0
phoenix seo consultant,rus,0,1,0.0,71.0
phoenix seo consultant,svk,0,1,0.0,71.0
phoenix seo consultant,usa,0,6,0.0,60.0
phoenix seo consultants,bra,0,1,0.0,70.0
phoenix seo consultants,gbr,0,1,0.0,79.0
phoenix seo consultants,ita,0,1,0.0,70.0
phoenix seo expert,arg,0,1,0.0,80.0
phoenix seo expert,blr,0,2,0.0,86.5
phoenix seo expert,bra,0,2,0.0,83.5
phoenix seo expert,cyp,0,1,0.0,80.0
phoenix seo expert,dnk,0,1,0.0,82.0
phoenix seo expert,ecu,0,1,0.0,84.0
phoenix seo expert,gbr,0,1,0.0,83.0
phoenix seo expert,ind,0,1,0.0,85.0
phoenix seo expert,ita,0,1,0.0,92.0
phoenix seo expert,prt,0,1,0.0,88.0
phoenix seo expert,rus,0,1,0.0,72.0
phoenix seo expert,tto,0,1,0.0,91.0
phoenix seo expert,ukr,0,1,0.0,75.0
phoenix seo expert,usa,0,20,0.0,71.25
phoenix seo expert for small business,irl,0,1,0.0,26.0
phoenix seo expert for small business,usa,0,18,0.0,27.88888888888889
phoenix seo experts,gbr,0,1,0.0,76.0
phoenix seo experts,hun,0,1,0.0,77.0
phoenix seo experts,jam,0,1,0.0,83.0
phoenix seo experts,kaz,0,1,0.0,74.0
phoenix seo experts,swz,0,1,0.0,79.0
phoenix seo experts,usa,0,1,0.0,82.0
phoenix seo experts,zzz,0,1,0.0,82.0
phoenix seo for plumbers,usa,0,1,0.0,57.0
phoenix seo guru,usa,0,1,0.0,41.0
phoenix seo plan arizona seo plan,mex,0,1,0.0,96.0
phoenix seo plan arizona seo plan,usa,0,9,0.0,76.88888888888889
phoenix seo project,usa,0,3,0.0,45.0
phoenix seo projects,usa,0,1,0.0,12.0
phoenix seo services,bra,0,3,0.0,86.0
phoenix seo services,can,0,1,0.0,68.0
phoenix seo services,deu,0,1,0.0,96.0
phoenix seo services,gbr,0,2,0.0,69.5
phoenix seo services,ind,0,1,0.0,69.0
phoenix seo services,usa,0,19,0.0,78.52631578947368
phoenix seo services pricing,usa,0,1,0.0,20.0
phoenix seo specialist,rus,0,1,0.0,79.0
phoenix specialized wordpress web service,usa,0,1,0.0,91.0
phoenix web design company,usa,0,1,0.0,68.0
phoenix web design free quote,usa,0,2,0.0,81.0
phoenix web designer,usa,0,1,0.0,32.0
phoenix web developer,usa,0,39,0.0,81.53846153846153
phoenix web developers,usa,0,71,0.0,69.26760563380282
phoenix web development,usa,0,11,0.0,70.9090909090909
phoenix web development companies,usa,0,1,0.0,41.0
phoenix web development services,usa,0,1,0.0,87.0
phoenix website developer,usa,0,91,0.0,60.83516483516483
phoenix website developers,bra,0,1,0.0,85.0
phoenix website developers,gbr,0,1,0.0,91.0
phoenix website developers,gtm,0,1,0.0,45.0
phoenix website developers,usa,0,90,0.0,84.14444444444445
phoenix website development,usa,0,2,0.0,49.5
phoenix website development company,usa,0,2,0.0,46.5
phoenix website development services,usa,0,2,0.0,93.0
phoenix website projects,usa,0,4,0.0,70.25
phoenix wordpress development,usa,0,5,0.0,89.4
phoenixbizz-software-mobile-app-development-company-in-phoenix-az,usa,0,20,0.0,87.9
php development services in chandler,can,0,1,0.0,98.0
plugin best internal linking plugin,gbr,0,11,0.0,81.36363636363636
plugin best internal linking plugin,usa,0,8,0.0,93.5
plugin internal link wordpress,are,0,1,0.0,93.0
plugin internal link wordpress,gbr,0,56,0.0,72.875
plugin internal link wordpress,ind,0,35,0.0,78.77142857142857
plugin internal link wordpress,usa,0,36,0.0,66.72222222222223
"plugin internal link wordpress,10.00,unknown,,approved",are,0,1,0.0,78.0
"plugin internal link wordpress,10.00,unknown,,approved",gbr,0,1,0.0,71.0
"plugin internal link wordpress,10.00,unknown,,approved",ind,0,128,0.0,69.3125
"plugin internal link wordpress,10.00,unknown,,approved",usa,0,84,0.0,75.21428571428571
plugin internal linking plugin,usa,0,6,0.0,89.16666666666667
printing services arizona,usa,0,1,0.0,60.0
professional arizona web site design,bgd,0,1,0.0,32.0
professional arizona web site design,usa,0,1,0.0,68.0
professional email and cpanel hosting phoenix,usa,0,4,0.0,98.25
professional seo agency chandler,arg,0,1,0.0,95.0
professional seo agency chandler,gbr,0,1,0.0,96.0
professional seo agency chandler,ind,0,1,0.0,99.0
professional seo agency chandler,nld,0,1,0.0,97.0
professional seo agency chandler,pak,0,1,0.0,100.0
professional seo agency chandler,usa,0,2,0.0,95.0
professional seo agency chandler,vnm,0,3,0.0,97.66666666666667
professional seo agency chandler az,arg,0,1,0.0,91.0
professional seo agency chandler az,bra,0,1,0.0,90.0
professional seo agency chandler az,usa,0,3,0.0,69.66666666666667
professional seo agency chandler az,vnm,0,1,0.0,98.0
professional seo agency mesa,deu,0,1,0.0,97.0
professional seo agency mesa,fin,0,1,0.0,95.0
professional seo agency mesa,gbr,0,1,0.0,97.0
professional seo agency mesa,pak,0,1,0.0,100.0
professional seo agency mesa,usa,0,2,0.0,95.0
professional seo agency mesa,vnm,0,2,0.0,93.5
professional seo agency surprise az,fra,0,1,0.0,71.0
professional seo agency surprise az,usa,0,25,0.0,84.68
professional seo agency tempe,deu,0,1,0.0,38.0
professional seo agency tempe,geo,0,1,0.0,47.0
professional seo agency tempe,idn,0,1,0.0,45.0
professional seo agency tempe,ind,0,1,0.0,38.0
professional seo agency tempe,pol,0,1,0.0,38.0
professional seo agency tempe,usa,0,22,0.0,56.0
professional seo agency tempe,vnm,0,1,0.0,98.0
professional seo consultant services arizona,usa,0,6,0.0,92.0
professional web design in azusa,gbr,0,3,0.0,66.66666666666667
professional web design in azusa,usa,0,1,0.0,94.0
professional web development,usa,0,2,0.0,1.0
professional web services,usa,0,2,0.0,1.0
professional website design arizona,gbr,0,2,0.0,80.0
professional website design arizona,usa,0,1,0.0,96.0
queen creek seo,usa,0,22,0.0,71.27272727272727
queen creek web design company,usa,0,4,0.0,86.25
react native mobile app development arizona,aus,0,1,0.0,52.0
react native mobile app development arizona,can,0,3,0.0,49.0
react native mobile app development arizona,esp,0,1,0.0,50.0
react native mobile app development arizona,gbr,0,69,0.0,38.08695652173913
react native mobile app development arizona,ind,0,1,0.0,48.0
react native mobile app development arizona,rus,0,3,0.0,52.0
react native mobile app development arizona,srb,0,1,0.0,52.0
react native mobile app development arizona,usa,0,19,0.0,48.89473684210526
react native mobile app development arizona,vnm,0,1,0.0,54.0
reliable seo services phoenix,usa,0,2,0.0,92.5
reliable seo services tempe,arg,0,1,0.0,99.0
reliable seo services tempe,bgr,0,1,0.0,87.0
reliable seo services tempe,bra,0,17,0.0,86.70588235294117
reliable seo services tempe,can,0,1,0.0,39.0
reliable seo services tempe,col,0,1,0.0,54.0
reliable seo services tempe,deu,0,1,0.0,43.0
reliable seo services tempe,dnk,0,1,0.0,98.0
reliable seo services tempe,ecu,0,1,0.0,94.0
reliable seo services tempe,egy,0,1,0.0,85.0
reliable seo services tempe,esp,0,3,0.0,80.66666666666667
reliable seo services tempe,fra,0,2,0.0,96.5
reliable seo services tempe,gbr,0,8,0.0,66.875
reliable seo services tempe,geo,0,1,0.0,95.0
reliable seo services tempe,ind,0,4,0.0,100.5
reliable seo services tempe,irl,0,1,0.0,61.0
reliable seo services tempe,kaz,0,1,0.0,38.0
reliable seo services tempe,kgz,0,1,0.0,75.0
reliable seo services tempe,mex,0,2,0.0,96.0
reliable seo services tempe,pol,0,1,0.0,95.0
reliable seo services tempe,rou,0,1,0.0,99.0
reliable seo services tempe,rus,0,1,0.0,97.0
reliable seo services tempe,sau,0,3,0.0,92.66666666666667
reliable seo services tempe,swe,0,1,0.0,90.0
reliable seo services tempe,tun,0,1,0.0,99.0
reliable seo services tempe,tur,0,1,0.0,88.0
reliable seo services tempe,ukr,0,4,0.0,94.75
reliable seo services tempe,usa,0,135,0.0,73.22222222222223
responsive web designer phoenix,usa,0,37,0.0,89.64864864864865
san marcos web development company,usa,0,3,0.0,68.33333333333333
scottsdale app developers,usa,0,9,0.0,40.333333333333336
scottsdale app development,usa,0,7,0.0,42.57142857142857
scottsdale app development,vnm,0,1,0.0,38.0
scottsdale az local seo company,irq,0,1,0.0,97.0
scottsdale az local seo company,nic,0,1,0.0,100.0
scottsdale az local seo company,usa,0,12,0.0,99.5
scottsdale az local seo company,ven,0,1,0.0,98.0
scottsdale az search engine optimization,usa,0,7,0.0,88.14285714285714
scottsdale az seo company,usa,0,2,0.0,109.5
scottsdale az web development companies,usa,0,5,0.0,64.8
scottsdale local seo,can,0,1,0.0,78.0
scottsdale local seo,egy,0,1,0.0,81.0
scottsdale local seo,rus,0,1,0.0,73.0
scottsdale local seo,usa,0,2,0.0,91.0
scottsdale mobile development companies,usa,0,11,0.0,44.81818181818182
scottsdale search engine optimization,bra,0,2,0.0,82.5
scottsdale search engine optimization,nld,0,1,0.0,64.0
scottsdale search engine optimization,rus,0,1,0.0,97.0
scottsdale seo expert,bra,0,1,0.0,141.0
scottsdale seo expert,usa,0,1,0.0,100.0
scottsdale seo services,bgr,0,1,0.0,98.0
scottsdale seo services,bra,0,2,0.0,101.5
scottsdale seo services,dza,0,1,0.0,108.0
scottsdale seo services,ind,0,1,0.0,102.0
scottsdale seo services,irl,0,1,0.0,101.0
scottsdale seo services,kor,0,3,0.0,91.0
scottsdale seo services,mex,0,1,0.0,102.0
scottsdale seo services,nzl,0,2,0.0,101.0
scottsdale seo services,usa,0,8,0.0,101.75
scottsdale seo services,zaf,0,1,0.0,100.0
scottsdale web developer,gbr,0,1,0.0,52.0
scottsdale web developer,usa,0,4,0.0,47.5
scottsdale web development,gbr,0,1,0.0,51.0
scottsdale web development,usa,0,45,0.0,73.53333333333333
scottsdale website development,usa,0,6,0.0,64.0
search engine optimization agency phoenix,bhs,0,1,0.0,87.0
search engine optimization agency phoenix,bra,0,1,0.0,90.0
search engine optimization agency phoenix,usa,0,4,0.0,74.25
search engine optimization agency sun city,usa,0,14,0.0,83.78571428571429
search engine optimization arizona,alb,0,2,0.0,80.5
search engine optimization arizona,are,0,1,0.0,85.0
search engine optimization arizona,arm,0,1,0.0,89.0
search engine optimization arizona,atg,0,1,0.0,82.0
search engine optimization arizona,aus,0,2,0.0,90.5
search engine optimization arizona,bgd,0,1,0.0,86.0
search engine optimization arizona,bgr,0,1,0.0,101.0
search engine optimization arizona,blr,0,1,0.0,85.0
search engine optimization arizona,bra,0,23,0.0,83.8695652173913
search engine optimization arizona,brb,0,2,0.0,85.5
search engine optimization arizona,can,0,6,0.0,88.16666666666667
search engine optimization arizona,col,0,1,0.0,88.0
search engine optimization arizona,deu,0,1,0.0,86.0
search engine optimization arizona,dza,0,2,0.0,82.5
search engine optimization arizona,ecu,0,2,0.0,88.0
search engine optimization arizona,egy,0,1,0.0,97.0
search engine optimization arizona,esp,0,3,0.0,90.33333333333333
search engine optimization arizona,fin,0,1,0.0,81.0
search engine optimization arizona,fra,0,2,0.0,89.0
search engine optimization arizona,gbr,0,16,0.0,80.0
search engine optimization arizona,geo,0,1,0.0,81.0
search engine optimization arizona,grc,0,1,0.0,77.0
search engine optimization arizona,idn,0,2,0.0,85.0
search engine optimization arizona,ind,0,20,0.0,88.3
search engine optimization arizona,isr,0,3,0.0,87.0
search engine optimization arizona,jpn,0,1,0.0,85.0
search engine optimization arizona,kaz,0,1,0.0,81.0
search engine optimization arizona,kor,0,7,0.0,88.42857142857143
search engine optimization arizona,mex,0,7,0.0,85.85714285714286
search engine optimization arizona,mys,0,4,0.0,76.5
search engine optimization arizona,nld,0,3,0.0,81.66666666666667
search engine optimization arizona,pak,0,1,0.0,92.0
search engine optimization arizona,pan,0,1,0.0,86.0
search engine optimization arizona,phl,0,5,0.0,84.6
search engine optimization arizona,pol,0,2,0.0,78.0
search engine optimization arizona,rou,0,1,0.0,71.0
search engine optimization arizona,rus,0,25,0.0,83.16
search engine optimization arizona,sau,0,1,0.0,87.0
search engine optimization arizona,srb,0,2,0.0,90.0
search engine optimization arizona,tha,0,1,0.0,90.0
search engine optimization arizona,tto,0,2,0.0,85.0
search engine optimization arizona,tun,0,1,0.0,88.0
search engine optimization arizona,tur,0,4,0.0,86.5
search engine optimization arizona,twn,0,4,0.0,92.75
search engine optimization arizona,tza,0,1,0.0,74.0
search engine optimization arizona,ukr,0,8,0.0,87.25
search engine optimization arizona,ury,0,1,0.0,94.0
search engine optimization arizona,usa,0,513,0.0,80.82456140350877
search engine optimization arizona,uzb,0,1,0.0,81.0
search engine optimization arizona,vct,0,1,0.0,88.0
search engine optimization arizona,vnm,0,7,0.0,88.14285714285714
search engine optimization arizona,zaf,0,1,0.0,84.0
search engine optimization arizona phoenix,usa,0,93,0.0,62.215053763440864
search engine optimization az,bra,0,1,0.0,84.0
search engine optimization az,pol,0,1,0.0,90.0
search engine optimization az,usa,0,202,0.0,78.04950495049505
search engine optimization chandler,tha,0,1,0.0,143.0
search engine optimization companies tempe,gbr,0,2,0.0,54.0
search engine optimization companies tempe,ind,0,4,0.0,74.25
search engine optimization companies tempe,usa,0,31,0.0,63.193548387096776
search engine optimization companies tempe hiring,ind,0,1,0.0,97.0
search engine optimization companies tempe hiring,usa,0,14,0.0,90.07142857142857
search engine optimization companies tempe reviews,usa,0,5,0.0,69.6
search engine optimization company in arizona,gbr,0,1,0.0,61.0
search engine optimization company scottsdale,gbr,0,1,0.0,89.0
search engine optimization company scottsdale,idn,0,1,0.0,104.0
search engine optimization company scottsdale,zaf,0,1,0.0,95.0
search engine optimization company sun city az,usa,0,15,0.0,82.93333333333334
search engine optimization expert phoenix,usa,0,3,0.0,24.666666666666668
search engine optimization in az,usa,0,95,0.0,71.96842105263158
search engine optimization in scottsdale az,phl,0,1,0.0,72.0
search engine optimization mesa,bra,0,1,0.0,84.0
search engine optimization mesa,usa,0,1,0.0,83.0
search engine optimization northern arizona,usa,0,2,0.0,95.5
search engine optimization phoenix,bel,0,1,0.0,90.0
search engine optimization phoenix,bgr,0,1,0.0,97.0
search engine optimization phoenix,bra,0,4,0.0,94.75
search engine optimization phoenix,col,0,1,0.0,94.0
search engine optimization phoenix,esp,0,1,0.0,101.0
search engine optimization phoenix,kor,0,1,0.0,94.0
search engine optimization phoenix,usa,0,3,0.0,111.0
search engine optimization phoenix,vnm,0,1,0.0,90.0
search engine optimization phoenix,zaf,0,1,0.0,91.0
search engine optimization phoenix az,usa,0,2,0.0,86.0
search engine optimization scottsdale,usa,0,1,0.0,82.0
search engine optimization seo services,usa,0,1,0.0,69.0
search engine optimization services phoenix,usa,0,3,0.0,93.0
search engine optimization services sun city,usa,0,18,0.0,86.94444444444444
search engine phoenix,usa,0,31,0.0,64.64516129032259
sedona webs development,usa,0,1,0.0,46.0
selfweb inaz,usa,0,1,0.0,48.0
seo,usa,0,4,0.0,4.75
seo a-z,gbr,0,1,0.0,46.0
seo affordable organic growth phoenix arizona,usa,0,63,0.0,53.26984126984127
seo affordable organic growth phoenix az,usa,0,36,0.0,53.52777777777778
seo affordable organic growth services az,usa,0,48,0.0,69.02083333333333
seo agency,usa,0,1,0.0,28.0
seo agency arizona,alb,0,1,0.0,99.0
seo agency arizona,arg,0,4,0.0,69.75
seo agency arizona,aus,0,1,0.0,89.0
seo agency arizona,bgd,0,2,0.0,89.5
seo agency arizona,blr,0,1,0.0,41.0
seo agency arizona,bra,0,23,0.0,89.0
seo agency arizona,can,0,4,0.0,72.5
seo agency arizona,chl,0,1,0.0,91.0
seo agency arizona,deu,0,2,0.0,94.5
seo agency arizona,dom,0,2,0.0,91.0
seo agency arizona,dza,0,3,0.0,62.333333333333336
seo agency arizona,egy,0,1,0.0,99.0
seo agency arizona,esp,0,1,0.0,41.0
seo agency arizona,fra,0,3,0.0,94.66666666666667
seo agency arizona,gbr,0,8,0.0,91.5
seo agency arizona,grc,0,1,0.0,97.0
seo agency arizona,idn,0,1,0.0,48.0
seo agency arizona,ind,0,8,0.0,81.0
seo agency arizona,irl,0,1,0.0,86.0
seo agency arizona,irq,0,1,0.0,97.0
seo agency arizona,ita,0,8,0.0,89.75
seo agency arizona,ken,0,1,0.0,99.0
seo agency arizona,kgz,0,1,0.0,86.0
seo agency arizona,kor,0,10,0.0,95.5
seo agency arizona,kwt,0,1,0.0,87.0
seo agency arizona,ltu,0,2,0.0,87.5
seo agency arizona,mex,0,2,0.0,68.5
seo agency arizona,mys,0,1,0.0,93.0
seo agency arizona,npl,0,2,0.0,98.0
seo agency arizona,pak,0,2,0.0,92.5
seo agency arizona,prt,0,1,0.0,40.0
seo agency arizona,pry,0,1,0.0,91.0
seo agency arizona,pse,0,1,0.0,97.0
seo agency arizona,rus,0,8,0.0,84.25
seo agency arizona,sau,0,1,0.0,88.0
seo agency arizona,tha,0,1,0.0,100.0
seo agency arizona,tur,0,1,0.0,90.0
seo agency arizona,twn,0,1,0.0,101.0
seo agency arizona,ury,0,2,0.0,87.0
seo agency arizona,usa,0,387,0.0,83.08527131782945
seo agency arizona,uzb,0,1,0.0,54.0
seo agency arizona,vnm,0,3,0.0,80.66666666666667
seo agency arizona,zaf,0,1,0.0,93.0
seo agency chandler,usa,0,1,0.0,86.0
seo agency focused on consultants,usa,0,1,0.0,46.0
seo agency for attorneys tempe,usa,0,1,0.0,97.0
seo agency for small business,usa,0,8,0.0,75.5
seo agency gilbert az,usa,0,1,0.0,20.0
seo agency in arizona,bra,0,11,0.0,93.54545454545455
seo agency in arizona,col,0,2,0.0,91.0
seo agency in arizona,deu,0,1,0.0,95.0
seo agency in arizona,egy,0,1,0.0,99.0
seo agency in arizona,gbr,0,1,0.0,95.0
seo agency in arizona,gtm,0,1,0.0,98.0
seo agency in arizona,hun,0,1,0.0,94.0
seo agency in arizona,idn,0,3,0.0,96.0
seo agency in arizona,ind,0,5,0.0,83.8
seo agency in arizona,irq,0,1,0.0,96.0
seo agency in arizona,ita,0,1,0.0,98.0
seo agency in arizona,kgz,0,2,0.0,95.0
seo agency in arizona,kor,0,1,0.0,99.0
seo agency in arizona,lka,0,1,0.0,90.0
seo agency in arizona,mac,0,1,0.0,90.0
seo agency in arizona,mar,0,1,0.0,85.0
seo agency in arizona,nld,0,1,0.0,97.0
seo agency in arizona,pak,0,1,0.0,161.0
seo agency in arizona,phl,0,1,0.0,91.0
seo agency in arizona,pol,0,1,0.0,53.0
seo agency in arizona,rus,0,1,0.0,94.0
seo agency in arizona,sau,0,2,0.0,96.5
seo agency in arizona,tha,0,1,0.0,92.0
seo agency in arizona,ukr,0,2,0.0,88.0
seo agency in arizona,usa,0,259,0.0,63.74131274131274
seo agency in arizona,uzb,0,1,0.0,94.0
seo agency in arizona,vnm,0,5,0.0,95.6
seo agency in arizona,vut,0,1,0.0,100.0
seo agency in mesa,bgr,0,1,0.0,67.0
seo agency in mesa,bra,0,8,0.0,96.875
seo agency in mesa,brb,0,1,0.0,94.0
seo agency in mesa,ind,0,1,0.0,97.0
seo agency in mesa,pol,0,1,0.0,100.0
seo agency in mesa,tur,0,1,0.0,79.0
seo agency in mesa,twn,0,1,0.0,101.0
seo agency in mesa,usa,0,17,0.0,91.70588235294117
seo agency in mesa az,bra,0,3,0.0,93.66666666666667
seo agency in mesa az,ecu,0,1,0.0,95.0
seo agency in mesa az,egy,0,1,0.0,91.0
seo agency in mesa az,gbr,0,1,0.0,94.0
seo agency in mesa az,idn,0,2,0.0,94.5
seo agency in mesa az,ind,0,2,0.0,97.5
seo agency in mesa az,irq,0,1,0.0,96.0
seo agency in mesa az,ita,0,1,0.0,96.0
seo agency in mesa az,jpn,0,1,0.0,96.0
seo agency in mesa az,kor,0,1,0.0,80.0
seo agency in mesa az,nld,0,2,0.0,86.5
seo agency in mesa az,pak,0,1,0.0,98.0
seo agency in mesa az,rus,0,4,0.0,92.25
seo agency in mesa az,twn,0,1,0.0,81.0
seo agency in mesa az,usa,0,15,0.0,81.86666666666666
seo agency in scottsdale,usa,0,1,0.0,86.0
seo agency in tempe,bel,0,1,0.0,62.0
seo agency in tempe,bra,0,2,0.0,110.5
seo agency in tempe,dza,0,1,0.0,66.0
seo agency in tempe,ecu,0,1,0.0,102.0
seo agency in tempe,esp,0,1,0.0,90.0
seo agency in tempe,gbr,0,1,0.0,81.0
seo agency in tempe,ita,0,1,0.0,69.0
seo agency in tempe,ltu,0,1,0.0,101.0
seo agency in tempe,phl,0,1,0.0,108.0
seo agency in tempe,pol,0,1,0.0,66.0
seo agency in tempe,rou,0,1,0.0,41.0
seo agency in tempe,usa,0,113,0.0,68.16814159292035
seo agency mesa,are,0,1,0.0,96.0
seo agency mesa,arg,0,1,0.0,102.0
seo agency mesa,bra,0,2,0.0,100.0
seo agency mesa,cmr,0,1,0.0,100.0
seo agency mesa,hrv,0,1,0.0,105.0
seo agency mesa,pak,0,1,0.0,98.0
seo agency mesa,usa,0,9,0.0,83.11111111111111
seo agency mesa az,bra,0,1,0.0,95.0
seo agency mesa az,rus,0,1,0.0,98.0
seo agency mesa az,sgp,0,1,0.0,96.0
seo agency mesa az,tha,0,1,0.0,100.0
seo agency mesa az,usa,0,3,0.0,64.0
seo agency near me chandler az,bgd,0,1,0.0,98.0
seo agency near me chandler az,bra,0,4,0.0,96.25
seo agency near me chandler az,can,0,4,0.0,94.5
seo agency near me chandler az,chl,0,1,0.0,91.0
seo agency near me chandler az,col,0,1,0.0,90.0
seo agency near me chandler az,deu,0,1,0.0,98.0
seo agency near me chandler az,ecu,0,3,0.0,85.33333333333333
seo agency near me chandler az,gbr,0,3,0.0,91.33333333333333
seo agency near me chandler az,idn,0,1,0.0,91.0
seo agency near me chandler az,ind,0,1,0.0,98.0
seo agency near me chandler az,ita,0,1,0.0,100.0
seo agency near me chandler az,jpn,0,1,0.0,96.0
seo agency near me chandler az,ken,0,1,0.0,93.0
seo agency near me chandler az,mex,0,1,0.0,89.0
seo agency near me chandler az,tur,0,1,0.0,89.0
seo agency near me chandler az,ukr,0,1,0.0,92.0
seo agency near me chandler az,usa,0,15,0.0,93.93333333333334
seo agency near me chandler az,vnm,0,11,0.0,91.54545454545455
seo agency near me peoria az,usa,0,13,0.0,81.84615384615384
seo agency tempe,fin,0,1,0.0,57.0
seo agency tempe,usa,0,3,0.0,63.0
seo and sem marketing in az,rus,0,1,0.0,86.0
seo and sem marketing in az,usa,0,18,0.0,93.16666666666667
"seo and web design services gilbert, az",usa,0,29,0.0,27.0
seo and website developers ahwatukee,usa,0,17,0.0,60.294117647058826
seo and wordpress website development phoenix,bfa,0,1,0.0,85.0
seo arizona,alb,0,1,0.0,61.0
seo arizona,arg,0,4,0.0,77.75
seo arizona,aus,0,4,0.0,71.0
seo arizona,bel,0,1,0.0,65.0
seo arizona,bgd,0,3,0.0,65.0
seo arizona,blr,0,3,0.0,57.333333333333336
seo arizona,bra,0,46,0.0,71.93478260869566
seo arizona,can,0,7,0.0,75.57142857142857
seo arizona,col,0,3,0.0,54.666666666666664
seo arizona,cri,0,1,0.0,76.0
seo arizona,cyp,0,1,0.0,87.0
seo arizona,deu,0,2,0.0,80.0
seo arizona,dom,0,1,0.0,76.0
seo arizona,dza,0,1,0.0,65.0
seo arizona,ecu,0,1,0.0,69.0
seo arizona,egy,0,4,0.0,84.75
seo arizona,esp,0,3,0.0,74.33333333333333
seo arizona,fra,0,3,0.0,61.0
seo arizona,gbr,0,23,0.0,67.6086956521739
seo arizona,grc,0,2,0.0,80.5
seo arizona,gtm,0,1,0.0,65.0
seo arizona,hun,0,1,0.0,52.0
seo arizona,idn,0,4,0.0,75.25
seo arizona,ind,0,12,0.0,65.75
seo arizona,irl,0,1,0.0,86.0
seo arizona,irn,0,2,0.0,64.5
seo arizona,irq,0,1,0.0,83.0
seo arizona,isr,0,1,0.0,88.0
seo arizona,ita,0,21,0.0,70.80952380952381
seo arizona,jor,0,1,0.0,23.0
seo arizona,kaz,0,2,0.0,68.0
seo arizona,ken,0,2,0.0,67.0
seo arizona,kor,0,4,0.0,77.0
seo arizona,mar,0,2,0.0,79.0
seo arizona,mex,0,5,0.0,64.0
seo arizona,mli,0,1,0.0,64.0
seo arizona,mys,0,4,0.0,79.0
seo arizona,nic,0,1,0.0,65.0
seo arizona,nld,0,1,0.0,91.0
seo arizona,npl,0,4,0.0,80.0
seo arizona,omn,0,1,0.0,78.0
seo arizona,pak,0,1,0.0,99.0
seo arizona,per,0,2,0.0,87.5
seo arizona,phl,0,2,0.0,45.5
seo arizona,pol,0,1,0.0,64.0
seo arizona,pry,0,1,0.0,88.0
seo arizona,rus,0,4,0.0,78.75
seo arizona,sau,0,3,0.0,70.66666666666667
seo arizona,swe,0,2,0.0,84.0
seo arizona,tun,0,2,0.0,84.5
seo arizona,tur,0,3,0.0,72.33333333333333
seo arizona,tza,0,1,0.0,64.0
seo arizona,ukr,0,2,0.0,60.5
seo arizona,usa,0,764,0.0,66.64005235602095
seo arizona,uzb,0,2,0.0,75.0
seo arizona,ven,0,1,0.0,62.0
seo arizona,vnm,0,9,0.0,66.22222222222223
seo arizona,zaf,0,2,0.0,76.5
seo audit phoenix,ind,0,1,0.0,87.0
seo audit phoenix,qat,0,1,0.0,57.0
seo audit service near me,usa,0,1,0.0,9.0
seo avondale az,idn,0,1,0.0,75.0
seo avondale az,rus,0,1,0.0,99.0
seo avondale az,usa,0,6,0.0,35.5
seo avondale az,vnm,0,1,0.0,55.0
seo az,arg,0,1,0.0,93.0
seo az,gbr,0,4,0.0,49.0
seo az,hun,0,1,0.0,55.0
seo az,idn,0,1,0.0,94.0
seo az,ita,0,2,0.0,76.0
seo az,kor,0,1,0.0,94.0
seo az,rou,0,1,0.0,92.0
seo az,twn,0,1,0.0,96.0
seo az,usa,0,89,0.0,55.258426966292134
seo chandler,idn,0,1,0.0,81.0
seo chandler,usa,0,2,0.0,60.5
seo chandler,zaf,0,1,0.0,90.0
seo chandler az,bra,0,1,0.0,40.0
seo chandler az,vnm,0,2,0.0,91.0
seo cheap organic growth arizona,usa,0,152,0.0,48.328947368421055
seo cheap organic growth in az,usa,0,388,0.0,41.54896907216495
seo cheap organic growth phoenix arizona,usa,0,39,0.0,48.82051282051282
seo cheap organic growth services az,usa,0,1,0.0,96.0
seo companies arizona,are,0,1,0.0,83.0
seo companies arizona,arm,0,1,0.0,83.0
seo companies arizona,bgd,0,1,0.0,95.0
seo companies arizona,blr,0,1,0.0,87.0
seo companies arizona,bra,0,3,0.0,90.0
seo companies arizona,col,0,1,0.0,68.0
seo companies arizona,dom,0,1,0.0,84.0
seo companies arizona,dza,0,1,0.0,83.0
seo companies arizona,esp,0,2,0.0,86.0
seo companies arizona,gbr,0,1,0.0,65.0
seo companies arizona,grc,0,2,0.0,66.0
seo companies arizona,ind,0,5,0.0,86.0
seo companies arizona,irl,0,1,0.0,70.0
seo companies arizona,jpn,0,1,0.0,96.0
seo companies arizona,kaz,0,1,0.0,88.0
seo companies arizona,ken,0,1,0.0,90.0
seo companies arizona,mex,0,4,0.0,87.5
seo companies arizona,pak,0,1,0.0,84.0
seo companies arizona,png,0,1,0.0,80.0
seo companies arizona,pol,0,1,0.0,52.0
seo companies arizona,rus,0,3,0.0,89.66666666666667
seo companies arizona,sau,0,1,0.0,70.0
seo companies arizona,tha,0,1,0.0,80.0
seo companies arizona,tto,0,1,0.0,73.0
seo companies arizona,tza,0,1,0.0,85.0
seo companies arizona,usa,0,364,0.0,65.57967032967034
seo companies arizona,zaf,0,2,0.0,92.0
seo companies arizona,zzz,0,1,0.0,73.0
seo companies az,gbr,0,1,0.0,49.0
seo companies az,usa,0,1,0.0,64.0
seo companies in arizona,are,0,1,0.0,81.0
seo companies in arizona,arg,0,2,0.0,68.5
seo companies in arizona,bgr,0,1,0.0,78.0
seo companies in arizona,blr,0,1,0.0,47.0
seo companies in arizona,civ,0,1,0.0,60.0
seo companies in arizona,egy,0,1,0.0,77.0
seo companies in arizona,eth,0,1,0.0,83.0
seo companies in arizona,fra,0,1,0.0,45.0
seo companies in arizona,gbr,0,2,0.0,53.5
seo companies in arizona,hrv,0,1,0.0,83.0
seo companies in arizona,idn,0,3,0.0,73.33333333333333
seo companies in arizona,ind,0,1,0.0,80.0
seo companies in arizona,kaz,0,1,0.0,74.0
seo companies in arizona,khm,0,1,0.0,82.0
seo companies in arizona,lka,0,1,0.0,85.0
seo companies in arizona,mex,0,1,0.0,97.0
seo companies in arizona,mys,0,1,0.0,84.0
seo companies in arizona,pak,0,1,0.0,67.0
seo companies in arizona,per,0,1,0.0,83.0
seo companies in arizona,pol,0,2,0.0,87.0
seo companies in arizona,pry,0,1,0.0,42.0
seo companies in arizona,sau,0,1,0.0,92.0
seo companies in arizona,twn,0,2,0.0,83.5
seo companies in arizona,ukr,0,1,0.0,96.0
seo companies in arizona,usa,0,155,0.0,70.8
seo companies in arizona,vnm,0,1,0.0,89.0
seo companies in chandler,gbr,0,1,0.0,93.0
seo companies in chandler,rus,0,1,0.0,98.0
seo companies in chandler,usa,0,1,0.0,99.0
seo companies in chandler,zzz,0,1,0.0,90.0
seo companies in peoria az,usa,0,2,0.0,66.0
"seo companies scottsdale, az",usa,0,1,0.0,99.0
seo company,usa,0,12,0.0,28.833333333333332
seo company arizona,are,0,1,0.0,96.0
seo company arizona,arg,0,1,0.0,60.0
seo company arizona,bgd,0,3,0.0,85.0
seo company arizona,blr,0,1,0.0,47.0
seo company arizona,bra,0,18,0.0,90.22222222222223
seo company arizona,chl,0,1,0.0,76.0
seo company arizona,col,0,2,0.0,92.0
seo company arizona,deu,0,16,0.0,51.125
seo company arizona,ecu,0,1,0.0,99.0
seo company arizona,egy,0,1,0.0,97.0
seo company arizona,fra,0,2,0.0,97.0
seo company arizona,gbr,0,13,0.0,78.07692307692308
seo company arizona,hkg,0,1,0.0,87.0
seo company arizona,idn,0,3,0.0,78.66666666666667
seo company arizona,ind,0,5,0.0,83.8
seo company arizona,irl,0,2,0.0,56.0
seo company arizona,ita,0,3,0.0,89.33333333333333
seo company arizona,jpn,0,1,0.0,92.0
seo company arizona,kaz,0,1,0.0,92.0
seo company arizona,kor,0,1,0.0,86.0
seo company arizona,ltu,0,1,0.0,51.0
seo company arizona,mar,0,2,0.0,91.0
seo company arizona,mex,0,2,0.0,94.5
seo company arizona,mys,0,1,0.0,94.0
seo company arizona,nga,0,1,0.0,93.0
seo company arizona,nor,0,1,0.0,90.0
seo company arizona,pak,0,1,0.0,57.0
seo company arizona,pan,0,1,0.0,96.0
seo company arizona,phl,0,6,0.0,86.33333333333333
seo company arizona,rou,0,1,0.0,92.0
seo company arizona,rus,0,6,0.0,73.66666666666667
seo company arizona,rwa,0,1,0.0,92.0
seo company arizona,sau,0,1,0.0,92.0
seo company arizona,svn,0,1,0.0,86.0
seo company arizona,swe,0,1,0.0,34.0
seo company arizona,tha,0,1,0.0,46.0
seo company arizona,twn,0,1,0.0,90.0
seo company arizona,ukr,0,2,0.0,91.0
seo company arizona,usa,0,375,0.0,79.39733333333334
seo company arizona,ven,0,3,0.0,73.0
seo company arizona,vnm,0,4,0.0,88.25
seo company arizona,zzz,0,1,0.0,94.0
seo company az,can,0,1,0.0,99.0
seo company az,gbr,0,2,0.0,48.5
seo company az,irl,0,1,0.0,92.0
seo company az,prt,0,1,0.0,81.0
seo company az,sau,0,1,0.0,101.0
seo company az,usa,0,34,0.0,58.8235294117647
seo company benson az,usa,0,6,0.0,80.33333333333333
seo company cave creek,usa,0,4,0.0,63.75
seo company chandler,gbr,0,1,0.0,94.0
seo company chandler,grc,0,1,0.0,100.0
seo company chandler,ind,0,1,0.0,93.0
seo company chandler,kor,0,1,0.0,96.0
seo company chandler az,usa,0,1,0.0,95.0
seo company chandler az,ven,0,1,0.0,86.0
seo company for attorneys tempe,usa,0,4,0.0,60.5
seo company in arizona,ago,0,1,0.0,94.0
seo company in arizona,arg,0,2,0.0,66.5
seo company in arizona,arm,0,1,0.0,49.0
seo company in arizona,bgd,0,2,0.0,93.0
seo company in arizona,bgr,0,1,0.0,96.0
seo company in arizona,bra,0,18,0.0,89.55555555555556
seo company in arizona,can,0,5,0.0,94.0
seo company in arizona,chl,0,1,0.0,92.0
seo company in arizona,cod,0,1,0.0,86.0
seo company in arizona,col,0,1,0.0,85.0
seo company in arizona,deu,0,8,0.0,79.125
seo company in arizona,dza,0,1,0.0,97.0
seo company in arizona,egy,0,2,0.0,88.0
seo company in arizona,esp,0,2,0.0,97.5
seo company in arizona,gbr,0,10,0.0,81.6
seo company in arizona,guy,0,1,0.0,46.0
seo company in arizona,hkg,0,2,0.0,80.5
seo company in arizona,idn,0,4,0.0,96.5
seo company in arizona,irn,0,2,0.0,88.5
seo company in arizona,irq,0,2,0.0,92.5
seo company in arizona,isr,0,2,0.0,94.5
seo company in arizona,ita,0,2,0.0,97.5
seo company in arizona,jam,0,1,0.0,96.0
seo company in arizona,jpn,0,1,0.0,87.0
seo company in arizona,kor,0,3,0.0,86.33333333333333
seo company in arizona,ltu,0,1,0.0,95.0
seo company in arizona,mar,0,3,0.0,74.0
seo company in arizona,mex,0,4,0.0,86.75
seo company in arizona,mys,0,1,0.0,85.0
seo company in arizona,nzl,0,1,0.0,91.0
seo company in arizona,pak,0,5,0.0,88.0
seo company in arizona,phl,0,3,0.0,89.66666666666667
seo company in arizona,pol,0,1,0.0,87.0
seo company in arizona,pry,0,1,0.0,97.0
seo company in arizona,rou,0,1,0.0,94.0
seo company in arizona,rus,0,3,0.0,91.0
seo company in arizona,sau,0,1,0.0,91.0
seo company in arizona,tha,0,1,0.0,84.0
seo company in arizona,tur,0,1,0.0,84.0
seo company in arizona,twn,0,2,0.0,94.0
seo company in arizona,ukr,0,4,0.0,79.25
seo company in arizona,usa,0,568,0.0,79.62147887323944
seo company in arizona,uzb,0,1,0.0,91.0
seo company in arizona,vnm,0,11,0.0,87.18181818181819
seo company in arizona,zaf,0,3,0.0,74.33333333333333
seo company in arizona,zzz,0,1,0.0,94.0
seo company in arozona,bel,0,1,0.0,95.0
seo company in arozona,blr,0,1,0.0,94.0
seo company in arozona,can,0,2,0.0,91.0
seo company in arozona,chl,0,1,0.0,97.0
seo company in arozona,deu,0,1,0.0,91.0
seo company in arozona,dnk,0,1,0.0,89.0
seo company in arozona,fra,0,1,0.0,97.0
seo company in arozona,gbr,0,2,0.0,94.0
seo company in arozona,ind,0,3,0.0,91.0
seo company in arozona,jam,0,1,0.0,94.0
seo company in arozona,jpn,0,1,0.0,87.0
seo company in arozona,mex,0,1,0.0,91.0
seo company in arozona,mmr,0,1,0.0,97.0
seo company in arozona,per,0,3,0.0,93.0
seo company in arozona,phl,0,1,0.0,89.0
seo company in arozona,qat,0,1,0.0,97.0
seo company in arozona,rus,0,2,0.0,93.0
seo company in arozona,tha,0,1,0.0,82.0
seo company in arozona,ukr,0,1,0.0,91.0
seo company in arozona,usa,0,212,0.0,87.95283018867924
seo company in arozona,vnm,0,2,0.0,91.0
seo company in chandler,arg,0,1,0.0,97.0
seo company in chandler,aus,0,1,0.0,101.0
seo company in chandler,bra,0,1,0.0,93.0
seo company in chandler,can,0,1,0.0,103.0
seo company in chandler,col,0,1,0.0,99.0
seo company in chandler,esp,0,1,0.0,101.0
seo company in chandler,ita,0,1,0.0,97.0
seo company in chandler,rus,0,2,0.0,89.5
seo company in chandler,tha,0,1,0.0,100.0
seo company in chandler,usa,0,7,0.0,82.14285714285714
seo company in chandler az,che,0,1,0.0,80.0
seo company in chandler az,gbr,0,2,0.0,100.5
seo company in chandler az,ita,0,1,0.0,87.0
seo company in chandler az,usa,0,21,0.0,93.47619047619048
seo company in chandler az,vnm,0,1,0.0,98.0
seo company in mesa,are,0,1,0.0,96.0
seo company in mesa,arg,0,1,0.0,101.0
seo company in mesa,aus,0,1,0.0,101.0
seo company in mesa,bol,0,1,0.0,98.0
seo company in mesa,bra,0,17,0.0,94.52941176470588
seo company in mesa,brb,0,1,0.0,96.0
seo company in mesa,can,0,2,0.0,96.0
seo company in mesa,deu,0,2,0.0,96.5
seo company in mesa,dza,0,2,0.0,82.0
seo company in mesa,ecu,0,1,0.0,92.0
seo company in mesa,egy,0,1,0.0,95.0
seo company in mesa,esp,0,1,0.0,96.0
seo company in mesa,fra,0,1,0.0,92.0
seo company in mesa,gbr,0,3,0.0,97.33333333333333
seo company in mesa,ind,0,3,0.0,94.0
seo company in mesa,ita,0,1,0.0,98.0
seo company in mesa,jpn,0,1,0.0,95.0
seo company in mesa,kaz,0,1,0.0,99.0
seo company in mesa,kor,0,6,0.0,90.16666666666667
seo company in mesa,ltu,0,1,0.0,94.0
seo company in mesa,mar,0,2,0.0,96.5
seo company in mesa,mys,0,2,0.0,98.0
seo company in mesa,phl,0,3,0.0,87.33333333333333
seo company in mesa,prt,0,1,0.0,98.0
seo company in mesa,rus,0,5,0.0,97.0
seo company in mesa,sau,0,2,0.0,95.0
seo company in mesa,sgp,0,1,0.0,99.0
seo company in mesa,tur,0,1,0.0,93.0
seo company in mesa,twn,0,1,0.0,96.0
seo company in mesa,ukr,0,2,0.0,97.5
seo company in mesa,usa,0,42,0.0,79.42857142857143
seo company in mesa,ven,0,1,0.0,99.0
seo company in mesa,vnm,0,5,0.0,93.0
seo company in mesa,zaf,0,2,0.0,96.0
seo company in mesa,zzz,0,2,0.0,94.5
seo company in phoenix arizona,bra,0,1,0.0,73.0
seo company in phoenix arizona,gbr,0,1,0.0,72.0
seo company in scottsdale,usa,0,1,0.0,89.0
seo company maricopa county,usa,0,7,0.0,70.71428571428571
seo company mesa,aus,0,1,0.0,100.0
seo company mesa,bel,0,1,0.0,101.0
seo company mesa,bgd,0,2,0.0,96.5
seo company mesa,bra,0,6,0.0,95.16666666666667
seo company mesa,can,0,1,0.0,99.0
seo company mesa,civ,0,1,0.0,102.0
seo company mesa,deu,0,1,0.0,98.0
seo company mesa,egy,0,3,0.0,99.0
seo company mesa,esp,0,3,0.0,97.66666666666667
seo company mesa,fra,0,1,0.0,76.0
seo company mesa,gbr,0,5,0.0,91.0
seo company mesa,grc,0,1,0.0,96.0
seo company mesa,ind,0,2,0.0,98.5
seo company mesa,irq,0,1,0.0,99.0
seo company mesa,ita,0,1,0.0,108.0
seo company mesa,jam,0,1,0.0,101.0
seo company mesa,jpn,0,1,0.0,98.0
seo company mesa,ken,0,1,0.0,97.0
seo company mesa,kor,0,6,0.0,91.0
seo company mesa,mex,0,1,0.0,99.0
seo company mesa,pol,0,2,0.0,88.5
seo company mesa,pse,0,1,0.0,101.0
seo company mesa,rou,0,1,0.0,99.0
seo company mesa,rus,0,2,0.0,97.0
seo company mesa,sau,0,2,0.0,91.0
seo company mesa,tha,0,1,0.0,95.0
seo company mesa,twn,0,4,0.0,91.5
seo company mesa,usa,0,9,0.0,94.33333333333333
seo company mesa,uzb,0,2,0.0,100.5
seo company mesa,vnm,0,3,0.0,95.33333333333333
seo company mesa,zaf,0,2,0.0,80.0
seo company mesa arizona,bgr,0,1,0.0,101.0
seo company mesa arizona,bhs,0,1,0.0,102.0
seo company mesa arizona,bih,0,1,0.0,88.0
seo company mesa arizona,bmu,0,1,0.0,102.0
seo company mesa arizona,bra,0,3,0.0,100.0
seo company mesa arizona,can,0,2,0.0,85.0
seo company mesa arizona,deu,0,1,0.0,92.0
seo company mesa arizona,dom,0,1,0.0,90.0
seo company mesa arizona,esp,0,1,0.0,92.0
seo company mesa arizona,gbr,0,9,0.0,93.77777777777777
seo company mesa arizona,grc,0,1,0.0,60.0
seo company mesa arizona,ind,0,3,0.0,100.0
seo company mesa arizona,ita,0,3,0.0,97.0
seo company mesa arizona,kor,0,3,0.0,99.0
seo company mesa arizona,mar,0,1,0.0,87.0
seo company mesa arizona,mex,0,1,0.0,100.0
seo company mesa arizona,nld,0,3,0.0,100.0
seo company mesa arizona,nor,0,1,0.0,86.0
seo company mesa arizona,npl,0,1,0.0,97.0
seo company mesa arizona,nzl,0,1,0.0,90.0
seo company mesa arizona,rus,0,3,0.0,90.66666666666667
seo company mesa arizona,tgo,0,1,0.0,73.0
seo company mesa arizona,tto,0,2,0.0,101.0
seo company mesa arizona,tun,0,1,0.0,100.0
seo company mesa arizona,tur,0,1,0.0,101.0
seo company mesa arizona,ury,0,1,0.0,85.0
seo company mesa arizona,usa,0,48,0.0,82.95833333333333
seo company mesa arizona,vnm,0,2,0.0,96.5
seo company mesa arizona,zzz,0,1,0.0,101.0
seo company mesa az,are,0,1,0.0,98.0
seo company mesa az,arg,0,2,0.0,89.0
seo company mesa az,aus,0,1,0.0,95.0
seo company mesa az,aze,0,1,0.0,98.0
seo company mesa az,bel,0,1,0.0,99.0
seo company mesa az,bgd,0,1,0.0,95.0
seo company mesa az,bgr,0,1,0.0,99.0
seo company mesa az,bhr,0,1,0.0,100.0
seo company mesa az,blr,0,1,0.0,98.0
seo company mesa az,bra,0,18,0.0,95.72222222222223
seo company mesa az,brn,0,1,0.0,96.0
seo company mesa az,can,0,3,0.0,97.33333333333333
seo company mesa az,col,0,1,0.0,96.0
seo company mesa az,deu,0,3,0.0,91.66666666666667
seo company mesa az,dom,0,1,0.0,98.0
seo company mesa az,egy,0,1,0.0,99.0
seo company mesa az,esp,0,1,0.0,87.0
seo company mesa az,eth,0,1,0.0,98.0
seo company mesa az,fin,0,1,0.0,63.0
seo company mesa az,fra,0,1,0.0,94.0
seo company mesa az,gbr,0,16,0.0,93.375
seo company mesa az,geo,0,1,0.0,95.0
seo company mesa az,grc,0,1,0.0,101.0
seo company mesa az,gtm,0,2,0.0,95.5
seo company mesa az,hun,0,2,0.0,90.5
seo company mesa az,idn,0,3,0.0,93.33333333333333
seo company mesa az,ind,0,16,0.0,93.125
seo company mesa az,isr,0,2,0.0,94.0
seo company mesa az,ita,0,16,0.0,91.75
seo company mesa az,kaz,0,2,0.0,96.5
seo company mesa az,kor,0,1,0.0,97.0
seo company mesa az,ltu,0,3,0.0,84.66666666666667
seo company mesa az,mar,0,1,0.0,93.0
seo company mesa az,mex,0,4,0.0,96.0
seo company mesa az,mys,0,2,0.0,98.5
seo company mesa az,nld,0,1,0.0,97.0
seo company mesa az,pak,0,1,0.0,96.0
seo company mesa az,phl,0,2,0.0,91.5
seo company mesa az,rus,0,2,0.0,94.0
seo company mesa az,sau,0,1,0.0,96.0
seo company mesa az,tha,0,1,0.0,94.0
seo company mesa az,tur,0,1,0.0,91.0
seo company mesa az,ukr,0,1,0.0,98.0
seo company mesa az,usa,0,90,0.0,87.13333333333334
seo company mesa az,uzb,0,2,0.0,94.5
seo company mesa az,ven,0,1,0.0,83.0
seo company mesa az,vnm,0,6,0.0,91.83333333333333
seo company mesa az,zaf,0,1,0.0,100.0
seo company near me,usa,0,13,0.0,17.53846153846154
seo company near sun city az,usa,0,1,0.0,73.0
seo company phoenix az,usa,0,2,0.0,88.0
seo company pinetop lakeside,usa,0,2,0.0,55.5
seo company price comparison arizona,ago,0,1,0.0,29.0
seo company price comparison arizona,arg,0,3,0.0,25.0
seo company price comparison arizona,aus,0,2,0.0,31.5
seo company price comparison arizona,bgr,0,2,0.0,26.0
seo company price comparison arizona,bhs,0,1,0.0,26.0
seo company price comparison arizona,blr,0,1,0.0,23.0
seo company price comparison arizona,bra,0,6,0.0,23.5
seo company price comparison arizona,can,0,2,0.0,27.0
seo company price comparison arizona,chl,0,2,0.0,30.0
seo company price comparison arizona,deu,0,1,0.0,26.0
seo company price comparison arizona,dza,0,1,0.0,35.0
seo company price comparison arizona,egy,0,1,0.0,43.0
seo company price comparison arizona,fra,0,1,0.0,23.0
seo company price comparison arizona,gbr,0,6,0.0,28.5
seo company price comparison arizona,hkg,0,1,0.0,26.0
seo company price comparison arizona,ind,0,7,0.0,26.571428571428573
seo company price comparison arizona,ita,0,1,0.0,26.0
seo company price comparison arizona,kaz,0,2,0.0,24.0
seo company price comparison arizona,kwt,0,1,0.0,24.0
seo company price comparison arizona,mar,0,1,0.0,26.0
seo company price comparison arizona,mda,0,1,0.0,28.0
seo company price comparison arizona,mex,0,5,0.0,23.0
seo company price comparison arizona,mmr,0,1,0.0,36.0
seo company price comparison arizona,mys,0,1,0.0,11.0
seo company price comparison arizona,nld,0,2,0.0,27.0
seo company price comparison arizona,pak,0,1,0.0,26.0
seo company price comparison arizona,phl,0,3,0.0,21.666666666666668
seo company price comparison arizona,rou,0,2,0.0,27.0
seo company price comparison arizona,rus,0,10,0.0,24.3
seo company price comparison arizona,srb,0,1,0.0,34.0
seo company price comparison arizona,tha,0,2,0.0,23.0
seo company price comparison arizona,usa,0,569,0.0,20.87170474516696
seo company price comparison arizona,vnm,0,1,0.0,35.0
seo company price comparison arizona,zaf,0,1,0.0,25.0
seo company scottsdale az,usa,0,1,0.0,119.0
seo company services az,deu,0,1,0.0,100.0
seo company services az,gbr,0,3,0.0,47.333333333333336
seo company services az,usa,0,238,0.0,65.15126050420169
seo company tempe,kgz,0,1,0.0,78.0
seo company tempe,usa,0,47,0.0,83.72340425531915
seo company tempe az,usa,0,2,0.0,59.5
seo company tempe az,vnm,0,2,0.0,61.5
seo company wickenburg,usa,0,1,0.0,85.0
seo company winkelman az,usa,0,42,0.0,89.16666666666667
seo company wittmann az,arg,0,1,0.0,38.0
seo consultant,usa,0,8,0.0,41.125
seo consultant arizona,egy,0,1,0.0,46.0
seo consultant arizona,usa,0,18,0.0,31.833333333333332
seo consultant in arizona,gbr,0,1,0.0,38.0
seo consultant in mesa,arg,0,1,0.0,98.0
seo consultant in mesa,bgr,0,1,0.0,90.0
seo consultant in mesa,bra,0,1,0.0,85.0
seo consultant in mesa,ecu,0,1,0.0,113.0
seo consultant in mesa,usa,0,84,0.0,62.5
seo consultant mesa,bra,0,1,0.0,51.0
seo consultant mesa,nld,0,1,0.0,90.0
seo consultant mesa,rus,0,2,0.0,97.5
seo consultant mesa,syr,0,1,0.0,100.0
seo consultant mesa,tur,0,1,0.0,53.0
seo consultant mesa,usa,0,25,0.0,58.0
seo consultant phoenix,aut,0,1,0.0,96.0
seo consultant phoenix,bra,0,1,0.0,92.0
seo consultant phoenix,nld,0,1,0.0,91.0
seo consultant phoenix,ukr,0,1,0.0,78.0
seo consultant phoenix,usa,0,6,0.0,74.66666666666667
seo consultant phoenix,vnm,0,1,0.0,63.0
seo consultant phoenix az,usa,0,1,0.0,79.0
seo consultant scottsdale,bra,0,2,0.0,92.5
seo consultant scottsdale,usa,0,1,0.0,96.0
"seo consultants gilbert, az",usa,0,3,0.0,41.0
seo consultants phoenix,irl,0,1,0.0,96.0
seo consulting,usa,0,1,0.0,51.0
seo consulting arizona,blr,0,2,0.0,18.5
seo consulting arizona,usa,0,347,0.0,60.89625360230548
seo consulting arizona,ven,0,1,0.0,67.0
seo consulting az,bra,0,1,0.0,92.0
seo consulting az,civ,0,1,0.0,83.0
seo consulting az,usa,0,331,0.0,59.096676737160124
seo consulting az,ven,0,1,0.0,88.0
seo consulting phoenix,bih,0,1,0.0,97.0
seo consulting phoenix,bra,0,1,0.0,102.0
seo consulting phoenix,deu,0,1,0.0,100.0
seo consulting phoenix,gbr,0,2,0.0,96.5
seo consulting phoenix,ind,0,1,0.0,97.0
seo consulting phoenix,ita,0,2,0.0,94.5
seo consulting phoenix,jam,0,1,0.0,96.0
seo consulting phoenix,kor,0,1,0.0,96.0
seo consulting phoenix,lby,0,1,0.0,101.0
seo consulting phoenix,pak,0,1,0.0,102.0
seo consulting phoenix,rou,0,1,0.0,96.0
seo consulting phoenix,rus,0,1,0.0,99.0
seo consulting phoenix,tur,0,1,0.0,98.0
seo consulting phoenix,usa,0,17,0.0,98.11764705882354
seo consulting phoenix,vnm,0,1,0.0,93.0
seo consulting phoenix arizona,usa,0,7,0.0,93.14285714285714
seo consulting phoenix az,usa,0,4,0.0,97.25
seo consulting scottsdale,usa,0,21,0.0,93.52380952380952
seo consulting scottsdale az,usa,0,36,0.0,92.13888888888889
"seo content creation gilbert, az",usa,0,13,0.0,17.923076923076923
seo cost phoenix,fra,0,1,0.0,25.0
seo cost phoenix,gbr,0,2,0.0,22.5
seo cost phoenix,usa,0,319,0.0,23.57680250783699
seo developer,usa,0,1,0.0,7.0
seo developers,usa,0,1,0.0,3.0
seo digital marketing company arizona,usa,0,7,0.0,77.14285714285714
seo expert arizona,arg,0,1,0.0,68.0
seo expert arizona,aus,0,1,0.0,84.0
seo expert arizona,bra,0,14,0.0,76.85714285714286
seo expert arizona,can,0,1,0.0,45.0
seo expert arizona,col,0,1,0.0,43.0
seo expert arizona,cri,0,1,0.0,61.0
seo expert arizona,deu,0,1,0.0,83.0
seo expert arizona,egy,0,2,0.0,74.0
seo expert arizona,esp,0,1,0.0,65.0
seo expert arizona,eth,0,1,0.0,85.0
seo expert arizona,gbr,0,3,0.0,61.666666666666664
seo expert arizona,idn,0,1,0.0,87.0
seo expert arizona,ind,0,6,0.0,70.5
seo expert arizona,irn,0,1,0.0,72.0
seo expert arizona,irq,0,1,0.0,75.0
seo expert arizona,jpn,0,1,0.0,83.0
seo expert arizona,kor,0,7,0.0,79.42857142857143
seo expert arizona,mex,0,1,0.0,47.0
seo expert arizona,rus,0,3,0.0,76.33333333333333
seo expert arizona,srb,0,1,0.0,78.0
seo expert arizona,tur,0,2,0.0,70.0
seo expert arizona,twn,0,1,0.0,85.0
seo expert arizona,ukr,0,2,0.0,84.0
seo expert arizona,usa,0,69,0.0,51.82608695652174
seo expert arizona,vnm,0,2,0.0,55.5
seo expert arizona,zaf,0,2,0.0,74.0
seo expert for lawyers tempe,usa,0,1,0.0,82.0
seo expert in arizona,bra,0,2,0.0,48.0
seo expert in arizona,gbr,0,1,0.0,48.0
seo expert in arizona,jpn,0,1,0.0,48.0
seo expert in arizona,usa,0,11,0.0,38.18181818181818
seo expert phoenix,bra,0,2,0.0,74.5
seo expert phoenix,jpn,0,1,0.0,82.0
seo expert phoenix,phl,0,1,0.0,73.0
seo expert phoenix,rus,0,2,0.0,82.0
seo expert phoenix,usa,0,5,0.0,61.2
seo expert phoenix,uzb,0,1,0.0,75.0
seo experts in sun city,usa,0,1,0.0,33.0
seo experts phoenix,ltu,0,1,0.0,71.0
seo experts phoenix,usa,0,4,0.0,81.5
seo experts scottsdale,bra,0,2,0.0,80.0
seo experts scottsdale,col,0,1,0.0,96.0
seo experts scottsdale,sau,0,1,0.0,85.0
seo experts scottsdale,usa,0,2,0.0,78.5
seo experts sun city az,usa,0,3,0.0,90.33333333333333
seo experts web design arizona,dom,0,1,0.0,41.0
seo experts web design arizona,gbr,0,2,0.0,28.5
seo experts web design arizona,idn,0,1,0.0,38.0
seo experts web design arizona,usa,0,7,0.0,42.714285714285715
seo experts web design arizona,vnm,0,1,0.0,21.0
seo firm arizona,gbr,0,1,0.0,52.0
seo firm arizona,usa,0,1,0.0,63.0
seo firm in arizona,usa,0,16,0.0,57.5
seo for attorneys in tempe,usa,0,1,0.0,66.0
seo for cbd tempe,fra,0,1,0.0,60.0
seo for home services arizona,usa,0,142,0.0,70.0
seo for law firms in tempe,usa,0,1,0.0,97.0
seo growth arizona,usa,0,171,0.0,37.04093567251462
seo growth cheap organic arizona,bgr,0,1,0.0,10.0
seo growth cheap organic arizona,bra,0,1,0.0,10.0
seo growth cheap organic arizona,can,0,1,0.0,8.0
seo growth cheap organic arizona,cri,0,1,0.0,5.0
seo growth cheap organic arizona,cze,0,1,0.0,10.0
seo growth cheap organic arizona,eth,0,1,0.0,10.0
seo growth cheap organic arizona,gbr,0,3,0.0,7.333333333333333
seo growth cheap organic arizona,gib,0,1,0.0,7.0
seo growth cheap organic arizona,hnd,0,1,0.0,8.0
seo growth cheap organic arizona,ind,0,1,0.0,6.0
seo growth cheap organic arizona,ltu,0,1,0.0,11.0
seo growth cheap organic arizona,mex,0,3,0.0,10.333333333333334
seo growth cheap organic arizona,pry,0,1,0.0,10.0
seo growth cheap organic arizona,ury,0,1,0.0,8.0
seo growth cheap organic arizona,usa,0,206,0.0,38.0
seo growth cheap organic az,mex,0,1,0.0,9.0
seo growth cheap organic az,usa,0,156,0.0,32.32051282051282
seo growth cheap organic phoenix arizona,gbr,0,1,0.0,10.0
seo growth cheap organic phoenix arizona,usa,0,177,0.0,36.35028248587571
seo growth cheap organic phoenix az,usa,0,5,0.0,79.6
seo growth organic arizona,usa,0,13,0.0,78.92307692307692
seo growth organic az,usa,0,12,0.0,66.75
seo growth organic in arizona,usa,0,4,0.0,95.25
seo growth organic in az,usa,0,1,0.0,77.0
seo growth phoenix arizona,usa,0,13,0.0,19.923076923076923
seo growth service arizona,usa,0,154,0.0,62.383116883116884
seo growth service az,usa,0,186,0.0,41.1505376344086
seo guide arizona,usa,0,10,0.0,85.0
seo in arizona,bel,0,1,0.0,88.0
seo in arizona,blr,0,3,0.0,53.666666666666664
seo in arizona,bra,0,11,0.0,84.0909090909091
seo in arizona,can,0,1,0.0,91.0
seo in arizona,deu,0,4,0.0,84.75
seo in arizona,ecu,0,1,0.0,97.0
seo in arizona,egy,0,1,0.0,91.0
seo in arizona,fra,0,2,0.0,88.0
seo in arizona,gbr,0,16,0.0,65.625
seo in arizona,ind,0,3,0.0,85.0
seo in arizona,jam,0,2,0.0,82.0
seo in arizona,mex,0,1,0.0,87.0
seo in arizona,mne,0,1,0.0,94.0
seo in arizona,mys,0,2,0.0,90.0
seo in arizona,nzl,0,1,0.0,82.0
seo in arizona,rus,0,2,0.0,87.5
seo in arizona,swe,0,1,0.0,88.0
seo in arizona,tun,0,1,0.0,36.0
seo in arizona,tur,0,2,0.0,88.5
seo in arizona,usa,0,223,0.0,71.75336322869956
seo in arizona,uzb,0,1,0.0,73.0
seo in arizona,ven,0,1,0.0,87.0
seo in arizona,vnm,0,4,0.0,89.75
seo in arizona,zaf,0,1,0.0,88.0
seo in az,bra,0,3,0.0,76.0
seo in az,gbr,0,9,0.0,45.888888888888886
seo in az,mex,0,1,0.0,87.0
seo in az,phl,0,1,0.0,92.0
seo in az,prt,0,1,0.0,55.0
seo in az,sle,0,1,0.0,49.0
seo in az,svn,0,1,0.0,87.0
seo in az,usa,0,103,0.0,64.15533980582524
seo in mesa az,ago,0,1,0.0,86.0
seo in mesa az,alb,0,1,0.0,91.0
seo in mesa az,arg,0,2,0.0,83.5
seo in mesa az,bgd,0,2,0.0,78.5
seo in mesa az,bih,0,1,0.0,85.0
seo in mesa az,bra,0,11,0.0,81.0909090909091
seo in mesa az,can,0,5,0.0,82.6
seo in mesa az,che,0,1,0.0,87.0
seo in mesa az,col,0,2,0.0,78.5
seo in mesa az,deu,0,4,0.0,80.75
seo in mesa az,gbr,0,6,0.0,84.33333333333333
seo in mesa az,grc,0,1,0.0,85.0
seo in mesa az,ind,0,4,0.0,82.0
seo in mesa az,irq,0,1,0.0,93.0
seo in mesa az,ita,0,2,0.0,81.5
seo in mesa az,jpn,0,1,0.0,82.0
seo in mesa az,kaz,0,2,0.0,78.5
seo in mesa az,kor,0,4,0.0,92.0
seo in mesa az,mex,0,2,0.0,89.5
seo in mesa az,mys,0,3,0.0,83.66666666666667
seo in mesa az,nld,0,1,0.0,91.0
seo in mesa az,pak,0,3,0.0,81.33333333333333
seo in mesa az,prt,0,1,0.0,78.0
seo in mesa az,rus,0,3,0.0,77.33333333333333
seo in mesa az,sau,0,1,0.0,95.0
seo in mesa az,tun,0,1,0.0,72.0
seo in mesa az,tur,0,2,0.0,77.0
seo in mesa az,usa,0,27,0.0,83.22222222222223
seo in mesa az,vnm,0,1,0.0,73.0
seo in mesa az,zaf,0,1,0.0,87.0
seo in tempe,bgd,0,1,0.0,81.0
seo in tempe,bra,0,1,0.0,83.0
seo in tempe,gbr,0,1,0.0,70.0
seo in tempe,ind,0,2,0.0,81.5
seo in tempe,usa,0,69,0.0,73.8840579710145
seo in tempe,vnm,0,1,0.0,83.0
seo internal links plugin,usa,0,3,0.0,67.33333333333333
"seo internal links wordpress,30.00,low,0,approved",are,0,2,0.0,24.5
"seo internal links wordpress,30.00,low,0,approved",fra,0,1,0.0,17.0
"seo internal links wordpress,30.00,low,0,approved",ind,0,72,0.0,42.77777777777778
"seo internal links wordpress,30.00,low,0,approved",usa,0,86,0.0,38.848837209302324
seo jobs arizona,usa,0,27,0.0,48.96296296296296
"seo link building gilbert, az",usa,0,9,0.0,11.0
seo maricopa az,usa,0,5,0.0,25.0
seo marketing agency arizona,usa,0,27,0.0,68.18518518518519
seo marketing aizona,bgr,0,1,0.0,3.0
seo marketing aizona,cze,0,1,0.0,73.0
seo marketing aizona,gbr,0,1,0.0,67.0
seo marketing aizona,grc,0,1,0.0,68.0
seo marketing aizona,usa,0,46,0.0,60.93478260869565
seo marketing arizona,usa,0,5,0.0,68.2
seo mesa,bra,0,3,0.0,99.0
seo mesa,deu,0,2,0.0,90.0
seo mesa,esp,0,1,0.0,98.0
seo mesa,fra,0,2,0.0,98.0
seo mesa,gbr,0,2,0.0,98.0
seo mesa,ind,0,1,0.0,98.0
seo mesa,ita,0,3,0.0,97.0
seo mesa,kor,0,1,0.0,98.0
seo mesa,ltu,0,1,0.0,88.0
seo mesa,mys,0,1,0.0,95.0
seo mesa,rus,0,1,0.0,98.0
seo mesa,sau,0,1,0.0,95.0
seo mesa,usa,0,9,0.0,92.55555555555556
seo mesa,ven,0,1,0.0,100.0
seo mesa,zaf,0,3,0.0,97.33333333333333
seo mesa arizona,arg,0,1,0.0,94.0
seo mesa arizona,bra,0,5,0.0,95.2
seo mesa arizona,can,0,1,0.0,91.0
seo mesa arizona,gbr,0,1,0.0,92.0
seo mesa arizona,ind,0,1,0.0,32.0
seo mesa arizona,ita,0,1,0.0,89.0
seo mesa arizona,kor,0,1,0.0,93.0
seo mesa arizona,rus,0,2,0.0,96.0
seo mesa arizona,usa,0,4,0.0,92.5
seo mesa az,ago,0,1,0.0,80.0
seo mesa az,are,0,3,0.0,82.33333333333333
seo mesa az,arg,0,2,0.0,80.5
seo mesa az,aus,0,1,0.0,82.0
seo mesa az,bgd,0,1,0.0,77.0
seo mesa az,bgr,0,1,0.0,74.0
seo mesa az,bra,0,36,0.0,79.77777777777777
seo mesa az,can,0,2,0.0,77.0
seo mesa az,cyp,0,1,0.0,75.0
seo mesa az,dza,0,1,0.0,78.0
seo mesa az,ecu,0,5,0.0,81.2
seo mesa az,egy,0,3,0.0,76.33333333333333
seo mesa az,esp,0,1,0.0,78.0
seo mesa az,fra,0,1,0.0,78.0
seo mesa az,gbr,0,14,0.0,79.42857142857143
seo mesa az,geo,0,1,0.0,73.0
seo mesa az,gha,0,1,0.0,79.0
seo mesa az,hnd,0,1,0.0,94.0
seo mesa az,ind,0,4,0.0,82.5
seo mesa az,ita,0,2,0.0,78.0
seo mesa az,jor,0,1,0.0,78.0
seo mesa az,jpn,0,1,0.0,79.0
seo mesa az,kor,0,12,0.0,82.41666666666667
seo mesa az,ltu,0,1,0.0,92.0
seo mesa az,mex,0,3,0.0,81.66666666666667
seo mesa az,mys,0,3,0.0,81.66666666666667
seo mesa az,npl,0,1,0.0,77.0
seo mesa az,per,0,1,0.0,104.0
seo mesa az,pol,0,2,0.0,84.0
seo mesa az,prt,0,1,0.0,77.0
seo mesa az,pry,0,2,0.0,86.0
seo mesa az,rus,0,8,0.0,76.125
seo mesa az,rwa,0,1,0.0,78.0
seo mesa az,sau,0,3,0.0,79.33333333333333
seo mesa az,sen,0,1,0.0,77.0
seo mesa az,slv,0,1,0.0,74.0
seo mesa az,srb,0,2,0.0,78.5
seo mesa az,tur,0,3,0.0,83.33333333333333
seo mesa az,twn,0,3,0.0,75.0
seo mesa az,uga,0,1,0.0,90.0
seo mesa az,ukr,0,4,0.0,77.25
seo mesa az,ury,0,2,0.0,77.5
seo mesa az,usa,0,67,0.0,79.53731343283582
seo mesa az,uzb,0,1,0.0,83.0
seo mesa az,ven,0,2,0.0,83.5
seo mesa az,vnm,0,1,0.0,92.0
seo mesa az,zaf,0,1,0.0,85.0
seo mesa az,zzz,0,1,0.0,94.0
seo mi az,tur,0,1,0.0,94.0
seo news arizona,usa,0,5,0.0,36.4
seo optimization for small business sun city,usa,0,3,0.0,84.0
seo organic growth az,usa,0,9,0.0,56.55555555555556
seo organic growth solution az,usa,0,8,0.0,55.875
seo package arizona,can,0,1,0.0,46.0
seo package arizona,lca,0,1,0.0,99.0
seo package arizona,usa,0,11,0.0,74.0
seo package arizona,vnm,0,1,0.0,43.0
seo package in phoenix arizona,usa,0,2,0.0,52.5
seo packages tempe,usa,0,26,0.0,41.73076923076923
seo peoria az,kor,0,1,0.0,42.0
seo peoria az,usa,0,6,0.0,72.33333333333333
seo phoenix arizona,usa,0,1,0.0,85.0
seo phoenix az,usa,0,5,0.0,44.8
seo plans az,usa,0,262,0.0,42.31297709923664
seo plans in arizona,blr,0,2,0.0,58.0
seo plans in arizona,deu,0,1,0.0,70.0
seo plans in arizona,gbr,0,1,0.0,33.0
seo plans in arizona,geo,0,1,0.0,73.0
seo plans in arizona,ind,0,1,0.0,47.0
seo plans in arizona,irq,0,1,0.0,25.0
seo plans in arizona,nld,0,1,0.0,69.0
seo plans in arizona,phl,0,1,0.0,40.0
seo plans in arizona,usa,0,500,0.0,56.88
seo plans in arizona,ven,0,1,0.0,46.0
seo plans in az,usa,0,253,0.0,44.280632411067195
seo plans in phoenix arizona,usa,0,1,0.0,91.0
seo plans in phoenix az,usa,0,2,0.0,91.0
seo plans phoenix arizona,usa,0,4,0.0,91.5
seo plans phoenix az,usa,0,3,0.0,96.33333333333333
seo pricing phoenix az,usa,0,3,0.0,13.0
seo project arizona,usa,0,220,0.0,30.62272727272727
seo project in arizona,usa,0,158,0.0,42.31645569620253
seo project in phoenix az,usa,0,54,0.0,19.72222222222222
seo project phoenix,usa,0,27,0.0,13.962962962962964
seo project phoenix arizona,usa,0,18,0.0,33.833333333333336
seo project phoenix az,usa,0,25,0.0,11.64
seo projects arizona,usa,0,305,0.0,41.07868852459016
seo projects az,usa,0,209,0.0,34.83732057416268
seo projects in arizona,usa,0,232,0.0,45.025862068965516
seo projects in phoenix,usa,0,1,0.0,83.0
seo projects in phoenix arizona,usa,0,5,0.0,30.4
seo queen creek az,usa,0,12,0.0,74.41666666666667
seo rates,usa,0,4,0.0,75.5
seo reseller in phoenix,ita,0,1,0.0,142.0
seo reseller in phoenix,kor,0,1,0.0,74.0
seo scottsdale az,usa,0,1,0.0,99.0
seo service,usa,0,1,0.0,63.0
seo service arizona,bel,0,1,0.0,65.0
seo service arizona,esp,0,1,0.0,71.0
seo service arizona,kor,0,1,0.0,99.0
seo service arizona,lva,0,1,0.0,71.0
seo service arizona,mex,0,1,0.0,42.0
seo service arizona,twn,0,1,0.0,55.0
seo service arizona,usa,0,82,0.0,65.35365853658537
seo service az,arg,0,1,0.0,90.0
seo service az,bra,0,8,0.0,90.75
seo service az,can,0,1,0.0,89.0
seo service az,irn,0,1,0.0,89.0
seo service az,kor,0,1,0.0,91.0
seo service az,mys,0,1,0.0,96.0
seo service az,rus,0,3,0.0,87.33333333333333
seo service az,tur,0,2,0.0,87.0
seo service az,usa,0,67,0.0,80.41791044776119
seo service az,zzz,0,1,0.0,87.0
seo service scottsdale,bra,0,1,0.0,61.0
seo service scottsdale,usa,0,2,0.0,61.0
seo services,usa,0,4,0.0,60.75
seo services arizona,alb,0,2,0.0,85.5
seo services arizona,are,0,3,0.0,75.33333333333333
seo services arizona,arg,0,10,0.0,85.7
seo services arizona,aus,0,3,0.0,74.0
seo services arizona,bgd,0,3,0.0,92.0
seo services arizona,bgr,0,2,0.0,88.0
seo services arizona,bhr,0,2,0.0,88.0
seo services arizona,bhs,0,1,0.0,90.0
seo services arizona,bih,0,1,0.0,89.0
seo services arizona,blr,0,4,0.0,72.25
seo services arizona,bra,0,131,0.0,85.62595419847328
seo services arizona,brb,0,2,0.0,81.5
seo services arizona,bwa,0,2,0.0,93.0
seo services arizona,can,0,28,0.0,89.21428571428571
seo services arizona,che,0,4,0.0,55.0
seo services arizona,chl,0,2,0.0,95.5
seo services arizona,civ,0,2,0.0,87.5
seo services arizona,col,0,7,0.0,85.0
seo services arizona,cyp,0,1,0.0,92.0
seo services arizona,cze,0,2,0.0,89.0
seo services arizona,deu,0,38,0.0,65.36842105263158
seo services arizona,dma,0,1,0.0,91.0
seo services arizona,dnk,0,3,0.0,83.33333333333333
seo services arizona,dom,0,1,0.0,84.0
seo services arizona,dza,0,2,0.0,84.0
seo services arizona,ecu,0,6,0.0,84.0
seo services arizona,egy,0,3,0.0,88.0
seo services arizona,esp,0,6,0.0,84.0
seo services arizona,eth,0,1,0.0,85.0
seo services arizona,fra,0,3,0.0,74.33333333333333
seo services arizona,gbr,0,61,0.0,76.98360655737704
seo services arizona,geo,0,1,0.0,93.0
seo services arizona,grc,0,2,0.0,69.5
seo services arizona,gtm,0,1,0.0,89.0
seo services arizona,hnd,0,1,0.0,90.0
seo services arizona,hun,0,1,0.0,72.0
seo services arizona,idn,0,7,0.0,86.71428571428571
seo services arizona,ind,0,34,0.0,84.0
seo services arizona,irl,0,5,0.0,78.0
seo services arizona,irn,0,1,0.0,93.0
seo services arizona,irq,0,8,0.0,85.25
seo services arizona,isr,0,2,0.0,83.5
seo services arizona,ita,0,5,0.0,87.2
seo services arizona,jpn,0,3,0.0,90.33333333333333
seo services arizona,kaz,0,3,0.0,84.66666666666667
seo services arizona,kgz,0,2,0.0,83.5
seo services arizona,kor,0,27,0.0,88.4074074074074
seo services arizona,kwt,0,1,0.0,86.0
seo services arizona,lbn,0,1,0.0,92.0
seo services arizona,lka,0,2,0.0,86.0
seo services arizona,ltu,0,2,0.0,87.5
seo services arizona,mar,0,3,0.0,82.0
seo services arizona,mda,0,1,0.0,78.0
seo services arizona,mdv,0,1,0.0,83.0
seo services arizona,mex,0,9,0.0,80.11111111111111
seo services arizona,mys,0,2,0.0,85.5
seo services arizona,nld,0,3,0.0,76.0
seo services arizona,npl,0,1,0.0,88.0
seo services arizona,nzl,0,1,0.0,98.0
seo services arizona,omn,0,1,0.0,82.0
seo services arizona,pak,0,4,0.0,88.0
seo services arizona,per,0,3,0.0,89.66666666666667
seo services arizona,phl,0,5,0.0,83.0
seo services arizona,pri,0,1,0.0,80.0
seo services arizona,pry,0,2,0.0,88.0
seo services arizona,rou,0,1,0.0,94.0
seo services arizona,rus,0,38,0.0,86.86842105263158
seo services arizona,sau,0,6,0.0,88.33333333333333
seo services arizona,sen,0,1,0.0,95.0
seo services arizona,sgp,0,1,0.0,86.0
seo services arizona,srb,0,1,0.0,79.0
seo services arizona,svk,0,1,0.0,95.0
seo services arizona,swe,0,3,0.0,91.0
seo services arizona,syr,0,2,0.0,84.0
seo services arizona,tto,0,1,0.0,96.0
seo services arizona,tun,0,3,0.0,85.0
seo services arizona,tur,0,5,0.0,89.8
seo services arizona,twn,0,6,0.0,83.66666666666667
seo services arizona,ukr,0,6,0.0,85.83333333333333
seo services arizona,ury,0,1,0.0,83.0
seo services arizona,uzb,0,1,0.0,86.0
seo services arizona,ven,0,7,0.0,86.71428571428571
seo services arizona,vnm,0,22,0.0,79.27272727272727
seo services arizona,zaf,0,5,0.0,88.6
seo services arizona,zzz,0,3,0.0,83.33333333333333
seo services avondale az,usa,0,6,0.0,63.833333333333336
seo services az,arg,0,1,0.0,68.0
seo services az,aus,0,1,0.0,70.0
seo services az,ben,0,1,0.0,97.0
seo services az,bgd,0,1,0.0,91.0
seo services az,bra,0,10,0.0,87.8
seo services az,brb,0,1,0.0,82.0
seo services az,can,0,2,0.0,57.0
seo services az,chl,0,1,0.0,93.0
seo services az,col,0,1,0.0,91.0
seo services az,cze,0,1,0.0,82.0
seo services az,deu,0,1,0.0,90.0
seo services az,dza,0,1,0.0,85.0
seo services az,ecu,0,1,0.0,89.0
seo services az,esp,0,1,0.0,98.0
seo services az,gbr,0,3,0.0,48.333333333333336
seo services az,hnd,0,1,0.0,79.0
seo services az,ind,0,3,0.0,94.66666666666667
seo services az,irn,0,1,0.0,94.0
seo services az,kor,0,4,0.0,89.25
seo services az,ltu,0,1,0.0,79.0
seo services az,mar,0,1,0.0,76.0
seo services az,mex,0,2,0.0,90.5
seo services az,mys,0,1,0.0,90.0
seo services az,nld,0,1,0.0,79.0
seo services az,pak,0,1,0.0,84.0
seo services az,phl,0,1,0.0,72.0
seo services az,pol,0,1,0.0,72.0
seo services az,rou,0,1,0.0,89.0
seo services az,rus,0,4,0.0,88.0
seo services az,sau,0,1,0.0,98.0
seo services az,tur,0,2,0.0,97.5
seo services az,twn,0,1,0.0,92.0
seo services az,ukr,0,2,0.0,86.0
seo services az,usa,0,103,0.0,83.14563106796116
seo services az,ven,0,1,0.0,92.0
seo services az,vnm,0,1,0.0,82.0
seo services buckeye az,usa,0,12,0.0,65.75
seo services casa grande az,usa,0,7,0.0,60.57142857142857
seo services chandler,arg,0,1,0.0,102.0
seo services chandler,bra,0,3,0.0,94.0
seo services chandler,deu,0,2,0.0,100.0
seo services chandler,fra,0,1,0.0,90.0
seo services chandler,gbr,0,1,0.0,102.0
seo services chandler,ind,0,2,0.0,86.5
seo services chandler,ita,0,1,0.0,97.0
seo services chandler,kor,0,3,0.0,97.66666666666667
seo services chandler,mex,0,1,0.0,95.0
seo services chandler,mys,0,1,0.0,68.0
seo services chandler,rus,0,1,0.0,94.0
seo services chandler,ury,0,1,0.0,91.0
seo services chandler,usa,0,15,0.0,75.26666666666667
seo services chandler,zzz,0,1,0.0,92.0
seo services companies az,gbr,0,2,0.0,33.5
seo services companies az,usa,0,6,0.0,48.666666666666664
seo services company arizona,bgr,0,1,0.0,87.0
seo services company arizona,bra,0,5,0.0,97.4
seo services company arizona,can,0,1,0.0,93.0
seo services company arizona,dom,0,1,0.0,97.0
seo services company arizona,fra,0,1,0.0,101.0
seo services company arizona,gbr,0,2,0.0,36.0
seo services company arizona,grc,0,1,0.0,87.0
seo services company arizona,ind,0,1,0.0,101.0
seo services company arizona,jor,0,1,0.0,97.0
seo services company arizona,kor,0,2,0.0,94.5
seo services company arizona,rus,0,1,0.0,88.0
seo services company arizona,tur,0,1,0.0,87.0
seo services company arizona,usa,0,38,0.0,89.71052631578948
seo services cost,usa,0,11,0.0,30.09090909090909
"seo services for law firms in scottsdale, az",usa,0,7,0.0,87.71428571428571
seo services for small businesses,usa,0,6,0.0,84.83333333333333
seo services fountain hills az,usa,0,8,0.0,65.25
seo services globe az,usa,0,5,0.0,86.0
seo services goodyear az,usa,0,4,0.0,60.5
seo services in arizona,are,0,1,0.0,81.0
seo services in arizona,arg,0,3,0.0,86.66666666666667
seo services in arizona,aut,0,1,0.0,85.0
seo services in arizona,blr,0,1,0.0,44.0
seo services in arizona,bra,0,40,0.0,89.85
seo services in arizona,brb,0,1,0.0,92.0
seo services in arizona,can,0,2,0.0,87.0
seo services in arizona,chl,0,1,0.0,90.0
seo services in arizona,ecu,0,1,0.0,99.0
seo services in arizona,egy,0,1,0.0,90.0
seo services in arizona,fra,0,3,0.0,88.66666666666667
seo services in arizona,gbr,0,7,0.0,91.14285714285714
seo services in arizona,ind,0,3,0.0,93.33333333333333
seo services in arizona,irq,0,1,0.0,94.0
seo services in arizona,jpn,0,2,0.0,90.5
seo services in arizona,kaz,0,1,0.0,95.0
seo services in arizona,kor,0,7,0.0,88.57142857142857
seo services in arizona,ltu,0,2,0.0,81.0
seo services in arizona,mar,0,1,0.0,88.0
seo services in arizona,mex,0,2,0.0,95.5
seo services in arizona,nld,0,3,0.0,89.66666666666667
seo services in arizona,rou,0,1,0.0,82.0
seo services in arizona,rus,0,7,0.0,91.42857142857143
seo services in arizona,sau,0,2,0.0,93.5
seo services in arizona,syc,0,1,0.0,85.0
seo services in arizona,tto,0,1,0.0,94.0
seo services in arizona,tun,0,1,0.0,81.0
seo services in arizona,tur,0,1,0.0,86.0
seo services in arizona,twn,0,2,0.0,93.5
seo services in arizona,ukr,0,1,0.0,88.0
seo services in arizona,ury,0,1,0.0,87.0
seo services in arizona,vnm,0,7,0.0,91.28571428571429
seo services in arizona,zaf,0,2,0.0,84.5
seo services in az,alb,0,1,0.0,93.0
seo services in az,bra,0,5,0.0,81.6
seo services in az,can,0,2,0.0,88.0
seo services in az,col,0,1,0.0,96.0
seo services in az,deu,0,1,0.0,94.0
seo services in az,esp,0,1,0.0,88.0
seo services in az,gbr,0,6,0.0,72.33333333333333
seo services in az,idn,0,1,0.0,91.0
seo services in az,jor,0,1,0.0,81.0
seo services in az,kor,0,1,0.0,75.0
seo services in az,mkd,0,1,0.0,76.0
seo services in az,mrt,0,1,0.0,79.0
seo services in az,nld,0,1,0.0,95.0
seo services in az,pol,0,1,0.0,95.0
seo services in az,rou,0,1,0.0,87.0
seo services in az,rus,0,2,0.0,94.5
seo services in az,swe,0,1,0.0,89.0
seo services in az,tto,0,1,0.0,91.0
seo services in az,usa,0,53,0.0,71.60377358490567
seo services in az,vnm,0,1,0.0,86.0
seo services in mesa,usa,0,8,0.0,64.625
seo services in northern arizona,usa,0,5,0.0,86.6
seo services in phoenix,gbr,0,2,0.0,82.5
seo services in phoenix,ind,0,1,0.0,126.0
seo services in phoenix,usa,0,5,0.0,101.2
seo services in phoenix arizona,are,0,1,0.0,100.0
seo services in phoenix arizona,arg,0,1,0.0,98.0
seo services in phoenix arizona,bra,0,5,0.0,99.0
seo services in phoenix arizona,can,0,1,0.0,94.0
seo services in phoenix arizona,che,0,1,0.0,94.0
seo services in phoenix arizona,gbr,0,1,0.0,91.0
seo services in phoenix arizona,kaz,0,1,0.0,101.0
seo services in phoenix arizona,ltu,0,1,0.0,101.0
seo services in phoenix arizona,pol,0,1,0.0,101.0
seo services in phoenix arizona,rus,0,2,0.0,99.5
seo services in phoenix arizona,sau,0,1,0.0,90.0
seo services in phoenix arizona,usa,0,22,0.0,94.13636363636364
seo services in phoenix az,bra,0,6,0.0,95.83333333333333
seo services in phoenix az,can,0,1,0.0,90.0
seo services in phoenix az,col,0,1,0.0,92.0
seo services in phoenix az,deu,0,1,0.0,99.0
seo services in phoenix az,gin,0,1,0.0,93.0
seo services in phoenix az,grc,0,1,0.0,97.0
seo services in phoenix az,ind,0,1,0.0,97.0
seo services in phoenix az,kor,0,1,0.0,96.0
seo services in phoenix az,lby,0,1,0.0,89.0
seo services in phoenix az,mar,0,1,0.0,97.0
seo services in phoenix az,nld,0,1,0.0,98.0
seo services in phoenix az,phl,0,1,0.0,80.0
seo services in phoenix az,rus,0,4,0.0,93.0
seo services in phoenix az,tun,0,1,0.0,88.0
seo services in phoenix az,usa,0,18,0.0,91.44444444444444
seo services in prescott az,usa,0,4,0.0,84.75
seo services in yuma,usa,0,4,0.0,53.0
seo services maricopa az,usa,0,3,0.0,89.33333333333333
seo services mesa,arg,0,2,0.0,85.0
seo services mesa,bgd,0,1,0.0,88.0
seo services mesa,blr,0,1,0.0,89.0
seo services mesa,bra,0,18,0.0,87.55555555555556
seo services mesa,can,0,2,0.0,85.0
seo services mesa,chl,0,1,0.0,91.0
seo services mesa,cri,0,1,0.0,84.0
seo services mesa,cyp,0,1,0.0,85.0
seo services mesa,dom,0,2,0.0,85.5
seo services mesa,ecu,0,3,0.0,86.66666666666667
seo services mesa,egy,0,1,0.0,82.0
seo services mesa,fra,0,1,0.0,87.0
seo services mesa,gbr,0,5,0.0,87.8
seo services mesa,ind,0,7,0.0,86.71428571428571
seo services mesa,irq,0,1,0.0,90.0
seo services mesa,ita,0,4,0.0,86.75
seo services mesa,jam,0,1,0.0,88.0
seo services mesa,jor,0,1,0.0,90.0
seo services mesa,kor,0,6,0.0,87.0
seo services mesa,mar,0,1,0.0,85.0
seo services mesa,nld,0,2,0.0,88.0
seo services mesa,omn,0,1,0.0,86.0
seo services mesa,per,0,1,0.0,89.0
seo services mesa,phl,0,1,0.0,88.0
seo services mesa,pry,0,2,0.0,84.0
seo services mesa,rus,0,5,0.0,85.6
seo services mesa,sau,0,2,0.0,89.0
seo services mesa,syc,0,1,0.0,85.0
seo services mesa,syr,0,1,0.0,86.0
seo services mesa,tha,0,1,0.0,88.0
seo services mesa,tun,0,1,0.0,86.0
seo services mesa,twn,0,2,0.0,85.5
seo services mesa,usa,0,180,0.0,79.89444444444445
seo services mesa,zaf,0,1,0.0,84.0
seo services mesa az,arg,0,2,0.0,94.5
seo services mesa az,arm,0,1,0.0,95.0
seo services mesa az,aus,0,1,0.0,90.0
seo services mesa az,bhs,0,1,0.0,102.0
seo services mesa az,bra,0,37,0.0,87.89189189189189
seo services mesa az,can,0,1,0.0,92.0
seo services mesa az,civ,0,1,0.0,89.0
seo services mesa az,col,0,3,0.0,98.0
seo services mesa az,deu,0,1,0.0,88.0
seo services mesa az,dnk,0,1,0.0,100.0
seo services mesa az,egy,0,1,0.0,102.0
seo services mesa az,gbr,0,2,0.0,100.0
seo services mesa az,ind,0,4,0.0,95.25
seo services mesa az,jor,0,1,0.0,97.0
seo services mesa az,jpn,0,1,0.0,96.0
seo services mesa az,kor,0,8,0.0,93.5
seo services mesa az,ltu,0,1,0.0,82.0
seo services mesa az,mex,0,3,0.0,91.33333333333333
seo services mesa az,nld,0,1,0.0,93.0
seo services mesa az,pak,0,1,0.0,96.0
seo services mesa az,pry,0,1,0.0,92.0
seo services mesa az,rus,0,6,0.0,87.83333333333333
seo services mesa az,srb,0,1,0.0,99.0
seo services mesa az,swe,0,1,0.0,61.0
seo services mesa az,tun,0,1,0.0,78.0
seo services mesa az,tur,0,2,0.0,88.5
seo services mesa az,twn,0,4,0.0,97.5
seo services mesa az,usa,0,216,0.0,79.57407407407408
seo services mesa az,ven,0,1,0.0,84.0
seo services mesa az,vnm,0,2,0.0,98.5
seo services mirage az,usa,0,1,0.0,100.0
seo services near me avondale az,usa,0,4,0.0,88.75
seo services near me goodyear az,bgr,0,1,0.0,84.0
seo services near me goodyear az,cze,0,1,0.0,85.0
seo services near me goodyear az,deu,0,1,0.0,83.0
seo services near me goodyear az,esp,0,1,0.0,74.0
seo services near me goodyear az,usa,0,43,0.0,77.3953488372093
seo services near me surprise az,usa,0,9,0.0,82.22222222222223
seo services near sun city az,usa,0,5,0.0,78.6
seo services peoria az,usa,0,4,0.0,58.25
seo services phoenix,aus,0,1,0.0,85.0
seo services phoenix,bra,0,1,0.0,87.0
seo services phoenix,can,0,1,0.0,80.0
seo services phoenix,deu,0,1,0.0,87.0
seo services phoenix,egy,0,2,0.0,84.5
seo services phoenix,eth,0,1,0.0,91.0
seo services phoenix,gbr,0,1,0.0,86.0
seo services phoenix,hun,0,1,0.0,89.0
seo services phoenix,ind,0,2,0.0,79.0
seo services phoenix,irl,0,1,0.0,83.0
seo services phoenix,ita,0,1,0.0,77.0
seo services phoenix,jpn,0,1,0.0,67.0
seo services phoenix,lva,0,1,0.0,82.0
seo services phoenix,rou,0,1,0.0,86.0
seo services phoenix,tun,0,1,0.0,84.0
seo services phoenix,usa,0,9,0.0,74.88888888888889
seo services phoenix,uzb,0,1,0.0,86.0
seo services phoenix,vnm,0,1,0.0,86.0
seo services phoenix,zaf,0,2,0.0,86.0
seo services phoenix az,arg,0,2,0.0,95.0
seo services phoenix az,aus,0,1,0.0,87.0
seo services phoenix az,blr,0,1,0.0,90.0
seo services phoenix az,bra,0,13,0.0,95.61538461538461
seo services phoenix az,can,0,3,0.0,92.66666666666667
seo services phoenix az,col,0,1,0.0,97.0
seo services phoenix az,esp,0,3,0.0,95.33333333333333
seo services phoenix az,fra,0,1,0.0,98.0
seo services phoenix az,gbr,0,8,0.0,92.875
seo services phoenix az,geo,0,1,0.0,92.0
seo services phoenix az,ind,0,2,0.0,97.0
seo services phoenix az,isr,0,1,0.0,92.0
seo services phoenix az,jam,0,1,0.0,96.0
seo services phoenix az,ken,0,1,0.0,91.0
seo services phoenix az,kor,0,2,0.0,94.5
seo services phoenix az,mar,0,1,0.0,98.0
seo services phoenix az,mex,0,4,0.0,89.5
seo services phoenix az,mys,0,1,0.0,95.0
seo services phoenix az,omn,0,1,0.0,98.0
seo services phoenix az,pan,0,2,0.0,95.0
seo services phoenix az,per,0,3,0.0,92.33333333333333
seo services phoenix az,phl,0,2,0.0,94.0
seo services phoenix az,pry,0,1,0.0,97.0
seo services phoenix az,qat,0,1,0.0,99.0
seo services phoenix az,rus,0,2,0.0,95.5
seo services phoenix az,rwa,0,1,0.0,94.0
seo services phoenix az,sau,0,1,0.0,89.0
seo services phoenix az,tur,0,1,0.0,98.0
seo services phoenix az,ukr,0,1,0.0,98.0
seo services phoenix az,ury,0,1,0.0,93.0
seo services phoenix az,usa,0,75,0.0,94.01333333333334
seo services phoenix az,ven,0,4,0.0,94.5
seo services phoenix az,vnm,0,3,0.0,93.66666666666667
seo services phoenix​,egy,0,1,0.0,82.0
seo services phoenix​,ita,0,1,0.0,83.0
seo services phoenix​,ltu,0,1,0.0,68.0
seo services phoneix,ind,0,1,0.0,86.0
seo services phoneix,usa,0,1,0.0,85.0
seo services queen creek az,deu,0,1,0.0,91.0
seo services queen creek az,usa,0,4,0.0,71.5
seo services scottsdale,bra,0,1,0.0,102.0
seo services scottsdale,fra,0,1,0.0,107.0
seo services scottsdale,gbr,0,2,0.0,90.0
seo services scottsdale,usa,0,2,0.0,104.0
seo services scottsdale az,alb,0,1,0.0,99.0
seo services scottsdale az,are,0,1,0.0,97.0
seo services scottsdale az,bra,0,7,0.0,96.57142857142857
seo services scottsdale az,deu,0,1,0.0,99.0
seo services scottsdale az,irn,0,2,0.0,99.5
seo services scottsdale az,kor,0,4,0.0,98.0
seo services scottsdale az,rus,0,1,0.0,98.0
seo services scottsdale az,svn,0,1,0.0,96.0
seo services scottsdale az,tha,0,1,0.0,92.0
seo services scottsdale az,usa,0,3,0.0,93.66666666666667
seo services seo company az,fra,0,1,0.0,49.0
seo services seo company az,gbr,0,2,0.0,53.0
seo services seo company az,usa,0,13,0.0,74.92307692307692
seo services sun city az,usa,0,1,0.0,85.0
seo services suncity az,usa,0,4,0.0,67.5
seo services surprise az,usa,0,5,0.0,69.6
seo services tempe,arg,0,3,0.0,62.0
seo services tempe,aut,0,1,0.0,44.0
seo services tempe,bgd,0,2,0.0,42.5
seo services tempe,bgr,0,1,0.0,47.0
seo services tempe,bhr,0,1,0.0,43.0
seo services tempe,blr,0,3,0.0,41.666666666666664
seo services tempe,bra,0,39,0.0,64.53846153846155
seo services tempe,can,0,2,0.0,72.0
seo services tempe,col,0,2,0.0,66.0
seo services tempe,cze,0,1,0.0,45.0
seo services tempe,deu,0,1,0.0,52.0
seo services tempe,dza,0,2,0.0,44.5
seo services tempe,ecu,0,5,0.0,42.4
seo services tempe,egy,0,1,0.0,101.0
seo services tempe,esp,0,6,0.0,50.833333333333336
seo services tempe,fra,0,3,0.0,66.0
seo services tempe,gbr,0,14,0.0,59.142857142857146
seo services tempe,gtm,0,1,0.0,86.0
seo services tempe,hnd,0,2,0.0,42.5
seo services tempe,idn,0,1,0.0,45.0
seo services tempe,ind,0,13,0.0,57.92307692307692
seo services tempe,irl,0,1,0.0,48.0
seo services tempe,isr,0,1,0.0,43.0
seo services tempe,ita,0,3,0.0,61.333333333333336
seo services tempe,jpn,0,1,0.0,92.0
seo services tempe,kgz,0,2,0.0,44.5
seo services tempe,kor,0,3,0.0,60.0
seo services tempe,mar,0,1,0.0,47.0
seo services tempe,mex,0,3,0.0,48.333333333333336
seo services tempe,mmr,0,1,0.0,44.0
seo services tempe,nga,0,1,0.0,68.0
seo services tempe,omn,0,1,0.0,44.0
seo services tempe,pak,0,1,0.0,43.0
seo services tempe,per,0,1,0.0,89.0
seo services tempe,phl,0,3,0.0,43.666666666666664
seo services tempe,pol,0,2,0.0,52.0
seo services tempe,pry,0,1,0.0,42.0
seo services tempe,rou,0,1,0.0,40.0
seo services tempe,rus,0,4,0.0,60.0
seo services tempe,sau,0,1,0.0,41.0
seo services tempe,srb,0,1,0.0,43.0
seo services tempe,tur,0,7,0.0,57.142857142857146
seo services tempe,ukr,0,2,0.0,43.0
seo services tempe,ury,0,1,0.0,42.0
seo services tempe,usa,0,370,0.0,63.67567567567568
seo services tempe,uzb,0,1,0.0,45.0
seo services tempe,ven,0,1,0.0,50.0
seo services tempe,vnm,0,4,0.0,49.75
seo services tempe,zaf,0,2,0.0,44.0
seo services tempe,zzz,0,1,0.0,88.0
seo services tempe az,are,0,1,0.0,48.0
seo services tempe az,bra,0,8,0.0,88.5
seo services tempe az,ecu,0,1,0.0,97.0
seo services tempe az,esp,0,1,0.0,96.0
seo services tempe az,ind,0,1,0.0,45.0
seo services tempe az,irn,0,1,0.0,87.0
seo services tempe az,mex,0,1,0.0,91.0
seo services tempe az,rus,0,1,0.0,51.0
seo services tempe az,ukr,0,1,0.0,82.0
seo services tempe az,usa,0,37,0.0,86.54054054054055
seo services tempe az,ven,0,1,0.0,47.0
seo small business phoenix,usa,0,1,0.0,70.0
seo solutions phoenix,usa,0,8,0.0,72.125
seo specialist in arizona,usa,0,15,0.0,52.666666666666664
seo surprise az,usa,0,5,0.0,64.8
seo tempe,fra,0,1,0.0,83.0
seo tempe,ind,0,1,0.0,88.0
seo tempe,usa,0,24,0.0,72.58333333333333
seo tempe arizona,rus,0,3,0.0,86.66666666666667
seo tempe arizona,usa,0,57,0.0,72.66666666666667
seo tempe az,bra,0,6,0.0,91.0
seo tempe az,idn,0,2,0.0,89.0
seo tempe az,isr,0,1,0.0,29.0
seo tempe az,ita,0,1,0.0,101.0
seo tempe az,mex,0,1,0.0,81.0
seo tempe az,rus,0,2,0.0,98.5
seo tempe az,tto,0,1,0.0,85.0
seo tempe az,usa,0,164,0.0,70.61585365853658
seo tempe az,vnm,0,5,0.0,92.8
seo tool best internal linking plugin,gbr,0,3,0.0,98.66666666666667
seo tool best internal linking plugin,usa,0,34,0.0,85.41176470588235
seo tool internal linking plugin,usa,0,1,0.0,99.0
seo tool wordpress internal linking,usa,0,1,0.0,98.0
seo waddell az,bra,0,1,0.0,96.0
seo web design company,pol,0,1,0.0,1.0
seo web design company,usa,0,2,0.0,1.0
seo web designs,arg,0,2,0.0,2.0
seo web designs,bra,0,4,0.0,2.0
seo web designs,mex,0,1,0.0,1.0
seo web designs,nor,0,1,0.0,1.0
seo web designs,phl,0,1,0.0,2.0
seo web designs,ukr,0,1,0.0,1.0
seo web designs,usa,0,10,0.0,1.9
seo web development,usa,0,1,0.0,19.0
seo website hosting,usa,0,1,0.0,60.0
seo window rock arizona,usa,0,4,0.0,12.25
seoarizona,arg,0,1,0.0,64.0
seoarizona,bra,0,11,0.0,70.72727272727273
seoarizona,gbr,0,3,0.0,85.33333333333333
seoarizona,idn,0,1,0.0,94.0
seoarizona,kor,0,2,0.0,81.0
seoarizona,pol,0,1,0.0,66.0
seoarizona,swe,0,1,0.0,93.0
seoarizona,tha,0,1,0.0,69.0
seoarizona,usa,0,52,0.0,81.84615384615384
seoarizona,zzz,0,1,0.0,89.0
shopify website designer near me,usa,0,1,0.0,1.0
small business custom website development arizona,usa,0,65,0.0,58.292307692307695
small business seo arizona,bra,0,1,0.0,20.0
small business seo arizona,ken,0,1,0.0,19.0
small business seo arizona,usa,0,7,0.0,25.857142857142858
small business web design az,usa,0,3,0.0,74.33333333333333
small business website design sun city az,usa,0,4,0.0,87.0
social media agency arizona,bra,0,5,0.0,96.0
social media agency arizona,can,0,3,0.0,95.66666666666667
social media agency arizona,col,0,1,0.0,97.0
social media agency arizona,idn,0,1,0.0,92.0
social media agency arizona,ind,0,2,0.0,91.5
social media agency arizona,kor,0,2,0.0,95.0
social media agency arizona,nld,0,1,0.0,89.0
social media agency arizona,pak,0,1,0.0,98.0
social media agency arizona,usa,0,10,0.0,97.7
social media agency arizona,vnm,0,2,0.0,92.5
social media marketing agency arizona,bra,0,1,0.0,88.0
software best internal linking plugin,gbr,0,11,0.0,77.9090909090909
software best internal linking plugin,usa,0,18,0.0,78.94444444444444
software developer,usa,0,4,0.0,6.0
software developer agency,usa,0,1,0.0,4.0
software developer near me,usa,0,1,0.0,1.0
software developers,usa,0,4,0.0,3.75
software development,usa,0,19,0.0,7.421052631578948
software development company arizona,pak,0,1,0.0,81.0
software development scottsdale az,usa,0,1,0.0,76.0
software development snopsourceferszd,usa,0,1,0.0,11.0
software internal linking plugin,usa,0,5,0.0,88.6
software wordpress internal linking,usa,0,9,0.0,95.0
specialized wordpress development services phoenix,usa,0,44,0.0,48.65909090909091
successful organic seo growth arizona,usa,0,2,0.0,79.0
sun city web developers,usa,0,1,0.0,94.0
tailored seo solutions for small businesses arizona,usa,0,9,0.0,92.66666666666667
takipcigir 50k free,ind,0,1,0.0,26.0
tempe arizona seo,bra,0,1,0.0,78.0
tempe arizona seo,usa,0,50,0.0,72.52
tempe az seo agency,usa,0,46,0.0,72.1086956521739
tempe az web design,usa,0,2,0.0,83.0
tempe seo,aus,0,1,0.0,81.0
tempe seo,bra,0,4,0.0,73.0
tempe seo,can,0,1,0.0,79.0
tempe seo,dom,0,1,0.0,98.0
tempe seo,ecu,0,1,0.0,83.0
tempe seo,gbr,0,3,0.0,85.33333333333333
tempe seo,ind,0,1,0.0,79.0
tempe seo,ita,0,2,0.0,86.0
tempe seo,mys,0,1,0.0,93.0
tempe seo,nzl,0,1,0.0,65.0
tempe seo,rus,0,2,0.0,86.5
tempe seo,tur,0,1,0.0,78.0
tempe seo,ukr,0,1,0.0,101.0
tempe seo,usa,0,22,0.0,88.31818181818181
tempe seo,zaf,0,1,0.0,84.0
tempe seo agency,bra,0,3,0.0,97.66666666666667
tempe seo agency,usa,0,5,0.0,67.6
tempe seo company,are,0,1,0.0,82.0
tempe seo company,bra,0,1,0.0,106.0
tempe seo company,dza,0,1,0.0,108.0
tempe seo company,ecu,0,2,0.0,86.0
tempe seo company,gbr,0,2,0.0,86.0
tempe seo company,kor,0,1,0.0,89.0
tempe seo company,pan,0,1,0.0,80.0
tempe seo company,pry,0,1,0.0,91.0
tempe seo company,rus,0,3,0.0,84.0
tempe seo company,usa,0,24,0.0,73.125
tempe seo expert,arg,0,1,0.0,42.0
tempe seo expert,bol,0,1,0.0,51.0
tempe seo expert,bra,0,3,0.0,39.333333333333336
tempe seo expert,chl,0,1,0.0,36.0
tempe seo expert,egy,0,1,0.0,99.0
tempe seo expert,gbr,0,1,0.0,40.0
tempe seo expert,mar,0,1,0.0,35.0
tempe seo expert,mex,0,1,0.0,45.0
tempe seo expert,rus,0,4,0.0,62.0
tempe seo expert,usa,0,22,0.0,56.40909090909091
tempe seo expert,zzz,0,1,0.0,39.0
tempe seo ranker company,bol,0,1,0.0,88.0
tempe seo ranker company,bra,0,3,0.0,58.333333333333336
tempe seo ranker company,kaz,0,1,0.0,70.0
tempe seo ranker company,rus,0,6,0.0,69.0
tempe seo ranker company,tgo,0,1,0.0,63.0
tempe seo ranker company,ukr,0,1,0.0,94.0
tempe seo ranker company,usa,0,5,0.0,93.2
tempe seo services,arg,0,7,0.0,46.857142857142854
tempe seo services,arm,0,1,0.0,41.0
tempe seo services,bgd,0,1,0.0,47.0
tempe seo services,bgr,0,1,0.0,61.0
tempe seo services,bhr,0,1,0.0,47.0
tempe seo services,bhs,0,1,0.0,43.0
tempe seo services,bih,0,1,0.0,47.0
tempe seo services,blr,0,1,0.0,56.0
tempe seo services,bol,0,1,0.0,46.0
tempe seo services,bra,0,36,0.0,46.416666666666664
tempe seo services,can,0,4,0.0,49.0
tempe seo services,civ,0,1,0.0,65.0
tempe seo services,cod,0,1,0.0,43.0
tempe seo services,col,0,1,0.0,51.0
tempe seo services,cri,0,1,0.0,47.0
tempe seo services,deu,0,2,0.0,44.5
tempe seo services,dom,0,3,0.0,53.666666666666664
tempe seo services,dza,0,1,0.0,46.0
tempe seo services,ecu,0,1,0.0,44.0
tempe seo services,egy,0,1,0.0,54.0
tempe seo services,esp,0,5,0.0,44.6
tempe seo services,fin,0,1,0.0,43.0
tempe seo services,fra,0,3,0.0,46.0
tempe seo services,gbr,0,4,0.0,44.25
tempe seo services,ind,0,10,0.0,47.5
tempe seo services,irl,0,2,0.0,40.5
tempe seo services,irq,0,2,0.0,46.0
tempe seo services,ita,0,2,0.0,46.5
tempe seo services,jor,0,1,0.0,48.0
tempe seo services,kgz,0,1,0.0,58.0
tempe seo services,khm,0,1,0.0,42.0
tempe seo services,kor,0,5,0.0,43.0
tempe seo services,lbn,0,1,0.0,42.0
tempe seo services,mar,0,3,0.0,51.0
tempe seo services,mex,0,4,0.0,51.0
tempe seo services,nld,0,1,0.0,44.0
tempe seo services,npl,0,1,0.0,45.0
tempe seo services,omn,0,1,0.0,42.0
tempe seo services,pan,0,1,0.0,47.0
tempe seo services,per,0,1,0.0,42.0
tempe seo services,phl,0,1,0.0,45.0
tempe seo services,pol,0,1,0.0,42.0
tempe seo services,prt,0,1,0.0,45.0
tempe seo services,pry,0,1,0.0,46.0
tempe seo services,rou,0,1,0.0,43.0
tempe seo services,rus,0,7,0.0,49.57142857142857
tempe seo services,sau,0,2,0.0,45.0
tempe seo services,tha,0,1,0.0,48.0
tempe seo services,tto,0,1,0.0,53.0
tempe seo services,tur,0,2,0.0,46.0
tempe seo services,twn,0,1,0.0,44.0
tempe seo services,ukr,0,2,0.0,51.0
tempe seo services,ury,0,1,0.0,45.0
tempe seo services,usa,0,115,0.0,60.84347826086957
tempe seo services,vct,0,1,0.0,48.0
tempe seo services,ven,0,1,0.0,61.0
tempe seo services,zaf,0,1,0.0,62.0
tempe seo services,zzz,0,1,0.0,54.0
there has been a critical error on this website wordpress,usa,0,11,0.0,85.36363636363636
there has been a critical error on this website. learn more about troubleshooting wordpress,usa,0,6,0.0,79.33333333333333
there has been a critical error on this website. learn more about troubleshooting wordpress.,usa,0,7,0.0,83.71428571428571
there has been a critical error on this website. please check your site admin email inbox for instructions. learn more about troubleshooting wordpress.,usa,0,5,0.0,92.0
there has been a critical error on this website. woocommerce,usa,0,4,0.0,78.5
there has been a critical error on this website. wordpress,usa,0,72,0.0,70.72222222222223
there has been a critical error on this website.learn more about troubleshooting wordpress.,usa,0,7,0.0,82.85714285714286
there has been a critical error on your website. learn more about debugging in wordpress.,usa,0,3,0.0,94.66666666666667
there is a critical error in your website wordpress,usa,0,19,0.0,73.21052631578948
tool best internal linking plugin,gbr,0,10,0.0,84.6
tool best internal linking plugin,usa,0,5,0.0,81.2
tool internal linking plugin,gbr,0,2,0.0,96.5
tool internal linking plugin,usa,0,10,0.0,92.0
tool wordpress internal linking,usa,0,2,0.0,90.5
top app development companies in arizona,usa,0,48,0.0,73.77083333333333
top arizona seo agencies,bra,0,1,0.0,76.0
top arizona seo agencies,ecu,0,1,0.0,77.0
top arizona seo agencies,gbr,0,2,0.0,80.5
top arizona seo agencies,mys,0,2,0.0,76.5
top arizona seo agencies,usa,0,20,0.0,75.35
top arizona seo agencies,vnm,0,2,0.0,79.0
top arizona seo agencies,zaf,0,1,0.0,79.0
top arizona seo agency,gbr,0,1,0.0,66.0
top arizona seo agency,usa,0,27,0.0,66.44444444444444
top marketing automation platforms arizona,usa,0,2,0.0,71.0
top phoenix web development agencies,usa,0,147,0.0,79.54421768707483
top ranking mesa seo consulting company,bra,0,1,0.0,95.0
top ranking mesa seo consulting company,deu,0,2,0.0,93.5
top ranking mesa seo consulting company,egy,0,1,0.0,93.0
top ranking mesa seo consulting company,esp,0,1,0.0,90.0
top ranking mesa seo consulting company,fra,0,1,0.0,83.0
top ranking mesa seo consulting company,gbr,0,5,0.0,94.0
top ranking mesa seo consulting company,gtm,0,1,0.0,93.0
top ranking mesa seo consulting company,idn,0,2,0.0,94.0
top ranking mesa seo consulting company,mmr,0,1,0.0,93.0
top ranking mesa seo consulting company,nld,0,1,0.0,86.0
top ranking mesa seo consulting company,pol,0,2,0.0,88.0
top ranking mesa seo consulting company,rus,0,1,0.0,93.0
top ranking mesa seo consulting company,tur,0,1,0.0,92.0
top ranking mesa seo consulting company,usa,0,29,0.0,94.27586206896552
top ranking mesa seo consulting company,vnm,0,1,0.0,95.0
top ranking seo marketing agency in mesa,ben,0,1,0.0,99.0
top ranking seo marketing agency in mesa,gbr,0,2,0.0,99.5
top ranking seo marketing agency in mesa,ind,0,3,0.0,101.33333333333333
top ranking seo marketing agency in mesa,ken,0,1,0.0,98.0
top ranking seo marketing agency in mesa,mng,0,1,0.0,100.0
top ranking seo marketing agency in mesa,pol,0,1,0.0,95.0
top ranking seo marketing agency in mesa,usa,0,7,0.0,95.14285714285714
top ranking seo marketing company in mesa,alb,0,1,0.0,94.0
top ranking seo marketing company in mesa,deu,0,1,0.0,99.0
top ranking seo marketing company in mesa,gbr,0,3,0.0,96.66666666666667
top ranking seo marketing company in mesa,ind,0,2,0.0,98.5
top ranking seo marketing company in mesa,mex,0,1,0.0,102.0
top ranking seo marketing company in mesa,phl,0,1,0.0,99.0
top ranking seo marketing company in mesa,tha,0,1,0.0,96.0
top ranking seo marketing company in mesa,usa,0,10,0.0,100.5
top ranking seo marketing company in mesa,ven,0,1,0.0,101.0
top ranking seo marketing company in mesa,vnm,0,3,0.0,100.0
top ranking seo marketing firm in mesa,gbr,0,1,0.0,102.0
top ranking seo marketing firm in mesa,ind,0,1,0.0,100.0
top ranking seo marketing firm in mesa,mkd,0,1,0.0,100.0
top ranking seo marketing firm in mesa,tha,0,1,0.0,100.0
top ranking seo marketing firm in mesa,usa,0,5,0.0,95.4
top rated search optimization services company in mesa,are,0,1,0.0,80.0
top rated search optimization services company in mesa,bra,0,8,0.0,96.375
top rated search optimization services company in mesa,dza,0,1,0.0,95.0
top rated search optimization services company in mesa,egy,0,1,0.0,89.0
top rated search optimization services company in mesa,gbr,0,1,0.0,91.0
top rated search optimization services company in mesa,isr,0,1,0.0,89.0
top rated search optimization services company in mesa,kaz,0,1,0.0,102.0
top rated search optimization services company in mesa,phl,0,1,0.0,97.0
top rated search optimization services company in mesa,rus,0,1,0.0,97.0
top rated search optimization services company in mesa,sau,0,1,0.0,88.0
top rated search optimization services company in mesa,swe,0,1,0.0,92.0
top rated search optimization services company in mesa,usa,0,26,0.0,95.23076923076923
top rated web developer,usa,0,1,0.0,3.0
top search engine optimization companies tempe,gbr,0,5,0.0,59.6
top search engine optimization companies tempe,ind,0,2,0.0,70.0
top search engine optimization companies tempe,usa,0,13,0.0,65.84615384615384
top search engine optimization services in chandler az,bra,0,7,0.0,88.57142857142857
top search engine optimization services in chandler az,gbr,0,1,0.0,85.0
top search engine optimization services in chandler az,pak,0,1,0.0,100.0
top search engine optimization services in chandler az,rus,0,4,0.0,88.25
top search engine optimization services in chandler az,twn,0,1,0.0,97.0
top search engine optimization services in chandler az,usa,0,14,0.0,94.14285714285714
top seo companies in arizona,gbr,0,1,0.0,81.0
top seo companies in arizona,ita,0,1,0.0,96.0
top seo companies in arizona,usa,0,72,0.0,84.52777777777777
top seo company arizona,usa,0,1,0.0,65.0
top seo firm scottsdale,bra,0,2,0.0,100.0
top seo firm scottsdale,cze,0,1,0.0,96.0
top seo firm scottsdale,deu,0,1,0.0,81.0
top seo firm scottsdale,ita,0,2,0.0,83.5
top seo firm scottsdale,kor,0,2,0.0,97.5
top seo firm scottsdale,rus,0,1,0.0,98.0
top seo firm scottsdale,usa,0,2,0.0,94.0
top seo services agency in arizona,ind,0,17,0.0,81.70588235294117
top seo services in arizona,ind,0,7,0.0,83.0
top seo services in phoenix,arg,0,1,0.0,100.0
top seo services in phoenix,hnd,0,1,0.0,102.0
top seo services in phoenix,ind,0,1,0.0,96.0
top seo services in phoenix,usa,0,1,0.0,99.0
top web app development company in arizona,bra,0,3,0.0,72.66666666666667
top web app development company in arizona,can,0,2,0.0,50.5
top web app development company in arizona,ind,0,1,0.0,75.0
top web app development company in arizona,jam,0,1,0.0,55.0
top web app development company in arizona,kor,0,2,0.0,74.0
top web app development company in arizona,mar,0,1,0.0,71.0
top web app development company in arizona,mex,0,1,0.0,74.0
top web app development company in arizona,phl,0,1,0.0,70.0
top web app development company in arizona,rus,0,1,0.0,57.0
top web app development company in arizona,ukr,0,1,0.0,74.0
top web app development company in arizona,usa,0,87,0.0,64.08045977011494
top web application development companies,usa,0,2,0.0,11.5
top web development agencies,usa,0,1,0.0,1.0
trade website development company associative,usa,0,1,0.0,13.0
training best internal linking plugin,gbr,0,11,0.0,81.18181818181819
training best internal linking plugin,usa,0,10,0.0,92.4
training internal linking plugin,are,0,1,0.0,98.0
training internal linking plugin,usa,0,1,0.0,88.0
trusted small business seo firms arizona,usa,0,1,0.0,73.0
tutorial best internal linking plugin,rus,0,1,0.0,80.0
tutorial best internal linking plugin,usa,0,9,0.0,93.88888888888889
web,usa,0,2,0.0,8.5
web agency ain,mar,0,1,0.0,78.0
web agency ain,usa,0,35,0.0,81.22857142857143
web and mobile app development agency,ind,0,1,0.0,112.0
web and mobile development services,usa,0,2,0.0,94.0
web app developer near me,usa,0,2,0.0,11.0
web app development agencies near me,usa,0,12,0.0,73.83333333333333
web app development company,usa,0,1,0.0,6.0
web app development company associative,usa,0,2,0.0,37.5
web app development near me,can,0,1,0.0,49.0
web app development near me,ecu,0,1,0.0,47.0
web app development near me,usa,0,21,0.0,79.47619047619048
web app development scottsdale,usa,0,31,0.0,49.12903225806452
web application companies,usa,0,1,0.0,1.0
web application company,usa,0,4,0.0,1.0
web application development agency,usa,0,1,0.0,1.0
web application development company,usa,0,2,0.0,3.5
web application development scottsdale,gbr,0,3,0.0,68.33333333333333
web application development scottsdale,usa,0,9,0.0,43.666666666666664
web application development service near me,usa,0,1,0.0,82.0
web apps development company,usa,0,1,0.0,6.0
web az,grc,0,1,0.0,6.0
web az,nld,0,2,0.0,33.5
web az,usa,0,7,0.0,31.714285714285715
web company near me,usa,0,1,0.0,14.0
web compnay phoenix,usa,0,4,0.0,85.75
web consulting phoenix arizona,arg,0,1,0.0,1.0
web consulting phoenix arizona,usa,0,10,0.0,87.4
web consulting phoenix arizona,ven,0,1,0.0,1.0
web corp,usa,0,1,0.0,6.0
web design & development services,usa,0,1,0.0,73.0
web design & seo service,usa,0,1,0.0,22.0
web design agency arizona,usa,0,38,0.0,60.44736842105263
"web design agency in peoria, az",usa,0,5,0.0,95.8
web design agency mesa arizona,usa,0,7,0.0,63.714285714285715
web design agency peoria az,usa,0,4,0.0,92.5
web design and development agency,usa,0,1,0.0,77.0
web design and development company associative,usa,0,1,0.0,27.0
web design and development in gilbert town,are,0,8,0.0,64.0
web design and development in gilbert town,irl,0,1,0.0,62.0
web design and development in gilbert town,usa,0,17,0.0,67.70588235294117
web design and development near me,chl,0,1,0.0,23.0
web design and development near me,fra,0,1,0.0,28.0
web design and development near me,ita,0,5,0.0,27.8
web design and development near me,pri,0,1,0.0,21.0
web design and development near me,usa,0,10,0.0,27.5
web design and development near me,zwe,0,1,0.0,26.0
web design and development phoenix,usa,0,9,0.0,86.77777777777777
web design and development services in gilbert town,are,0,10,0.0,59.7
web design and development services in gilbert town,kwt,0,1,0.0,53.0
web design and development services in gilbert town,usa,0,15,0.0,55.733333333333334
web design and development services near me,usa,0,4,0.0,15.0
web design and development sun city,usa,0,1,0.0,86.0
web design and digital marketing,usa,0,1,0.0,2.0
web design and seo company,usa,0,1,0.0,1.0
web design arizona,arg,0,1,0.0,70.0
web design arizona,bra,0,3,0.0,78.33333333333333
web design arizona,deu,0,1,0.0,61.0
web design arizona,egy,0,1,0.0,62.0
web design arizona,esp,0,3,0.0,66.0
web design arizona,fra,0,1,0.0,99.0
web design arizona,gbr,0,4,0.0,56.25
web design arizona,idn,0,1,0.0,21.0
web design arizona,ind,0,1,0.0,40.0
web design arizona,irn,0,1,0.0,58.0
web design arizona,ken,0,2,0.0,72.0
web design arizona,mar,0,1,0.0,38.0
web design arizona,mex,0,1,0.0,85.0
web design arizona,mys,0,1,0.0,30.0
web design arizona,nld,0,1,0.0,48.0
web design arizona,pak,0,1,0.0,77.0
web design arizona,phl,0,1,0.0,84.0
web design arizona,qat,0,1,0.0,101.0
web design arizona,sau,0,1,0.0,49.0
web design arizona,sen,0,1,0.0,97.0
web design arizona,tun,0,1,0.0,74.0
web design arizona,tur,0,1,0.0,57.0
web design arizona az,bra,0,2,0.0,92.0
web design arizona az,usa,0,1,0.0,93.0
web design arizona sun city,usa,0,1,0.0,94.0
web design az,arg,0,1,0.0,97.0
web design az,aus,0,1,0.0,59.0
web design az,bra,0,3,0.0,98.0
web design az,can,0,1,0.0,101.0
web design az,col,0,1,0.0,101.0
web design az,dom,0,1,0.0,99.0
web design az,egy,0,1,0.0,73.0
web design az,esp,0,1,0.0,100.0
web design az,gbr,0,4,0.0,75.75
web design az,ind,0,1,0.0,99.0
web design az,ita,0,1,0.0,99.0
web design az,mar,0,1,0.0,92.0
web design az,mex,0,2,0.0,96.0
web design az,nzl,0,2,0.0,63.0
web design az,pak,0,1,0.0,72.0
web design az,pol,0,1,0.0,96.0
web design az,tur,0,1,0.0,101.0
web design az,usa,0,568,0.0,65.4419014084507
web design az,zzz,0,1,0.0,101.0
web design companies in arizona,npl,0,1,0.0,43.0
web design companies in arizona,usa,0,51,0.0,72.13725490196079
web design companies in arizona,vnm,0,1,0.0,52.0
web design companies in mesa,usa,0,2,0.0,98.0
web design companies near me,usa,0,1,0.0,88.0
web design company,usa,0,1,0.0,9.0
web design company arizona,are,0,1,0.0,56.0
web design company arizona,bra,0,1,0.0,58.0
web design company arizona,gbr,0,1,0.0,44.0
web design company arizona,idn,0,1,0.0,67.0
web design company arizona,ind,0,3,0.0,45.333333333333336
web design company arizona,nga,0,1,0.0,23.0
web design company arizona,rus,0,1,0.0,82.0
web design company arizona,tun,0,1,0.0,87.0
web design company arizona,usa,0,439,0.0,55.45785876993166
web design company az,usa,0,11,0.0,56.09090909090909
web design company in arizona,tur,0,1,0.0,64.0
web design company in arizona,usa,0,56,0.0,68.16071428571429
web design company maricopa county,usa,0,5,0.0,77.6
web design company mesa,usa,0,10,0.0,96.6
web design company mesa az,usa,0,66,0.0,77.68181818181819
web design company near me,mar,0,1,0.0,26.0
web design company near me,usa,0,3,0.0,36.666666666666664
web design company near me,vnm,0,1,0.0,27.0
web design company near sun city az,usa,0,2,0.0,98.5
web design gilbert,bra,0,1,0.0,74.0
web design gilbert,irq,0,1,0.0,92.0
web design gilbert,nld,0,1,0.0,78.0
web design gilbert,ukr,0,1,0.0,73.0
web design gilbert,ury,0,1,0.0,86.0
web design gilbert az,bgr,0,1,0.0,9.0
web design gilbert az,bra,0,1,0.0,48.0
web design gilbert az,ecu,0,1,0.0,9.0
web design gilbert az,egy,0,1,0.0,82.0
web design gilbert az,gbr,0,4,0.0,50.5
web design gilbert az,ind,0,3,0.0,15.333333333333334
web design gilbert az,irn,0,1,0.0,12.0
web design gilbert az,phl,0,1,0.0,23.0
web design gilbert az,rus,0,3,0.0,9.0
web design gilbert az,tur,0,2,0.0,22.5
web design gilbert az,vnm,0,2,0.0,33.5
web design in arizona,arg,0,2,0.0,70.5
web design in arizona,bgd,0,2,0.0,46.5
web design in arizona,bra,0,7,0.0,67.57142857142857
web design in arizona,can,0,1,0.0,61.0
web design in arizona,cri,0,1,0.0,100.0
web design in arizona,deu,0,1,0.0,95.0
web design in arizona,dza,0,1,0.0,68.0
web design in arizona,gbr,0,7,0.0,61.857142857142854
web design in arizona,grc,0,1,0.0,94.0
web design in arizona,idn,0,1,0.0,58.0
web design in arizona,ind,0,2,0.0,75.0
web design in arizona,irq,0,1,0.0,72.0
web design in arizona,jam,0,1,0.0,59.0
web design in arizona,kor,0,1,0.0,47.0
web design in arizona,lbn,0,1,0.0,89.0
web design in arizona,mar,0,1,0.0,61.0
web design in arizona,mex,0,1,0.0,54.0
web design in arizona,mys,0,1,0.0,80.0
web design in arizona,pak,0,1,0.0,72.0
web design in arizona,per,0,1,0.0,95.0
web design in arizona,phl,0,1,0.0,36.0
web design in arizona,rou,0,1,0.0,86.0
web design in arizona,tto,0,1,0.0,88.0
web design in arizona,tur,0,2,0.0,75.0
web design in arizona,ury,0,1,0.0,66.0
web design in arizona,usa,0,245,0.0,51.926530612244896
web design in arizona,vnm,0,2,0.0,73.0
web design in arizona,zaf,0,2,0.0,78.0
web design in casa grande arizona,gbr,0,1,0.0,81.0
web design in casa grande arizona,usa,0,1,0.0,94.0
web design in dewey-humboldt az,usa,0,1,0.0,69.0
web design in phoenix arizona,usa,0,1,0.0,32.0
web design in safford arizona,gbr,0,1,0.0,93.0
web design mesa,usa,0,3,0.0,67.66666666666667
web design mesa arizona,bra,0,1,0.0,86.0
web design mesa arizona,usa,0,23,0.0,94.30434782608695
web design mesa az,bra,0,6,0.0,86.0
web design mesa az,deu,0,1,0.0,85.0
web design mesa az,gbr,0,1,0.0,64.0
web design mesa az,ind,0,3,0.0,86.0
web design mesa az,irn,0,1,0.0,97.0
web design mesa az,irq,0,1,0.0,82.0
web design mesa az,kor,0,7,0.0,84.71428571428571
web design mesa az,ltu,0,1,0.0,95.0
web design mesa az,mex,0,1,0.0,101.0
web design mesa az,rus,0,1,0.0,87.0
web design mesa az,usa,0,89,0.0,73.6067415730337
web design services arizona,bra,0,3,0.0,69.0
web design services arizona,can,0,1,0.0,47.0
web design services arizona,cze,0,1,0.0,98.0
web design services arizona,gbr,0,2,0.0,76.5
web design services arizona,idn,0,2,0.0,41.0
web design services arizona,ind,0,1,0.0,92.0
web design services arizona,irl,0,1,0.0,54.0
web design services arizona,sau,0,1,0.0,100.0
web design services arizona,usa,0,38,0.0,64.73684210526315
web design services arizona,vnm,0,3,0.0,39.666666666666664
web design services arizona,zaf,0,1,0.0,57.0
web design services gilbert az,bra,0,1,0.0,63.0
web design services gilbert az,egy,0,1,0.0,62.0
web design services gilbert az,gbr,0,3,0.0,78.33333333333333
web design services gilbert az,ind,0,3,0.0,62.666666666666664
web design services gilbert az,ita,0,1,0.0,57.0
web design services gilbert az,khm,0,1,0.0,70.0
web design services gilbert az,kor,0,3,0.0,62.666666666666664
web design services gilbert az,mys,0,1,0.0,61.0
web design services gilbert az,phl,0,1,0.0,56.0
web design services gilbert az,rus,0,2,0.0,58.5
web design services gilbert az,tha,0,1,0.0,60.0
web design services gilbert az,usa,0,83,0.0,25.048192771084338
web design services gilbert az,uzb,0,1,0.0,70.0
web design services gilbert az,ven,0,1,0.0,63.0
web design services gilbert az,vnm,0,1,0.0,63.0
web design services in gilbert az,ita,0,1,0.0,87.0
web design services in gilbert az,rus,0,1,0.0,98.0
web design services in gilbert az,ven,0,1,0.0,87.0
web design services mesa,mar,0,1,0.0,86.0
web design services mesa,rus,0,1,0.0,97.0
web design services mesa,usa,0,29,0.0,86.93103448275862
web design services mesa az,bra,0,1,0.0,100.0
web design services mesa az,nzl,0,1,0.0,72.0
web design services mesa az,usa,0,29,0.0,87.79310344827586
web design services near me,usa,0,19,0.0,23.736842105263158
web design services sun city az,usa,0,6,0.0,91.83333333333333
web design tempe,usa,0,1,0.0,75.0
web design tempe arizona,gbr,0,2,0.0,61.5
web design tempe arizona,usa,0,13,0.0,82.3076923076923
web design tempe az,deu,0,1,0.0,65.0
web design tempe az,gbr,0,1,0.0,52.0
web design tempe az,usa,0,51,0.0,77.3529411764706
web design willowbrook,usa,0,1,0.0,85.0
web design/development,usa,0,1,0.0,2.0
web designer arizona,bgd,0,1,0.0,62.0
web designer arizona,can,0,1,0.0,82.0
web designer arizona,cri,0,1,0.0,39.0
web designer arizona,dza,0,1,0.0,81.0
web designer arizona,ecu,0,1,0.0,85.0
web designer arizona,gbr,0,4,0.0,66.0
web designer arizona,idn,0,1,0.0,23.0
web designer arizona,ind,0,1,0.0,80.0
web designer arizona,kaz,0,1,0.0,46.0
web designer arizona,kor,0,2,0.0,84.5
web designer arizona,ltu,0,1,0.0,80.0
web designer arizona,mex,0,2,0.0,73.0
web designer arizona,pol,0,1,0.0,84.0
web designer arizona,rou,0,1,0.0,92.0
web designer arizona,rus,0,4,0.0,77.5
web designer arizona,swe,0,1,0.0,91.0
web designer arizona,tha,0,1,0.0,77.0
web designer arizona,twn,0,1,0.0,77.0
web designer arizona,vnm,0,2,0.0,80.0
web designer az,fra,0,1,0.0,86.0
web designer az,usa,0,18,0.0,66.66666666666667
web designer cave creek,usa,0,17,0.0,73.82352941176471
web designer company near me,usa,0,10,0.0,61.1
web designer in arizona,arg,0,3,0.0,79.0
web designer in arizona,bih,0,1,0.0,98.0
web designer in arizona,bra,0,4,0.0,81.5
web designer in arizona,can,0,1,0.0,69.0
web designer in arizona,civ,0,1,0.0,60.0
web designer in arizona,deu,0,4,0.0,92.0
web designer in arizona,egy,0,1,0.0,71.0
web designer in arizona,esp,0,1,0.0,74.0
web designer in arizona,gbr,0,4,0.0,79.25
web designer in arizona,idn,0,1,0.0,47.0
web designer in arizona,ind,0,5,0.0,65.6
web designer in arizona,ita,0,1,0.0,46.0
web designer in arizona,ken,0,1,0.0,45.0
web designer in arizona,kor,0,4,0.0,87.0
web designer in arizona,mex,0,1,0.0,44.0
web designer in arizona,nld,0,1,0.0,98.0
web designer in arizona,npl,0,1,0.0,72.0
web designer in arizona,pak,0,2,0.0,89.5
web designer in arizona,phl,0,1,0.0,91.0
web designer in arizona,rus,0,4,0.0,87.5
web designer in arizona,usa,0,422,0.0,51.073459715639814
web designer in arizona,uzb,0,1,0.0,99.0
web designer in gilbert,bra,0,1,0.0,82.0
web designer in gilbert,kor,0,1,0.0,86.0
web designer in gilbert,rus,0,1,0.0,44.0
web designer in gilbert,usa,0,86,0.0,68.44186046511628
web designer in gilbert az,arg,0,1,0.0,72.0
web designer in gilbert az,bra,0,1,0.0,101.0
web designer in gilbert az,usa,0,82,0.0,39.390243902439025
"web designer in phoenix, maricopa county",usa,0,1,0.0,100.0
web designer mesa az,gbr,0,1,0.0,74.0
web designer mesa az,usa,0,42,0.0,78.83333333333333
web designer near me,usa,0,35,0.0,29.62857142857143
web designer nearby,kor,0,1,0.0,30.0
web designer nearby,mex,0,1,0.0,54.0
web designer nearby,rus,0,2,0.0,51.5
web designer nearby,usa,0,51,0.0,36.529411764705884
web designer services,usa,0,2,0.0,1.0
web designer tempe arizona,usa,0,11,0.0,82.18181818181819
web designer tempe az,usa,0,10,0.0,83.6
web designers,usa,0,20,0.0,9.1
web designers arizona,bgd,0,1,0.0,30.0
web designers arizona,bra,0,1,0.0,50.0
web designers arizona,col,0,1,0.0,41.0
web designers arizona,gbr,0,6,0.0,58.833333333333336
web designers arizona,ind,0,1,0.0,96.0
web designers arizona,usa,0,18,0.0,57.166666666666664
web designers arizona az,bra,0,1,0.0,98.0
web designers arizona az,usa,0,47,0.0,88.04255319148936
web designers arizona az,ven,0,1,0.0,28.0
web designers gilbert,ind,0,1,0.0,47.0
web designers in arizona,are,0,1,0.0,86.0
web designers in arizona,arg,0,1,0.0,86.0
web designers in arizona,bgd,0,1,0.0,51.0
web designers in arizona,bra,0,33,0.0,75.93939393939394
web designers in arizona,can,0,3,0.0,76.0
web designers in arizona,chl,0,1,0.0,73.0
web designers in arizona,dza,0,1,0.0,67.0
web designers in arizona,ecu,0,4,0.0,72.5
web designers in arizona,egy,0,1,0.0,100.0
web designers in arizona,esp,0,2,0.0,85.0
web designers in arizona,fji,0,1,0.0,34.0
web designers in arizona,gbr,0,10,0.0,54.1
web designers in arizona,grc,0,1,0.0,80.0
web designers in arizona,hrv,0,1,0.0,84.0
web designers in arizona,idn,0,2,0.0,22.0
web designers in arizona,ind,0,6,0.0,79.33333333333333
web designers in arizona,kor,0,12,0.0,78.58333333333333
web designers in arizona,lka,0,1,0.0,69.0
web designers in arizona,mar,0,1,0.0,45.0
web designers in arizona,mex,0,2,0.0,82.0
web designers in arizona,nld,0,1,0.0,87.0
web designers in arizona,pak,0,1,0.0,84.0
web designers in arizona,per,0,1,0.0,32.0
web designers in arizona,phl,0,4,0.0,36.5
web designers in arizona,pry,0,1,0.0,78.0
web designers in arizona,rou,0,2,0.0,55.0
web designers in arizona,rus,0,9,0.0,78.11111111111111
web designers in arizona,twn,0,2,0.0,68.0
web designers in arizona,usa,0,369,0.0,33.921409214092144
web designers in arizona,uzb,0,1,0.0,71.0
web designers in arizona,ven,0,1,0.0,81.0
web designers in arizona,vnm,0,1,0.0,77.0
web designers in arizona,zaf,0,2,0.0,66.0
web designers in phoenix az,usa,0,2,0.0,72.5
"web designers in sedona, az",usa,0,1,0.0,100.0
web designers mesa,usa,0,1,0.0,84.0
web designers mesa az,usa,0,5,0.0,92.0
web designing seo,usa,0,1,0.0,2.0
web dev company,usa,0,11,0.0,31.545454545454547
web dev company near me,aus,0,1,0.0,100.0
web dev firm,usa,0,2,0.0,15.0
web dev near me,usa,0,2,0.0,1.0
web deve,usa,0,3,0.0,6.333333333333333
web devel,usa,0,2,0.0,9.0
web develepor,usa,0,1,0.0,8.0
web develope,usa,0,1,0.0,12.0
web developemnt company,usa,0,1,0.0,46.0
web developer agencies,usa,0,1,0.0,1.0
web developer agency,usa,0,1,0.0,1.0
web developer agency near me,usa,0,1,0.0,9.0
web developer and seo,usa,0,1,0.0,2.0
web developer arizona,are,0,2,0.0,8.0
web developer arizona,bgd,0,1,0.0,8.0
web developer arizona,bra,0,37,0.0,7.405405405405405
web developer arizona,can,0,2,0.0,4.5
web developer arizona,chl,0,1,0.0,9.0
web developer arizona,col,0,1,0.0,6.0
web developer arizona,cyp,0,1,0.0,7.0
web developer arizona,deu,0,1,0.0,9.0
web developer arizona,dom,0,1,0.0,7.0
web developer arizona,esp,0,1,0.0,7.0
web developer arizona,fra,0,2,0.0,7.5
web developer arizona,gbr,0,12,0.0,10.416666666666666
web developer arizona,gtm,0,1,0.0,7.0
web developer arizona,idn,0,1,0.0,7.0
web developer arizona,ind,0,6,0.0,8.333333333333332
web developer arizona,irl,0,1,0.0,7.0
web developer arizona,isr,0,1,0.0,9.0
web developer arizona,jam,0,1,0.0,8.0
web developer arizona,kor,0,7,0.0,7.428571428571429
web developer arizona,ltu,0,2,0.0,8.5
web developer arizona,mar,0,1,0.0,8.0
web developer arizona,mda,0,1,0.0,6.0
web developer arizona,mex,0,5,0.0,8.2
web developer arizona,mys,0,1,0.0,9.0
web developer arizona,nld,0,2,0.0,7.0
web developer arizona,npl,0,1,0.0,7.0
web developer arizona,phl,0,3,0.0,32.33333333333333
web developer arizona,pol,0,1,0.0,7.0
web developer arizona,rus,0,11,0.0,7.545454545454546
web developer arizona,sgp,0,1,0.0,6.0
web developer arizona,slv,0,1,0.0,7.0
web developer arizona,swe,0,1,0.0,8.0
web developer arizona,tun,0,1,0.0,6.0
web developer arizona,twn,0,5,0.0,6.8
web developer arizona,ukr,0,2,0.0,9.0
web developer arizona,vnm,0,1,0.0,6.0
web developer around me,usa,0,1,0.0,7.0
web developer association,usa,0,1,0.0,67.0
web developer companies,usa,0,1,0.0,45.0
web developer company,usa,0,4,0.0,55.25
web developer in phoenix,usa,0,17,0.0,54.94117647058823
web developer near me,usa,0,38,0.0,46.36842105263158
web developer phoenix,arg,0,1,0.0,76.0
web developer phoenix,aus,0,2,0.0,70.5
web developer phoenix,bih,0,1,0.0,50.0
web developer phoenix,bra,0,3,0.0,88.66666666666667
web developer phoenix,ecu,0,3,0.0,94.0
web developer phoenix,fra,0,1,0.0,96.0
web developer phoenix,gbr,0,1,0.0,75.0
web developer phoenix,idn,0,1,0.0,45.0
web developer phoenix,ind,0,1,0.0,76.0
web developer phoenix,ita,0,1,0.0,51.0
web developer phoenix,mys,0,1,0.0,58.0
web developer phoenix,phl,0,1,0.0,86.0
web developer phoenix,pol,0,1,0.0,101.0
web developer phoenix,sau,0,1,0.0,80.0
web developer phoenix,tur,0,1,0.0,37.0
web developer phoenix,ury,0,1,0.0,98.0
web developer phoenix,usa,0,584,0.0,72.41952054794521
web developer phoenix,ven,0,1,0.0,91.0
web developer phoenix,vnm,0,3,0.0,88.66666666666667
web developer phoenix,zaf,0,1,0.0,96.0
web developer phoenix az,ago,0,1,0.0,21.0
web developer phoenix az,arg,0,1,0.0,51.0
web developer phoenix az,bgr,0,1,0.0,39.0
web developer phoenix az,bhr,0,1,0.0,35.0
web developer phoenix az,bra,0,18,0.0,43.77777777777778
web developer phoenix az,can,0,1,0.0,48.0
web developer phoenix az,chl,0,1,0.0,45.0
web developer phoenix az,egy,0,1,0.0,26.0
web developer phoenix az,esp,0,2,0.0,46.0
web developer phoenix az,fra,0,2,0.0,34.0
web developer phoenix az,gbr,0,6,0.0,42.666666666666664
web developer phoenix az,gtm,0,1,0.0,47.0
web developer phoenix az,idn,0,1,0.0,47.0
web developer phoenix az,ind,0,8,0.0,43.25
web developer phoenix az,ita,0,1,0.0,39.0
web developer phoenix az,jpn,0,1,0.0,36.0
web developer phoenix az,kor,0,4,0.0,46.5
web developer phoenix az,lka,0,1,0.0,41.0
web developer phoenix az,mar,0,1,0.0,43.0
web developer phoenix az,mex,0,3,0.0,44.0
web developer phoenix az,mus,0,1,0.0,51.0
web developer phoenix az,mys,0,2,0.0,35.0
web developer phoenix az,phl,0,1,0.0,44.0
web developer phoenix az,pry,0,1,0.0,34.0
web developer phoenix az,rus,0,4,0.0,46.5
web developer phoenix az,tha,0,1,0.0,48.0
web developer phoenix az,tur,0,1,0.0,61.0
web developer phoenix az,twn,0,1,0.0,69.0
web developer phoenix az,ukr,0,2,0.0,48.5
web developer phoenix az,ven,0,2,0.0,48.0
web developer phoenix az,vnm,0,2,0.0,37.0
web developer phoenix az,zaf,0,1,0.0,42.0
web developer scottsdale,gbr,0,1,0.0,65.0
web developer scottsdale,usa,0,4,0.0,52.0
web developer services,usa,0,1,0.0,1.0
web developer springfield,usa,0,12,0.0,80.08333333333333
web developers,usa,0,116,0.0,3.456896551724138
web developers arizona,arg,0,3,0.0,24.333333333333332
web developers arizona,bgd,0,1,0.0,9.0
web developers arizona,can,0,1,0.0,19.0
web developers arizona,col,0,1,0.0,10.0
web developers arizona,deu,0,1,0.0,32.0
web developers arizona,ecu,0,1,0.0,26.0
web developers arizona,egy,0,1,0.0,22.0
web developers arizona,fra,0,1,0.0,32.0
web developers arizona,idn,0,3,0.0,19.333333333333332
web developers arizona,ind,0,2,0.0,17.5
web developers arizona,irq,0,1,0.0,4.0
web developers arizona,ken,0,1,0.0,15.0
web developers arizona,kor,0,8,0.0,24.25
web developers arizona,mys,0,1,0.0,12.0
web developers arizona,nzl,0,1,0.0,18.0
web developers arizona,phl,0,2,0.0,21.0
web developers arizona,pol,0,1,0.0,24.0
web developers arizona,rus,0,7,0.0,22.714285714285715
web developers arizona,srb,0,2,0.0,26.0
web developers arizona,tha,0,1,0.0,8.0
web developers arizona,twn,0,3,0.0,22.333333333333332
web developers arizona,ukr,0,1,0.0,24.0
web developers arizona,usa,0,287,0.0,15.679442508710801
web developers arizona,vnm,0,2,0.0,23.5
web developers in gilbert arizona,aus,0,1,0.0,1.0
web developers in gilbert arizona,bra,0,1,0.0,1.0
web developers in gilbert arizona,ecu,0,1,0.0,1.0
web developers in gilbert arizona,idn,0,1,0.0,1.0
web developers in gilbert arizona,ind,0,2,0.0,1.0
web developers in gilbert arizona,ita,0,1,0.0,1.0
web developers in gilbert arizona,tur,0,1,0.0,1.0
web developers in gilbert arizona,twn,0,1,0.0,1.0
web developers in gilbert arizona,usa,0,6,0.0,1.0
web developers in phoenix az,abw,0,1,0.0,37.0
web developers in phoenix az,arg,0,7,0.0,34.42857142857143
web developers in phoenix az,bel,0,1,0.0,31.0
web developers in phoenix az,bgd,0,2,0.0,29.5
web developers in phoenix az,bhs,0,1,0.0,30.0
web developers in phoenix az,bol,0,1,0.0,33.0
web developers in phoenix az,bra,0,77,0.0,37.66233766233766
web developers in phoenix az,can,0,2,0.0,33.5
web developers in phoenix az,che,0,1,0.0,30.0
web developers in phoenix az,chl,0,1,0.0,37.0
web developers in phoenix az,col,0,1,0.0,31.0
web developers in phoenix az,cyp,0,1,0.0,38.0
web developers in phoenix az,deu,0,6,0.0,43.833333333333336
web developers in phoenix az,dom,0,2,0.0,38.0
web developers in phoenix az,ecu,0,2,0.0,37.0
web developers in phoenix az,egy,0,3,0.0,40.0
web developers in phoenix az,esp,0,2,0.0,36.5
web developers in phoenix az,fra,0,10,0.0,44.3
web developers in phoenix az,gab,0,1,0.0,33.0
web developers in phoenix az,gbr,0,8,0.0,36.875
web developers in phoenix az,idn,0,2,0.0,35.5
web developers in phoenix az,ind,0,14,0.0,36.42857142857143
web developers in phoenix az,irn,0,2,0.0,39.5
web developers in phoenix az,isr,0,1,0.0,37.0
web developers in phoenix az,ita,0,19,0.0,47.421052631578945
web developers in phoenix az,jey,0,1,0.0,40.0
web developers in phoenix az,jpn,0,4,0.0,29.25
web developers in phoenix az,ken,0,1,0.0,55.0
web developers in phoenix az,kor,0,27,0.0,36.96296296296296
web developers in phoenix az,lva,0,1,0.0,33.0
web developers in phoenix az,mar,0,2,0.0,40.0
web developers in phoenix az,mex,0,5,0.0,34.8
web developers in phoenix az,mys,0,1,0.0,36.0
web developers in phoenix az,nld,0,2,0.0,28.0
web developers in phoenix az,pak,0,6,0.0,43.5
web developers in phoenix az,per,0,1,0.0,57.0
web developers in phoenix az,phl,0,4,0.0,32.75
web developers in phoenix az,pol,0,2,0.0,44.5
web developers in phoenix az,qat,0,1,0.0,28.0
web developers in phoenix az,rus,0,30,0.0,35.6
web developers in phoenix az,sgp,0,2,0.0,40.5
web developers in phoenix az,swe,0,2,0.0,42.5
web developers in phoenix az,tha,0,1,0.0,63.0
web developers in phoenix az,tjk,0,1,0.0,36.0
web developers in phoenix az,tur,0,3,0.0,35.333333333333336
web developers in phoenix az,twn,0,2,0.0,40.0
web developers in phoenix az,usa,0,517,0.0,33.172147001934235
web developers in phoenix az,vnm,0,3,0.0,40.0
web developers in phoenix az,zaf,0,1,0.0,37.0
web developers in phoenix az,zzz,0,1,0.0,36.0
web developers near me,usa,0,2,0.0,17.0
web developers phoenix,bra,0,1,0.0,47.0
web developers phoenix,usa,0,32,0.0,67.09375
web developers phoenix az,arg,0,2,0.0,66.5
web developers phoenix az,aze,0,1,0.0,67.0
web developers phoenix az,bgd,0,1,0.0,63.0
web developers phoenix az,bgr,0,1,0.0,83.0
web developers phoenix az,bra,0,19,0.0,65.52631578947368
web developers phoenix az,col,0,1,0.0,74.0
web developers phoenix az,esp,0,1,0.0,33.0
web developers phoenix az,gbr,0,3,0.0,65.33333333333333
web developers phoenix az,hun,0,1,0.0,71.0
web developers phoenix az,ind,0,7,0.0,64.85714285714286
web developers phoenix az,kor,0,8,0.0,65.125
web developers phoenix az,lka,0,1,0.0,101.0
web developers phoenix az,mex,0,2,0.0,86.5
web developers phoenix az,mys,0,1,0.0,62.0
web developers phoenix az,nld,0,3,0.0,86.33333333333333
web developers phoenix az,per,0,1,0.0,78.0
web developers phoenix az,phl,0,1,0.0,80.0
web developers phoenix az,rus,0,5,0.0,65.4
web developers phoenix az,sau,0,1,0.0,67.0
web developers phoenix az,sen,0,1,0.0,62.0
web developers phoenix az,tto,0,1,0.0,64.0
web developers phoenix az,tun,0,1,0.0,82.0
web developers phoenix az,tur,0,1,0.0,79.0
web developers phoenix az,twn,0,3,0.0,80.33333333333333
web developers phoenix az,usa,0,107,0.0,40.345794392523366
web developers phoenix az,ven,0,1,0.0,71.0
web developers phoenix az,vnm,0,1,0.0,37.0
web developers resources,usa,0,2,0.0,11.5
web developers sedona,usa,0,43,0.0,49.7906976744186
web development,usa,0,1478,0.0,4.922192151556157
web development agencies,usa,0,2,0.0,2.0
web development agencies in phoenix,twn,0,1,0.0,94.0
web development agencies in phoenix,usa,0,20,0.0,76.75
web development agencies near me,usa,0,2,0.0,10.0
web development agency,usa,0,11,0.0,42.18181818181818
web development agency ada,usa,0,5,0.0,71.4
web development agency arizona,arg,0,1,0.0,21.0
web development agency arizona,bra,0,20,0.0,27.85
web development agency arizona,can,0,1,0.0,6.0
web development agency arizona,fra,0,1,0.0,21.0
web development agency arizona,gbr,0,8,0.0,22.25
web development agency arizona,ind,0,3,0.0,24.333333333333332
web development agency arizona,kor,0,4,0.0,26.5
web development agency arizona,mar,0,2,0.0,23.5
web development agency arizona,mex,0,1,0.0,27.0
web development agency arizona,nld,0,1,0.0,25.0
web development agency arizona,phl,0,2,0.0,26.0
web development agency arizona,pol,0,2,0.0,26.5
web development agency arizona,rus,0,2,0.0,24.5
web development agency arizona,tur,0,1,0.0,46.0
web development agency arizona,usa,0,312,0.0,15.878205128205128
web development agency arizona,ven,0,1,0.0,43.0
web development agency arizona,vnm,0,1,0.0,26.0
web development agency chandler az,usa,0,30,0.0,80.13333333333334
web development agency gilbert az,alb,0,1,0.0,5.0
web development agency gilbert az,col,0,1,0.0,2.0
web development agency gilbert az,mex,0,1,0.0,7.0
web development agency gilbert az,usa,0,108,0.0,4.425925925925926
web development agency in az,bra,0,4,0.0,28.0
web development agency in az,chl,0,1,0.0,66.0
web development agency in az,cze,0,1,0.0,70.0
web development agency in az,nzl,0,1,0.0,27.0
web development agency in az,rus,0,1,0.0,29.0
web development agency in az,tur,0,1,0.0,27.0
web development agency in az,usa,0,127,0.0,24.488188976377952
web development agency mesa az,arg,0,1,0.0,13.0
web development agency mesa az,col,0,1,0.0,20.0
web development agency mesa az,kor,0,1,0.0,35.0
web development agency mesa az,mex,0,1,0.0,27.0
web development agency mesa az,phl,0,1,0.0,16.0
web development agency mesa az,usa,0,44,0.0,14.227272727272727
web development agency near me,usa,0,1,0.0,64.0
web development agency peoria az,usa,0,3,0.0,35.333333333333336
web development agency phoenix,are,0,1,0.0,91.0
web development agency phoenix,gbr,0,1,0.0,48.0
web development agency phoenix,usa,0,28,0.0,64.57142857142857
web development agency phoenix az,bgd,0,1,0.0,38.0
web development agency phoenix az,usa,0,8,0.0,31.5
web development agency scottsdale,bra,0,1,0.0,94.0
web development agency scottsdale,gbr,0,1,0.0,62.0
web development agency scottsdale,usa,0,166,0.0,85.39759036144578
web development agency scottsdale az,gbr,0,1,0.0,100.0
web development agency scottsdale az,usa,0,5,0.0,68.4
web development agency surprise az,kor,0,1,0.0,43.0
web development agency surprise az,usa,0,1,0.0,27.0
web development agency tempe az,arm,0,1,0.0,31.0
web development agency tempe az,kor,0,1,0.0,35.0
web development agency tempe az,phl,0,1,0.0,47.0
web development agency tempe az,usa,0,15,0.0,22.466666666666665
web development and seo services,usa,0,2,0.0,82.0
web development arizona,alb,0,1,0.0,17.0
web development arizona,are,0,1,0.0,36.0
web development arizona,arg,0,2,0.0,20.5
web development arizona,aus,0,3,0.0,12.333333333333334
web development arizona,bgd,0,4,0.0,9.0
web development arizona,bgr,0,2,0.0,13.0
web development arizona,blr,0,3,0.0,18.666666666666668
web development arizona,bra,0,42,0.0,16.42857142857143
web development arizona,brb,0,3,0.0,13.666666666666666
web development arizona,can,0,5,0.0,14.6
web development arizona,chl,0,1,0.0,3.0
web development arizona,col,0,2,0.0,12.0
web development arizona,cze,0,1,0.0,12.0
web development arizona,dnk,0,1,0.0,23.0
web development arizona,ecu,0,2,0.0,16.5
web development arizona,egy,0,2,0.0,10.5
web development arizona,esp,0,3,0.0,16.666666666666664
web development arizona,fin,0,1,0.0,17.0
web development arizona,fra,0,2,0.0,15.0
web development arizona,gbr,0,13,0.0,12.461538461538462
web development arizona,hrv,0,1,0.0,13.0
web development arizona,ind,0,14,0.0,17.714285714285715
web development arizona,irq,0,3,0.0,18.0
web development arizona,isr,0,1,0.0,17.0
web development arizona,ita,0,3,0.0,12.666666666666666
web development arizona,kor,0,18,0.0,18.333333333333332
web development arizona,lva,0,1,0.0,14.0
web development arizona,mex,0,3,0.0,12.666666666666666
web development arizona,mys,0,1,0.0,17.0
web development arizona,nga,0,1,0.0,21.0
web development arizona,nic,0,1,0.0,12.0
web development arizona,nor,0,2,0.0,19.0
web development arizona,npl,0,2,0.0,21.5
web development arizona,pak,0,5,0.0,9.0
web development arizona,per,0,2,0.0,16.0
web development arizona,phl,0,2,0.0,14.0
web development arizona,pol,0,1,0.0,18.0
web development arizona,prt,0,1,0.0,22.0
web development arizona,rou,0,1,0.0,11.0
web development arizona,rus,0,14,0.0,19.785714285714285
web development arizona,sau,0,2,0.0,12.0
web development arizona,srb,0,1,0.0,44.0
web development arizona,svk,0,1,0.0,12.0
web development arizona,swe,0,1,0.0,19.0
web development arizona,tha,0,1,0.0,20.0
web development arizona,tur,0,4,0.0,34.25
web development arizona,twn,0,3,0.0,16.666666666666664
web development arizona,ukr,0,4,0.0,18.25
web development arizona,vct,0,1,0.0,17.0
web development arizona,ven,0,1,0.0,19.0
web development arizona,vnm,0,6,0.0,15.666666666666666
web development arizona,zaf,0,2,0.0,14.5
web development arizona,zmb,0,1,0.0,12.0
web development astoria,usa,0,1,0.0,78.0
web development az,ind,0,1,0.0,7.0
web development az,mex,0,1,0.0,4.0
web development az,usa,0,82,0.0,10.914634146341463
web development az,zaf,0,1,0.0,23.0
web development carmel,usa,0,18,0.0,86.16666666666667
web development champaign,usa,0,8,0.0,77.375
web development chandler,usa,0,4,0.0,85.5
web development companies,usa,0,1,0.0,25.0
web development companies az,bra,0,2,0.0,20.0
web development companies az,cyp,0,1,0.0,19.0
web development companies az,gbr,0,1,0.0,20.0
web development companies az,kor,0,2,0.0,22.0
web development companies az,rus,0,2,0.0,20.0
web development companies az,srb,0,1,0.0,21.0
web development companies az,usa,0,12,0.0,19.75
web development companies in arizona,bra,0,3,0.0,23.333333333333332
web development companies in arizona,hnd,0,1,0.0,27.0
web development companies in arizona,kor,0,2,0.0,19.0
web development companies in arizona,mar,0,1,0.0,11.0
web development companies in arizona,nld,0,1,0.0,22.0
web development companies in arizona,rus,0,1,0.0,21.0
web development companies in arizona,usa,0,5,0.0,21.0
web development companies in phoenix,bra,0,1,0.0,101.0
web development companies in phoenix,usa,0,69,0.0,74.17391304347827
web development companies near me,usa,0,26,0.0,50.34615384615385
web development companies phoenix az,bra,0,8,0.0,87.875
web development companies phoenix az,dza,0,1,0.0,88.0
web development companies phoenix az,egy,0,1,0.0,89.0
web development companies phoenix az,guy,0,1,0.0,81.0
web development companies phoenix az,ind,0,3,0.0,91.0
web development companies phoenix az,ltu,0,1,0.0,92.0
web development companies phoenix az,mex,0,1,0.0,85.0
web development companies phoenix az,rus,0,2,0.0,85.0
web development companies phoenix az,ukr,0,1,0.0,83.0
web development companies phoenix az,usa,0,67,0.0,72.16417910447761
web development company,usa,0,118,0.0,13.805084745762711
web development company ada,usa,0,2,0.0,75.0
web development company arizona,deu,0,1,0.0,23.0
web development company arizona,pak,0,1,0.0,20.0
web development company arizona,pol,0,1,0.0,24.0
web development company arizona,usa,0,8,0.0,38.625
web development company chandler arizona,usa,0,1,0.0,99.0
web development company gilbert az,bra,0,4,0.0,5.5
web development company gilbert az,idn,0,1,0.0,2.0
web development company gilbert az,ind,0,2,0.0,2.5
web development company gilbert az,jor,0,2,0.0,5.0
web development company gilbert az,khm,0,1,0.0,4.0
web development company gilbert az,mdg,0,1,0.0,4.0
web development company gilbert az,npl,0,1,0.0,5.0
web development company gilbert az,pan,0,1,0.0,4.0
web development company gilbert az,pri,0,1,0.0,3.0
web development company gilbert az,sgp,0,1,0.0,1.0
web development company gilbert az,tur,0,1,0.0,4.0
web development company gilbert az,usa,0,100,0.0,3.97
web development company gilbert az,ven,0,1,0.0,2.0
web development company in arizona,are,0,1,0.0,17.0
web development company in arizona,arg,0,2,0.0,24.0
web development company in arizona,bgd,0,1,0.0,22.0
web development company in arizona,blr,0,1,0.0,19.0
web development company in arizona,bra,0,25,0.0,20.24
web development company in arizona,can,0,3,0.0,18.666666666666668
web development company in arizona,che,0,1,0.0,21.0
web development company in arizona,chl,0,1,0.0,24.0
web development company in arizona,ecu,0,1,0.0,23.0
web development company in arizona,egy,0,3,0.0,21.666666666666668
web development company in arizona,esp,0,4,0.0,17.25
web development company in arizona,fra,0,2,0.0,20.5
web development company in arizona,gbr,0,4,0.0,21.5
web development company in arizona,idn,0,2,0.0,16.5
web development company in arizona,ind,0,9,0.0,18.444444444444443
web development company in arizona,irl,0,1,0.0,18.0
web development company in arizona,ita,0,2,0.0,19.5
web development company in arizona,jpn,0,1,0.0,20.0
web development company in arizona,kor,0,1,0.0,17.0
web development company in arizona,ltu,0,1,0.0,21.0
web development company in arizona,mar,0,1,0.0,24.0
web development company in arizona,mex,0,1,0.0,19.0
web development company in arizona,mus,0,1,0.0,18.0
web development company in arizona,pak,0,1,0.0,23.0
web development company in arizona,pol,0,1,0.0,21.0
web development company in arizona,rus,0,5,0.0,19.2
web development company in arizona,sau,0,1,0.0,19.0
web development company in arizona,swe,0,1,0.0,23.0
web development company in arizona,tto,0,1,0.0,22.0
web development company in arizona,tur,0,1,0.0,12.0
web development company in arizona,twn,0,1,0.0,19.0
web development company in arizona,ukr,0,1,0.0,19.0
web development company in arizona,ury,0,1,0.0,21.0
web development company in arizona,ven,0,1,0.0,17.0
web development company in arizona,vnm,0,7,0.0,22.142857142857142
web development company in arizona,zaf,0,3,0.0,23.333333333333332
web development company in calabasas,usa,0,15,0.0,88.73333333333333
web development company in malibu,usa,0,23,0.0,81.08695652173913
web development company in northridge,usa,0,16,0.0,85.3125
web development company in pasadena,usa,0,1,0.0,89.0
web development company in united states,usa,0,1,0.0,1.0
web development company in usa,usa,0,1,0.0,1.0
web development company mesa az,arg,0,1,0.0,16.0
web development company mesa az,aze,0,1,0.0,10.0
web development company mesa az,can,0,1,0.0,16.0
web development company mesa az,idn,0,2,0.0,17.0
web development company mesa az,kor,0,1,0.0,19.0
web development company mesa az,usa,0,56,0.0,15.5
web development company mesa az,vnm,0,1,0.0,8.0
web development company near me,hun,0,1,0.0,29.0
web development company near me,pak,0,1,0.0,47.0
web development company near me,usa,0,28,0.0,30.857142857142858
web development company peoria az,ind,0,1,0.0,46.0
web development company phoenix,esp,0,1,0.0,100.0
web development company phoenix,pol,0,1,0.0,101.0
web development company phoenix,tha,0,1,0.0,45.0
web development company phoenix,usa,0,192,0.0,64.44270833333334
web development company phoenix,vnm,0,1,0.0,50.0
web development company phoenix az,arg,0,1,0.0,78.0
web development company phoenix az,bgr,0,1,0.0,94.0
web development company phoenix az,bra,0,18,0.0,73.83333333333333
web development company phoenix az,can,0,1,0.0,79.0
web development company phoenix az,cri,0,1,0.0,71.0
web development company phoenix az,deu,0,1,0.0,83.0
web development company phoenix az,dza,0,1,0.0,68.0
web development company phoenix az,gbr,0,8,0.0,67.125
web development company phoenix az,ind,0,6,0.0,60.333333333333336
web development company phoenix az,irn,0,1,0.0,68.0
web development company phoenix az,kor,0,6,0.0,74.83333333333333
web development company phoenix az,ltu,0,2,0.0,78.5
web development company phoenix az,nld,0,1,0.0,62.0
web development company phoenix az,phl,0,2,0.0,76.0
web development company phoenix az,pol,0,1,0.0,100.0
web development company phoenix az,pry,0,1,0.0,77.0
web development company phoenix az,rus,0,4,0.0,82.75
web development company phoenix az,tha,0,1,0.0,34.0
web development company phoenix az,usa,0,278,0.0,59.84172661870504
web development company phoenix az,vnm,0,3,0.0,61.0
web development company phoenix az,zaf,0,1,0.0,66.0
web development company services,usa,0,2,0.0,1.5
web development company surprise az,mys,0,1,0.0,45.0
web development company surprise az,usa,0,4,0.0,45.5
web development consultation phoenix,usa,0,26,0.0,78.34615384615384
web development corporation,usa,0,1,0.0,31.0
web development experts,usa,0,1,0.0,2.0
web development firm,usa,0,9,0.0,29.11111111111111
web development flagstaff az,usa,0,10,0.0,66.8
web development for manufacturers,usa,0,1,0.0,12.0
web development gilbert arizona,bra,0,15,0.0,2.8666666666666667
web development gilbert arizona,deu,0,1,0.0,7.0
web development gilbert arizona,dnk,0,1,0.0,1.0
web development gilbert arizona,fra,0,1,0.0,4.0
web development gilbert arizona,gbr,0,1,0.0,4.0
web development gilbert arizona,ind,0,3,0.0,3.0
web development gilbert arizona,kor,0,4,0.0,1.5
web development gilbert arizona,lux,0,1,0.0,2.0
web development gilbert arizona,nld,0,1,0.0,4.0
web development gilbert arizona,per,0,1,0.0,6.0
web development gilbert arizona,pol,0,1,0.0,6.0
web development gilbert arizona,rus,0,5,0.0,5.0
web development gilbert arizona,tto,0,1,0.0,2.0
web development gilbert arizona,tun,0,1,0.0,1.0
web development gilbert arizona,tur,0,1,0.0,5.0
web development gilbert arizona,twn,0,1,0.0,2.0
web development gilbert arizona,ukr,0,1,0.0,7.0
web development gilbert arizona,usa,0,267,0.0,2.1797752808988764
web development goodyear az,usa,0,4,0.0,62.75
web development in arizona,arg,0,2,0.0,14.5
web development in arizona,bgd,0,1,0.0,9.0
web development in arizona,bol,0,1,0.0,9.0
web development in arizona,bra,0,10,0.0,15.6
web development in arizona,can,0,1,0.0,14.0
web development in arizona,geo,0,1,0.0,15.0
web development in arizona,ind,0,2,0.0,15.5
web development in arizona,irq,0,1,0.0,15.0
web development in arizona,ita,0,1,0.0,22.0
web development in arizona,mex,0,2,0.0,15.0
web development in arizona,mys,0,2,0.0,18.5
web development in arizona,per,0,1,0.0,29.0
web development in arizona,rus,0,1,0.0,17.0
web development in arizona,sau,0,1,0.0,22.0
web development in arizona,usa,0,27,0.0,13.37037037037037
web development in arizona,vct,0,1,0.0,25.0
web development in arizona,ven,0,1,0.0,22.0
web development in arizona,vnm,0,2,0.0,62.0
web development in new braunfels,usa,0,2,0.0,92.5
web development malibu,usa,0,40,0.0,59.05
web development near me,aus,0,1,0.0,96.0
web development near me,usa,0,28,0.0,15.678571428571429
web development northern arizona,usa,0,9,0.0,62.666666666666664
web development outsourcing company,usa,0,2,0.0,6.0
web development phoenix,aut,0,1,0.0,39.0
web development phoenix,bra,0,5,0.0,73.6
web development phoenix,dom,0,1,0.0,90.0
web development phoenix,esp,0,1,0.0,98.0
web development phoenix,gbr,0,3,0.0,71.33333333333333
web development phoenix,ind,0,2,0.0,49.0
web development phoenix,ltu,0,1,0.0,68.0
web development phoenix,mar,0,1,0.0,35.0
web development phoenix,mex,0,1,0.0,53.0
web development phoenix,phl,0,1,0.0,91.0
web development phoenix,qat,0,1,0.0,77.0
web development phoenix,usa,0,1350,0.0,68.7237037037037
web development phoenix,vnm,0,1,0.0,90.0
web development phoenix arizona,alb,0,1,0.0,21.0
web development phoenix arizona,arg,0,12,0.0,20.583333333333332
web development phoenix arizona,aus,0,2,0.0,26.5
web development phoenix arizona,bfa,0,1,0.0,17.0
web development phoenix arizona,bgd,0,1,0.0,23.0
web development phoenix arizona,bih,0,1,0.0,22.0
web development phoenix arizona,blr,0,1,0.0,22.0
web development phoenix arizona,bol,0,1,0.0,26.0
web development phoenix arizona,bra,0,52,0.0,24.057692307692307
web development phoenix arizona,brb,0,1,0.0,24.0
web development phoenix arizona,can,0,8,0.0,27.375
web development phoenix arizona,che,0,1,0.0,24.0
web development phoenix arizona,chl,0,1,0.0,42.0
web development phoenix arizona,civ,0,1,0.0,20.0
web development phoenix arizona,col,0,4,0.0,22.25
web development phoenix arizona,cze,0,1,0.0,27.0
web development phoenix arizona,deu,0,15,0.0,25.4
web development phoenix arizona,dnk,0,2,0.0,22.0
web development phoenix arizona,dza,0,3,0.0,20.333333333333332
web development phoenix arizona,ecu,0,3,0.0,24.666666666666668
web development phoenix arizona,egy,0,3,0.0,25.666666666666668
web development phoenix arizona,esp,0,1,0.0,18.0
web development phoenix arizona,fin,0,1,0.0,23.0
web development phoenix arizona,fra,0,6,0.0,23.166666666666668
web development phoenix arizona,gbr,0,15,0.0,23.4
web development phoenix arizona,gtm,0,1,0.0,25.0
web development phoenix arizona,hkg,0,3,0.0,25.333333333333332
web development phoenix arizona,hun,0,1,0.0,19.0
web development phoenix arizona,idn,0,4,0.0,23.25
web development phoenix arizona,ind,0,6,0.0,21.166666666666668
web development phoenix arizona,irl,0,1,0.0,19.0
web development phoenix arizona,irq,0,3,0.0,21.333333333333332
web development phoenix arizona,ita,0,5,0.0,26.2
web development phoenix arizona,jam,0,1,0.0,24.0
web development phoenix arizona,jpn,0,3,0.0,17.333333333333332
web development phoenix arizona,kaz,0,1,0.0,25.0
web development phoenix arizona,kgz,0,1,0.0,24.0
web development phoenix arizona,kor,0,3,0.0,24.666666666666668
web development phoenix arizona,ltu,0,2,0.0,25.0
web development phoenix arizona,mar,0,2,0.0,19.5
web development phoenix arizona,mex,0,3,0.0,23.666666666666668
web development phoenix arizona,mys,0,5,0.0,23.2
web development phoenix arizona,nga,0,1,0.0,25.0
web development phoenix arizona,nld,0,4,0.0,25.0
web development phoenix arizona,pak,0,6,0.0,23.5
web development phoenix arizona,per,0,1,0.0,28.0
web development phoenix arizona,phl,0,2,0.0,24.5
web development phoenix arizona,pol,0,2,0.0,20.5
web development phoenix arizona,prt,0,1,0.0,22.0
web development phoenix arizona,pry,0,2,0.0,23.5
web development phoenix arizona,rou,0,1,0.0,24.0
web development phoenix arizona,rus,0,3,0.0,29.0
web development phoenix arizona,sau,0,2,0.0,28.0
web development phoenix arizona,sgp,0,4,0.0,26.0
web development phoenix arizona,sur,0,1,0.0,25.0
web development phoenix arizona,tun,0,2,0.0,25.0
web development phoenix arizona,tur,0,1,0.0,16.0
web development phoenix arizona,twn,0,4,0.0,26.25
web development phoenix arizona,uzb,0,1,0.0,24.0
web development phoenix arizona,ven,0,1,0.0,20.0
web development phoenix arizona,vnm,0,66,0.0,23.37878787878788
web development phoenix arizona,zaf,0,2,0.0,23.5
web development phoenix az,are,0,1,0.0,36.0
web development phoenix az,arg,0,3,0.0,40.333333333333336
web development phoenix az,aus,0,2,0.0,31.0
web development phoenix az,bgd,0,1,0.0,28.0
web development phoenix az,bra,0,21,0.0,39.19047619047619
web development phoenix az,can,0,1,0.0,56.0
web development phoenix az,col,0,2,0.0,29.5
web development phoenix az,deu,0,3,0.0,34.0
web development phoenix az,dza,0,1,0.0,39.0
web development phoenix az,fra,0,1,0.0,30.0
web development phoenix az,gbr,0,1,0.0,38.0
web development phoenix az,gha,0,1,0.0,27.0
web development phoenix az,grc,0,1,0.0,34.0
web development phoenix az,idn,0,2,0.0,25.0
web development phoenix az,ind,0,10,0.0,33.6
web development phoenix az,jor,0,1,0.0,24.0
web development phoenix az,jpn,0,1,0.0,46.0
web development phoenix az,kaz,0,2,0.0,40.5
web development phoenix az,kor,0,5,0.0,30.8
web development phoenix az,kwt,0,1,0.0,36.0
web development phoenix az,mex,0,1,0.0,35.0
web development phoenix az,mmr,0,1,0.0,40.0
web development phoenix az,mng,0,1,0.0,24.0
web development phoenix az,nld,0,1,0.0,42.0
web development phoenix az,nzl,0,1,0.0,41.0
web development phoenix az,omn,0,1,0.0,34.0
web development phoenix az,pak,0,2,0.0,26.0
web development phoenix az,rus,0,5,0.0,35.4
web development phoenix az,tha,0,1,0.0,33.0
web development phoenix az,tto,0,1,0.0,33.0
web development phoenix az,twn,0,1,0.0,39.0
web development phoenix az,ukr,0,1,0.0,35.0
web development phoenix az,usa,0,365,0.0,39.704109589041096
web development phoenix az,vnm,0,2,0.0,34.5
web development phoenix az,zaf,0,2,0.0,39.0
web development phoenix projects,usa,0,103,0.0,70.72815533980582
web development san marcos,usa,0,2,0.0,77.5
web development scottsdale,gbr,0,2,0.0,79.0
web development scottsdale,usa,0,86,0.0,75.72093023255815
web development scottsdale az,usa,0,20,0.0,64.9
web development sedona,rus,0,1,0.0,100.0
web development sedona,usa,0,70,0.0,48.72857142857143
web development service,usa,0,5,0.0,45.4
web development service ada,usa,0,19,0.0,79.47368421052632
web development service company,usa,0,1,0.0,3.0
web development services,usa,0,32,0.0,38.75
web development services company,usa,0,1,0.0,2.0
web development services malibu,usa,0,3,0.0,77.33333333333333
web development services near me,bra,0,1,0.0,41.0
web development services near me,usa,0,1,0.0,91.0
web development services phoenix,usa,0,1,0.0,67.0
web development solutions,usa,0,8,0.0,43.5
web development springfield,usa,0,5,0.0,92.4
web development usa scottsdale az,gbr,0,3,0.0,57.666666666666664
web development usa scottsdale az,usa,0,1,0.0,70.0
web development ventura,usa,0,1,0.0,69.0
web digital,usa,0,1,0.0,2.0
web hoster,usa,0,1,0.0,13.0
web hosting,usa,0,49,0.0,11.83673469387755
web hosting arizona,bra,0,1,0.0,67.0
web hosting arizona,gbr,0,2,0.0,65.5
web hosting arizona,phl,0,1,0.0,43.0
web hosting arizona,usa,0,5,0.0,86.0
web hosting companies in arizona,usa,0,86,0.0,71.70930232558139
web hosting company,usa,0,3,0.0,2.0
web hosting package in phoenix az,usa,0,11,0.0,87.9090909090909
web hosting services,usa,0,8,0.0,12.0
web management company,usa,0,1,0.0,1.0
web management services for small businesses,usa,0,2,0.0,12.0
web page design,usa,0,1,0.0,1.0
web page design arizona,gbr,0,1,0.0,88.0
web page design arizona,usa,0,8,0.0,90.25
web projects az,usa,0,488,0.0,24.69672131147541
web projects in arizona,usa,0,332,0.0,29.81024096385542
web projects in phoenix,usa,0,160,0.0,57.5
web projects in phoenix arizona,usa,0,210,0.0,42.833333333333336
web projects in phoenix az,usa,0,212,0.0,47.570754716981135
web projects phoenix,usa,0,173,0.0,53.42774566473989
web projects phoenix arizona,usa,0,311,0.0,41.035369774919616
web projects phoenix az,usa,0,275,0.0,50.123636363636365
web seo company,usa,0,1,0.0,1.0
web seo services,usa,0,6,0.0,68.16666666666667
web seo solutions,arg,0,1,0.0,80.0
web seo solutions,bhr,0,1,0.0,84.0
web seo solutions,bra,0,1,0.0,84.0
web seo solutions,esp,0,1,0.0,89.0
web seo solutions,mex,0,1,0.0,87.0
web seo solutions,usa,0,8,0.0,77.125
web site design company in arizona,fra,0,1,0.0,46.0
web site design company in arizona,gbr,0,1,0.0,53.0
web site design company in arizona,usa,0,3,0.0,59.333333333333336
web site developer,usa,0,1,0.0,1.0
web site developers,usa,0,1,0.0,1.0
web software development company,usa,0,3,0.0,7.666666666666667
web software development services,usa,0,1,0.0,11.0
web store designer,usa,0,1,0.0,16.0
web workflows,usa,0,1,0.0,47.0
web+and+seo+services,usa,0,1,0.0,47.0
web+design+arizona,esp,0,1,0.0,36.0
web+design+arizona,usa,0,6,0.0,67.0
web+design+company+arizona,usa,0,15,0.0,71.0
web+design+in+arizona,usa,0,8,0.0,62.25
web+developer+services,usa,0,1,0.0,25.0
web-hosting,usa,0,1,0.0,12.0
webcorp,usa,0,10,0.0,18.6
webcorp solutions,aus,0,1,0.0,69.0
webcorp solutions,aut,0,1,0.0,84.0
webcorp solutions,bra,0,5,0.0,67.4
webcorp solutions,can,0,1,0.0,62.0
webcorp solutions,deu,0,1,0.0,64.0
webcorp solutions,egy,0,1,0.0,67.0
webcorp solutions,gbr,0,2,0.0,67.0
webcorp solutions,usa,0,5,0.0,86.4
webcorp.com,usa,0,3,0.0,14.666666666666666
webdesign,usa,0,1,0.0,3.0
webhost,usa,0,1,0.0,16.0
webhosting,usa,0,5,0.0,12.8
website and application development company,usa,0,1,0.0,17.0
website and seo services,usa,0,3,0.0,41.0
website application development company associative,usa,0,8,0.0,58.75
website builder,usa,0,7,0.0,15.857142857142858
website builder in tempe arizona,gbr,0,1,0.0,60.0
website builder in tempe arizona,usa,0,1,0.0,97.0
website builder near me,usa,0,6,0.0,16.166666666666664
website builders,usa,0,1,0.0,2.0
website builders near me,usa,0,1,0.0,1.0
website company near me,usa,0,1,0.0,11.0
website design,usa,0,8,0.0,22.875
website design agency phoenix,usa,0,2,0.0,37.5
"website design and seo gilbert, az",eth,0,1,0.0,28.0
"website design and seo gilbert, az",fra,0,1,0.0,25.0
"website design and seo gilbert, az",prt,0,1,0.0,25.0
"website design and seo gilbert, az",usa,0,22,0.0,29.5
website design arizona,bgr,0,1,0.0,96.0
website design arizona,ecu,0,1,0.0,85.0
website design arizona,gbr,0,1,0.0,65.0
website design arizona,ind,0,1,0.0,33.0
website design arizona,usa,0,165,0.0,59.6
website design az,gbr,0,2,0.0,66.5
website design az,idn,0,1,0.0,67.0
website design az,phl,0,1,0.0,89.0
website design az,tha,0,1,0.0,74.0
website design az,usa,0,32,0.0,72.6875
website design companies in arizona,phl,0,1,0.0,51.0
website design companies in arizona,usa,0,29,0.0,68.0
website design companies in az,usa,0,1,0.0,77.0
website design company gilbert az,gbr,0,1,0.0,31.0
website design company gilbert az,usa,0,3,0.0,38.666666666666664
website design company near me,usa,0,25,0.0,1.0
website design company near sun city az,usa,0,3,0.0,97.33333333333333
website design company sun city az,usa,0,5,0.0,92.2
website design company tempe az,gbr,0,1,0.0,84.0
website design company tempe az,usa,0,4,0.0,89.5
website design cost for small business,usa,0,1,0.0,1.0
website design development company,usa,0,3,0.0,45.0
website design for contractor gilbert,usa,0,15,0.0,57.8
website design for small businesses arizona,usa,0,1,0.0,76.0
website design gilbert,idn,0,1,0.0,1.0
website design gilbert,usa,0,106,0.0,42.24528301886792
website design gilbert arizona,ind,0,1,0.0,7.0
website design gilbert arizona,usa,0,80,0.0,37.5125
website design gilbert az,ecu,0,1,0.0,11.0
website design gilbert az,eth,0,1,0.0,8.0
website design gilbert az,gbr,0,1,0.0,11.0
website design gilbert az,tha,0,1,0.0,39.0
website design gilbert az,usa,0,812,0.0,29.69334975369458
"website design gilbert, arizona",usa,0,14,0.0,61.714285714285715
website design in arizona,aus,0,1,0.0,93.0
website design in arizona,bra,0,4,0.0,90.5
website design in arizona,deu,0,1,0.0,89.0
website design in arizona,dza,0,1,0.0,96.0
website design in arizona,ecu,0,1,0.0,96.0
website design in arizona,gbr,0,1,0.0,81.0
website design in arizona,irn,0,1,0.0,94.0
website design in arizona,ken,0,1,0.0,98.0
website design in arizona,kor,0,1,0.0,93.0
website design in arizona,mex,0,1,0.0,75.0
website design in arizona,nld,0,1,0.0,79.0
website design in arizona,pol,0,1,0.0,89.0
website design in arizona,rus,0,2,0.0,90.5
website design in arizona,tur,0,1,0.0,97.0
website design in arizona,usa,0,201,0.0,70.8955223880597
website design in arizona,zzz,0,1,0.0,89.0
website design mesa,usa,0,1,0.0,72.0
website design mesa arizona,usa,0,4,0.0,68.0
website design mesa az,bra,0,3,0.0,92.33333333333333
website design mesa az,ind,0,1,0.0,96.0
website design mesa az,kor,0,2,0.0,97.5
website design mesa az,mex,0,2,0.0,86.0
website design mesa az,pol,0,1,0.0,99.0
website design mesa az,rus,0,1,0.0,87.0
website design mesa az,sgp,0,1,0.0,86.0
website design mesa az,usa,0,40,0.0,85.975
"website design mesa, arizona",usa,0,12,0.0,81.25
website design near me,usa,0,2,0.0,1.0
website design phoenix,usa,0,1,0.0,16.0
website design services sun city az,usa,0,9,0.0,94.0
website design tempe az,usa,0,2,0.0,91.5
website designer,usa,0,15,0.0,5.0
website designer arizona,aus,0,2,0.0,73.0
website designer arizona,bgd,0,1,0.0,45.0
website designer arizona,bra,0,14,0.0,81.78571428571429
website designer arizona,can,0,1,0.0,101.0
website designer arizona,deu,0,3,0.0,88.66666666666667
website designer arizona,dom,0,1,0.0,87.0
website designer arizona,egy,0,4,0.0,88.0
website designer arizona,gbr,0,5,0.0,72.0
website designer arizona,gtm,0,1,0.0,95.0
website designer arizona,guy,0,1,0.0,74.0
website designer arizona,idn,0,1,0.0,84.0
website designer arizona,ind,0,4,0.0,67.5
website designer arizona,irl,0,1,0.0,82.0
website designer arizona,ita,0,10,0.0,94.5
website designer arizona,jam,0,1,0.0,34.0
website designer arizona,jor,0,2,0.0,91.5
website designer arizona,kor,0,6,0.0,95.66666666666667
website designer arizona,ltu,0,2,0.0,88.0
website designer arizona,lva,0,1,0.0,89.0
website designer arizona,mar,0,1,0.0,83.0
website designer arizona,mda,0,1,0.0,78.0
website designer arizona,mex,0,1,0.0,73.0
website designer arizona,mys,0,1,0.0,86.0
website designer arizona,nld,0,2,0.0,88.5
website designer arizona,nor,0,2,0.0,68.5
website designer arizona,per,0,2,0.0,97.0
website designer arizona,pol,0,1,0.0,96.0
website designer arizona,prt,0,1,0.0,85.0
website designer arizona,rus,0,3,0.0,98.0
website designer arizona,rwa,0,1,0.0,94.0
website designer arizona,sen,0,1,0.0,96.0
website designer arizona,tha,0,1,0.0,95.0
website designer arizona,usa,0,489,0.0,69.34560327198363
website designer arizona,uzb,0,1,0.0,90.0
website designer arizona,vnm,0,1,0.0,75.0
website designer arizona,zaf,0,1,0.0,87.0
website designer az,usa,0,37,0.0,55.108108108108105
website designer gilbert,usa,0,20,0.0,75.8
website designer gilbert az,usa,0,17,0.0,25.41176470588235
website designer in near me,usa,0,53,0.0,24.37735849056604
website designer near me,usa,0,30,0.0,27.833333333333332
website designer tempe arizona,usa,0,17,0.0,86.41176470588235
website designer tempe az,usa,0,15,0.0,87.73333333333333
website designers,usa,0,3,0.0,41.0
website designers arizona,arm,0,1,0.0,40.0
website designers arizona,usa,0,15,0.0,76.66666666666667
website designers az,usa,0,8,0.0,76.25
website designers in ahwatukee,usa,0,12,0.0,83.75
website designers near me,usa,0,2,0.0,3.0
website developer,usa,0,183,0.0,1.9836065573770492
website developer gilbert az,usa,0,231,0.0,8.41125541125541
website developer in india,usa,0,2,0.0,10.0
website developer in phoenix,bra,0,1,0.0,71.0
website developer in phoenix,gbr,0,1,0.0,41.0
website developer in phoenix,pan,0,1,0.0,38.0
website developer in phoenix,phl,0,1,0.0,31.0
website developer in phoenix,usa,0,37,0.0,71.27027027027027
website developer in phoenix,vnm,0,1,0.0,48.0
website developer near me,usa,0,1,0.0,86.0
website developer phoenix,bgr,0,1,0.0,73.0
website developer phoenix,bra,0,1,0.0,95.0
website developer phoenix,ecu,0,1,0.0,87.0
website developer phoenix,irn,0,1,0.0,101.0
website developer phoenix,jor,0,1,0.0,101.0
website developer phoenix,mex,0,1,0.0,101.0
website developer phoenix,pak,0,1,0.0,89.0
website developer phoenix,qat,0,1,0.0,95.0
website developer phoenix,ukr,0,1,0.0,91.0
website developer phoenix,usa,0,104,0.0,68.70192307692308
website developer scottsdale,usa,0,2,0.0,60.5
website developers,usa,0,101,0.0,1.1485148514851484
website developers near me,usa,0,8,0.0,15.0
website developers phoenix,usa,0,15,0.0,67.06666666666666
website development,usa,0,1,0.0,2.0
website development agencies,kor,0,1,0.0,1.0
website development agencies,usa,0,4,0.0,1.0
website development agency,usa,0,3,0.0,27.666666666666668
website development agency near me,usa,0,1,0.0,20.0
website development agency scottsdale arizona,usa,0,1,0.0,49.0
website development altoona,usa,0,6,0.0,84.0
website development and seo company,usa,0,1,0.0,1.0
website development and seo services,usa,0,13,0.0,40.92307692307692
website development arizona,arg,0,6,0.0,35.166666666666664
website development arizona,bgd,0,1,0.0,31.0
website development arizona,bhr,0,1,0.0,30.0
website development arizona,bhs,0,1,0.0,41.0
website development arizona,bmu,0,1,0.0,30.0
website development arizona,bra,0,39,0.0,34.256410256410255
website development arizona,brb,0,1,0.0,36.0
website development arizona,can,0,3,0.0,32.66666666666667
website development arizona,chl,0,1,0.0,31.0
website development arizona,chn,0,1,0.0,33.0
website development arizona,col,0,1,0.0,25.0
website development arizona,cyp,0,1,0.0,32.0
website development arizona,deu,0,3,0.0,30.666666666666668
website development arizona,ecu,0,2,0.0,34.5
website development arizona,egy,0,3,0.0,29.333333333333332
website development arizona,esp,0,2,0.0,33.0
website development arizona,eth,0,1,0.0,37.0
website development arizona,fra,0,4,0.0,31.75
website development arizona,gbr,0,14,0.0,33.642857142857146
website development arizona,idn,0,3,0.0,31.666666666666668
website development arizona,ind,0,14,0.0,30.0
website development arizona,irl,0,2,0.0,34.0
website development arizona,irq,0,3,0.0,22.333333333333332
website development arizona,ita,0,7,0.0,31.857142857142858
website development arizona,jam,0,1,0.0,32.0
website development arizona,jpn,0,1,0.0,63.0
website development arizona,kaz,0,1,0.0,38.0
website development arizona,kor,0,14,0.0,37.357142857142854
website development arizona,kwt,0,1,0.0,33.0
website development arizona,lva,0,2,0.0,26.5
website development arizona,mex,0,2,0.0,32.5
website development arizona,mys,0,4,0.0,34.75
website development arizona,phl,0,4,0.0,27.25
website development arizona,pol,0,1,0.0,36.0
website development arizona,pri,0,1,0.0,49.0
website development arizona,pry,0,1,0.0,38.0
website development arizona,rus,0,7,0.0,32.14285714285714
website development arizona,rwa,0,1,0.0,37.0
website development arizona,sau,0,1,0.0,33.0
website development arizona,sen,0,3,0.0,36.0
website development arizona,sgp,0,1,0.0,31.0
website development arizona,swe,0,1,0.0,35.0
website development arizona,twn,0,5,0.0,35.0
website development arizona,ury,0,1,0.0,31.0
website development arizona,vnm,0,20,0.0,32.15
website development arizona,zzz,0,1,0.0,31.0
website development assistance,usa,0,1,0.0,13.0
website development centennial,usa,0,1,0.0,8.0
website development company,usa,0,45,0.0,14.733333333333333
website development company associative,usa,0,1,0.0,10.0
website development company gilbert,are,0,1,0.0,1.0
website development company gilbert,cuw,0,1,0.0,1.0
website development company gilbert,gbr,0,1,0.0,1.0
website development company gilbert,ind,0,1,0.0,1.0
website development company gilbert,rus,0,1,0.0,1.0
website development company gilbert,twn,0,1,0.0,1.0
website development company gilbert,usa,0,121,0.0,24.776859504132233
website development company in arizona,arg,0,1,0.0,36.0
website development company in arizona,bra,0,2,0.0,38.5
website development company in arizona,jpn,0,1,0.0,36.0
website development company in arizona,kor,0,3,0.0,36.333333333333336
website development company in arizona,phl,0,2,0.0,37.5
website development company in arizona,rus,0,1,0.0,36.0
website development company in arizona,tha,0,1,0.0,38.0
website development company in arizona,usa,0,6,0.0,58.833333333333336
website development company in phoenix,usa,0,11,0.0,72.18181818181819
website development company near me,usa,0,8,0.0,31.5
website development company phoenix,bra,0,1,0.0,46.0
website development company phoenix,usa,0,1,0.0,57.0
website development firm,usa,0,1,0.0,1.0
website development gilbert az,usa,0,60,0.0,5.4
website development malibu,usa,0,2,0.0,91.5
website development mesa az,arg,0,1,0.0,40.0
website development mesa az,aus,0,1,0.0,43.0
website development mesa az,bra,0,5,0.0,35.2
website development mesa az,civ,0,1,0.0,42.0
website development mesa az,phl,0,1,0.0,43.0
website development mesa az,usa,0,73,0.0,46.58904109589041
website development mesa az,ven,0,1,0.0,41.0
website development mesa az,vnm,0,1,0.0,38.0
website development outsourcing company,usa,0,1,0.0,95.0
website development peoria az,usa,0,38,0.0,53.44736842105263
website development phoenix,usa,0,1,0.0,63.0
website development phoenix az,usa,0,7,0.0,97.14285714285714
website development scottsdale,usa,0,2,0.0,69.5
website development scottsdale az,usa,0,1,0.0,70.0
website development seo,usa,0,1,0.0,1.0
website development service,usa,0,1,0.0,1.0
website development service chandler arizona,usa,0,9,0.0,83.33333333333333
website development service gilbert az,alb,0,1,0.0,51.0
website development service gilbert az,aus,0,1,0.0,1.0
website development service gilbert az,bfa,0,1,0.0,77.0
website development service gilbert az,bgd,0,3,0.0,35.0
website development service gilbert az,bra,0,17,0.0,22.58823529411765
website development service gilbert az,can,0,1,0.0,1.0
website development service gilbert az,ecu,0,1,0.0,1.0
website development service gilbert az,fra,0,2,0.0,1.0
website development service gilbert az,gbr,0,2,0.0,1.0
website development service gilbert az,ind,0,6,0.0,1.0
website development service gilbert az,kgz,0,1,0.0,57.0
website development service gilbert az,khm,0,1,0.0,1.0
website development service gilbert az,kor,0,9,0.0,17.77777777777778
website development service gilbert az,ltu,0,2,0.0,25.5
website development service gilbert az,mar,0,1,0.0,71.0
website development service gilbert az,mex,0,1,0.0,1.0
website development service gilbert az,mng,0,1,0.0,1.0
website development service gilbert az,mys,0,3,0.0,49.0
website development service gilbert az,nld,0,1,0.0,1.0
website development service gilbert az,npl,0,1,0.0,59.0
website development service gilbert az,pry,0,1,0.0,1.0
website development service gilbert az,rus,0,6,0.0,25.833333333333332
website development service gilbert az,syc,0,1,0.0,52.0
website development service gilbert az,tur,0,1,0.0,1.0
website development service gilbert az,twn,0,1,0.0,1.0
website development service gilbert az,usa,0,261,0.0,15.448275862068966
website development service gilbert az,vnm,0,1,0.0,1.0
website development service gilbert az,zaf,0,1,0.0,1.0
website development service gilbert az,zzz,0,1,0.0,58.0
website development service providers,usa,0,1,0.0,3.0
website development services,usa,0,53,0.0,5.584905660377358
website development services arizona,bra,0,4,0.0,78.25
website development services arizona,ecu,0,1,0.0,75.0
website development services arizona,geo,0,1,0.0,54.0
website development services arizona,kor,0,2,0.0,54.5
website development services arizona,rus,0,2,0.0,66.0
website development services arizona,tur,0,1,0.0,74.0
website development services arizona,usa,0,8,0.0,59.625
website development services arizona,zaf,0,2,0.0,59.5
website development services arizona,zzz,0,1,0.0,63.0
website development services company,usa,0,3,0.0,42.333333333333336
website development services near me,arg,0,1,0.0,17.0
website development services near me,bra,0,2,0.0,13.5
website development services near me,ita,0,5,0.0,17.2
website development services near me,phl,0,1,0.0,16.0
website development services near me,usa,0,5,0.0,32.2
website development services provider,usa,0,1,0.0,1.0
website development tempe az,usa,0,21,0.0,57.38095238095238
website hosting companies,usa,0,1,0.0,6.0
website hosting phoenix,usa,0,1,0.0,85.0
website maintenance,usa,0,1,0.0,2.0
website maintenance companies near me,usa,0,1,0.0,24.0
website maintenance company,usa,0,3,0.0,1.0
website maker near me,usa,0,1,0.0,1.0
website makers,usa,0,3,0.0,2.0
"website optimization gilbert, az",gbr,0,1,0.0,1.0
"website optimization gilbert, az",usa,0,14,0.0,18.857142857142858
website projects phoenix,usa,0,35,0.0,51.51428571428571
website projects phoenix arizona,usa,0,161,0.0,38.47826086956522
website redesign companies,usa,0,1,0.0,1.0
website service,usa,0,5,0.0,1.0
website services,usa,0,5,0.0,2.0
website studios,usa,0,1,0.0,3.0
website support near me,usa,0,1,0.0,1.0
website+design+arizona,usa,0,3,0.0,66.66666666666667
website+design+az,usa,0,6,0.0,76.16666666666667
website+design+in+arizona,usa,0,8,0.0,56.0
website+development+arizona,usa,0,22,0.0,26.136363636363637
websitedevelopernearme.in,usa,0,1,0.0,91.0
websites development company,usa,0,1,0.0,1.0
websites near me,usa,0,1,0.0,3.0
web制作会社,usa,0,1,0.0,10.0
wep developer,usa,0,3,0.0,5.0
what is a critical error,phl,0,1,0.0,53.0
what is a critical error on a website,bra,0,1,0.0,84.0
what is critical error,vnm,0,1,0.0,30.0
where get web,usa,0,1,0.0,13.0
where to hire someone to build a website,usa,0,1,0.0,13.0
which plugin is the easiest to use for automating internal links,usa,0,2,0.0,90.5
white label seo services arizona,usa,0,2,0.0,71.5
white label seo services company phoenix arizona,usa,0,1,0.0,96.0
wordpress arizona,chl,0,1,0.0,42.0
wordpress arizona,tun,0,1,0.0,44.0
wordpress arizona,usa,0,22,0.0,65.13636363636364
wordpress arizona,vnm,0,1,0.0,44.0
wordpress auto internal links,usa,0,1,0.0,97.0
"wordpress auto internal links,10.00,high,76,approved",ind,0,144,0.0,76.79166666666667
"wordpress auto internal links,10.00,high,76,approved",usa,0,49,0.0,84.44897959183673
wordpress automatic internal links plugin,are,0,1,0.0,92.0
wordpress automatic internal links plugin,gbr,0,25,0.0,58.92
wordpress automatic internal links plugin,ind,0,21,0.0,57.76190476190476
wordpress automatic internal links plugin,usa,0,31,0.0,61.16129032258065
"wordpress automatic internal links plugin,10.00,medium,50,approved",ind,0,30,0.0,87.2
"wordpress automatic internal links plugin,10.00,medium,50,approved",usa,0,86,0.0,81.05813953488372
wordpress best internal linking plugin,gbr,0,22,0.0,82.04545454545455
wordpress best internal linking plugin,usa,0,2,0.0,84.0
wordpress critical error,arg,0,3,0.0,78.0
wordpress critical error,aus,0,3,0.0,71.0
wordpress critical error,aze,0,1,0.0,65.0
wordpress critical error,bel,0,1,0.0,85.0
wordpress critical error,bhs,0,2,0.0,76.0
wordpress critical error,bih,0,1,0.0,80.0
wordpress critical error,blr,0,1,0.0,87.0
wordpress critical error,bra,0,54,0.0,78.44444444444444
wordpress critical error,can,0,11,0.0,72.36363636363636
wordpress critical error,che,0,196,0.0,77.43877551020408
wordpress critical error,cmr,0,1,0.0,66.0
wordpress critical error,col,0,1,0.0,85.0
wordpress critical error,deu,0,12,0.0,81.33333333333333
wordpress critical error,dma,0,1,0.0,83.0
wordpress critical error,ecu,0,2,0.0,86.0
wordpress critical error,egy,0,1,0.0,90.0
wordpress critical error,esp,0,1,0.0,86.0
wordpress critical error,eth,0,1,0.0,79.0
wordpress critical error,fra,0,3,0.0,84.33333333333333
wordpress critical error,gbr,0,440,0.0,74.53636363636363
wordpress critical error,geo,0,1,0.0,90.0
wordpress critical error,hnd,0,1,0.0,74.0
wordpress critical error,idn,0,1,0.0,90.0
wordpress critical error,ind,0,24,0.0,76.91666666666667
wordpress critical error,irl,0,1,0.0,79.0
wordpress critical error,ita,0,1,0.0,61.0
wordpress critical error,jpn,0,1,0.0,69.0
wordpress critical error,kaz,0,1,0.0,70.0
wordpress critical error,kor,0,13,0.0,80.92307692307692
wordpress critical error,mys,0,1,0.0,80.0
wordpress critical error,nld,0,11,0.0,82.0909090909091
wordpress critical error,pak,0,1,0.0,88.0
wordpress critical error,per,0,1,0.0,62.0
wordpress critical error,phl,0,1,0.0,85.0
wordpress critical error,pry,0,1,0.0,87.0
wordpress critical error,rou,0,1,0.0,86.0
wordpress critical error,rus,0,15,0.0,81.53333333333333
wordpress critical error,tto,0,1,0.0,91.0
wordpress critical error,tur,0,1,0.0,84.0
wordpress critical error,twn,0,2,0.0,90.0
wordpress critical error,ukr,0,3,0.0,81.66666666666667
wordpress critical error,usa,0,312,0.0,74.57371794871794
wordpress critical error,vnm,0,1,0.0,92.0
wordpress critical error help,can,0,1,0.0,73.0
wordpress critical error on this website,usa,0,19,0.0,72.42105263157895
wordpress critical error on website,aus,0,1,0.0,76.0
wordpress critical error on website,gbr,0,1,0.0,61.0
wordpress design arizona,ind,0,2,0.0,187.0
wordpress design arizona,usa,0,3,0.0,43.333333333333336
wordpress design az,usa,0,2,0.0,68.0
wordpress design az,ven,0,1,0.0,102.0
wordpress design gilbert,ind,0,1,0.0,96.0
wordpress design gilbert,jor,0,1,0.0,93.0
wordpress design gilbert,usa,0,2,0.0,46.0
wordpress design services arizona,usa,0,9,0.0,78.77777777777777
wordpress designer in phoenix,usa,0,1,0.0,71.0
wordpress designer near me,usa,0,4,0.0,19.25
wordpress designer phoenix,usa,0,30,0.0,74.5
wordpress designers near me,usa,0,60,0.0,11.416666666666666
wordpress developer arizona,bra,0,1,0.0,50.0
wordpress developer arizona,dza,0,1,0.0,31.0
wordpress developer arizona,ind,0,1,0.0,31.0
wordpress developer arizona,usa,0,2,0.0,40.0
wordpress developer for restaurants phoenix,usa,0,11,0.0,90.72727272727273
wordpress developer for small business phoenix,usa,0,11,0.0,47.36363636363637
wordpress developer in phoenix arizona,nld,0,1,0.0,33.0
wordpress developer in phoenix arizona,usa,0,216,0.0,50.13425925925926
wordpress developer phoenix,usa,0,170,0.0,62.06470588235294
wordpress developer phoenix arizona,usa,0,163,0.0,55.43558282208589
wordpress developer phoenix az,usa,0,16,0.0,65.6875
wordpress development company in arizona,usa,0,249,0.0,46.19277108433735
wordpress development company phoenix,usa,0,7,0.0,63.57142857142857
wordpress development firm in phoenix,usa,0,1,0.0,81.0
wordpress development firm phoenix,usa,0,10,0.0,55.6
wordpress development firm phoenix az,usa,0,27,0.0,48.407407407407405
wordpress development phoenix,usa,0,18,0.0,76.83333333333333
wordpress development services arizona,aut,0,1,0.0,30.0
wordpress development services arizona,usa,0,250,0.0,49.5
wordpress error there has been a critical error on this website.,usa,0,22,0.0,78.27272727272727
wordpress expert phoenix,usa,0,3,0.0,40.333333333333336
wordpress fatal error,usa,0,1,0.0,82.0
wordpress fatal error,zaf,0,1,0.0,76.0
wordpress find internal links,gbr,0,6,0.0,68.66666666666667
wordpress find internal links,ind,0,2,0.0,86.0
wordpress find internal links,usa,0,11,0.0,76.18181818181819
"wordpress find internal links,20.00,low,3,approved",ind,0,18,0.0,69.61111111111111
"wordpress find internal links,20.00,low,3,approved",usa,0,85,0.0,75.09411764705882
wordpress interlinking plugin,are,0,6,0.0,87.33333333333333
wordpress interlinking plugin,bel,0,1,0.0,75.0
wordpress interlinking plugin,gbr,0,80,0.0,73.4625
wordpress interlinking plugin,ind,0,85,0.0,80.5764705882353
wordpress interlinking plugin,usa,0,95,0.0,80.93684210526315
"wordpress interlinking plugin,10.00,low,3,approved",ind,0,47,0.0,78.80851063829788
"wordpress interlinking plugin,10.00,low,3,approved",usa,0,103,0.0,82.07766990291262
wordpress internal link plugin,gbr,0,1,0.0,56.0
wordpress internal link plugin,usa,0,1,0.0,73.0
wordpress internal link suggestion,gbr,0,56,0.0,79.57142857142857
wordpress internal link suggestion,ind,0,40,0.0,78.075
wordpress internal link suggestion,usa,0,84,0.0,81.55952380952381
"wordpress internal link suggestion,20.00,low,0,approved",ind,0,61,0.0,65.01639344262296
"wordpress internal link suggestion,20.00,low,0,approved",usa,0,71,0.0,66.43661971830986
wordpress internal link tool,usa,0,23,0.0,67.43478260869566
wordpress internal linking,gbr,0,19,0.0,81.84210526315789
wordpress internal linking,ind,0,1,0.0,71.0
wordpress internal linking,usa,0,28,0.0,77.21428571428571
wordpress internal linking plugin,are,0,2,0.0,78.5
wordpress internal linking plugin,arg,0,2,0.0,73.0
wordpress internal linking plugin,aus,0,6,0.0,72.16666666666667
wordpress internal linking plugin,bgd,0,2,0.0,72.5
wordpress internal linking plugin,bhr,0,1,0.0,74.0
wordpress internal linking plugin,bih,0,1,0.0,73.0
wordpress internal linking plugin,bol,0,1,0.0,78.0
wordpress internal linking plugin,bra,0,19,0.0,73.78947368421052
wordpress internal linking plugin,can,0,4,0.0,73.75
wordpress internal linking plugin,chl,0,3,0.0,75.0
wordpress internal linking plugin,cyp,0,1,0.0,70.0
wordpress internal linking plugin,cze,0,1,0.0,72.0
wordpress internal linking plugin,deu,0,2,0.0,70.0
wordpress internal linking plugin,dza,0,4,0.0,73.25
wordpress internal linking plugin,ecu,0,2,0.0,75.0
wordpress internal linking plugin,esp,0,4,0.0,75.5
wordpress internal linking plugin,fra,0,2,0.0,72.5
wordpress internal linking plugin,gbr,0,101,0.0,70.5940594059406
wordpress internal linking plugin,gtm,0,1,0.0,79.0
wordpress internal linking plugin,hnd,0,1,0.0,75.0
wordpress internal linking plugin,hrv,0,2,0.0,76.0
wordpress internal linking plugin,ind,0,34,0.0,70.97058823529412
wordpress internal linking plugin,irn,0,2,0.0,72.5
wordpress internal linking plugin,isr,0,1,0.0,74.0
wordpress internal linking plugin,ita,0,3,0.0,71.33333333333333
wordpress internal linking plugin,jor,0,1,0.0,64.0
wordpress internal linking plugin,jpn,0,1,0.0,76.0
wordpress internal linking plugin,kor,0,21,0.0,74.76190476190476
wordpress internal linking plugin,kwt,0,1,0.0,71.0
wordpress internal linking plugin,mar,0,4,0.0,76.0
wordpress internal linking plugin,mda,0,1,0.0,78.0
wordpress internal linking plugin,mex,0,4,0.0,71.5
wordpress internal linking plugin,mkd,0,1,0.0,74.0
wordpress internal linking plugin,mys,0,1,0.0,69.0
wordpress internal linking plugin,nld,0,1,0.0,75.0
wordpress internal linking plugin,pak,0,2,0.0,73.5
wordpress internal linking plugin,pol,0,1,0.0,74.0
wordpress internal linking plugin,pry,0,1,0.0,75.0
wordpress internal linking plugin,rus,0,14,0.0,73.85714285714286
wordpress internal linking plugin,sau,0,3,0.0,74.66666666666667
wordpress internal linking plugin,tha,0,1,0.0,77.0
wordpress internal linking plugin,tur,0,1,0.0,76.0
wordpress internal linking plugin,twn,0,2,0.0,74.0
wordpress internal linking plugin,usa,0,280,0.0,71.55714285714286
wordpress internal linking plugin,uzb,0,2,0.0,77.0
wordpress internal linking plugin,ven,0,3,0.0,72.0
wordpress internal linking plugin,vnm,0,18,0.0,74.77777777777777
wordpress internal linking plugin,zzz,0,2,0.0,74.0
"wordpress internal linking plugin,90.00,low,25,approved",are,0,1,0.0,100.0
"wordpress internal linking plugin,90.00,low,25,approved",ind,0,82,0.0,71.6219512195122
"wordpress internal linking plugin,90.00,low,25,approved",usa,0,114,0.0,71.46491228070175
"wordpress internal linking,210.00,low,21,approved",are,0,3,0.0,91.66666666666667
"wordpress internal linking,210.00,low,21,approved",ind,0,49,0.0,59.38775510204081
"wordpress internal linking,210.00,low,21,approved",usa,0,99,0.0,61.73737373737374
wordpress internal links 2024,usa,0,3,0.0,80.66666666666667
wordpress internal links plugin,deu,0,1,0.0,86.0
wordpress internal links plugin,nld,0,1,0.0,36.0
wordpress internal links plugin,usa,0,3,0.0,56.666666666666664
wordpress internal page links,gbr,0,1,0.0,88.0
wordpress internal page links,ind,0,1,0.0,99.0
"wordpress internal page links,10.00,low,14,approved",usa,0,3,0.0,70.33333333333333
wordpress plugin auto internal link,are,0,2,0.0,86.5
wordpress plugin auto internal link,gbr,0,39,0.0,67.71794871794872
wordpress plugin auto internal link,ind,0,48,0.0,70.22916666666667
wordpress plugin auto internal link,usa,0,56,0.0,74.32142857142857
"wordpress plugin auto internal link,10.00,low,0,approved",are,0,5,0.0,83.4
"wordpress plugin auto internal link,10.00,low,0,approved",ind,0,61,0.0,78.04918032786885
"wordpress plugin auto internal link,10.00,low,0,approved",usa,0,103,0.0,67.57281553398059
wordpress plugin for internal link building,usa,0,2,0.0,92.0
wordpress plugin for internal linking,gbr,0,60,0.0,76.35
wordpress plugin for internal linking,ind,0,25,0.0,66.72
wordpress plugin for internal linking,usa,0,37,0.0,64.08108108108108
"wordpress plugin for internal linking,70.00,low,5,approved",are,0,3,0.0,94.0
"wordpress plugin for internal linking,70.00,low,5,approved",ind,0,115,0.0,72.8
"wordpress plugin for internal linking,70.00,low,5,approved",usa,0,182,0.0,64.5934065934066
wordpress plugin internal links,are,0,3,0.0,84.66666666666667
wordpress plugin internal links,gbr,0,38,0.0,67.78947368421052
wordpress plugin internal links,ind,0,43,0.0,73.09302325581395
wordpress plugin internal links,usa,0,23,0.0,57.95652173913044
"wordpress plugin internal links,10.00,medium,36,approved",are,0,2,0.0,86.0
"wordpress plugin internal links,10.00,medium,36,approved",ind,0,85,0.0,84.30588235294118
"wordpress plugin internal links,10.00,medium,36,approved",usa,0,125,0.0,76.312
wordpress plugin search internal links,gbr,0,1,0.0,68.0
wordpress plugin search internal links,usa,0,25,0.0,86.24
"wordpress seo internal links,210.00,low,2,approved",are,0,2,0.0,72.5
"wordpress seo internal links,210.00,low,2,approved",ind,0,6,0.0,70.16666666666667
"wordpress seo internal links,210.00,low,2,approved",usa,0,91,0.0,59.043956043956044
wordpress seo phoenix,gbr,0,1,0.0,69.0
wordpress seo phoenix,usa,0,1,0.0,73.0
wordpress there has been a critical error on this website,usa,0,67,0.0,66.8955223880597
wordpress there has been a critical error on this website.,usa,0,54,0.0,67.18518518518519
wordpress there is a critical error on this website,usa,0,1,0.0,45.0
wordpress web design in gilbert,usa,0,118,0.0,34.110169491525426
wordpress web design phoenix,usa,0,2,0.0,30.0
wordpress web designer phoenix,usa,0,2,0.0,90.0
wordpress web designer tempe,usa,0,1,0.0,77.0
wordpress web designers gilbert,bra,0,2,0.0,94.5
wordpress web designers gilbert,tto,0,1,0.0,38.0
wordpress web designers gilbert,twn,0,1,0.0,49.0
wordpress web designers gilbert,usa,0,124,0.0,33.524193548387096
wordpress web designers mesa,usa,0,6,0.0,56.5
wordpress web development company phoenix az,usa,0,39,0.0,49.84615384615385
wordpress website critical error,kor,0,1,0.0,63.0
wordpress website critical error,mys,0,1,0.0,62.0
wordpress website critical error,rus,0,1,0.0,62.0
wordpress website design arizona,arg,0,5,0.0,94.4
wordpress website design arizona,bgd,0,1,0.0,87.0
wordpress website design arizona,bhs,0,1,0.0,94.0
wordpress website design arizona,bra,0,3,0.0,91.0
wordpress website design arizona,dnk,0,1,0.0,83.0
wordpress website design arizona,ecu,0,1,0.0,96.0
wordpress website design arizona,fra,0,1,0.0,78.0
wordpress website design arizona,idn,0,1,0.0,92.0
wordpress website design arizona,jam,0,1,0.0,96.0
wordpress website design arizona,mar,0,1,0.0,84.0
wordpress website design arizona,mex,0,1,0.0,74.0
wordpress website design arizona,mys,0,2,0.0,83.0
wordpress website design arizona,phl,0,1,0.0,75.0
wordpress website design arizona,sen,0,1,0.0,96.0
wordpress website design arizona,twn,0,2,0.0,92.5
wordpress website design arizona,usa,0,17,0.0,90.17647058823529
wordpress website design arizona,ven,0,1,0.0,88.0
wordpress website design arizona,vnm,0,9,0.0,87.22222222222223
wordpress website design arizona,zaf,0,1,0.0,76.0
wordpress website designer near me,usa,0,1,0.0,1.0
wordpress website seo agency near me,usa,0,2,0.0,27.5
workflow web based,usa,0,1,0.0,86.0
yoast internal linking,usa,0,1,0.0,88.0
yuma arizona seo,usa,0,7,0.0,60.42857142857143
