query,page,clicks,impressions,ctr,position
arizona web development gilbert,https://azwebcorp.com/,43,110,0.39090909090909093,1.2454545454545454
arizona web company,https://azwebcorp.com/,13,533,0.024390243902439025,5.866791744840525
arizona web development,https://azwebcorp.com/,13,1778,0.007311586051743532,4.860517435320585
web design gilbert,https://azwebcorp.com/,13,396,0.03282828282828283,75.94949494949495
azwebcorp,https://azwebcorp.com/,7,14,0.5,1.0
arizona backend development,https://azwebcorp.com/arizona-backend-development/,5,323,0.015479876160990712,3.708978328173375
50 free instagram followers,https://azwebcorp.com/2020/07/29/free-instagram-followers-hack/,4,39,0.10256410256410256,92.46153846153847
seo services arizona,https://azwebcorp.com/,4,6,0.6666666666666666,48.166666666666664
web design gilbert az,https://azwebcorp.com/,4,381,0.010498687664041995,32.33070866141732
seo services gilbert az,https://azwebcorp.com/,3,8,0.375,20.875
website development arizona,https://azwebcorp.com/,3,824,0.0036407766990291263,29.300970873786408
arizona frontend development,https://azwebcorp.com/frontend-development/,2,259,0.007722007722007722,9.733590733590734
arizona web,https://azwebcorp.com/,2,377,0.005305039787798408,14.848806366047745
arizona web developer,https://azwebcorp.com/,2,970,0.002061855670103093,6.942268041237114
get 50 free instagram followers,https://azwebcorp.com/2020/07/29/free-instagram-followers-hack/,2,5,0.4,111.2
seo service near me,https://azwebcorp.com/,2,2,1.0,1.0
web design arizona,https://azwebcorp.com/,2,1379,0.0014503263234227702,57.32559825960841
web design near me,https://azwebcorp.com/,2,3,0.6666666666666666,7.666666666666667
web designers near me,https://azwebcorp.com/,2,34,0.058823529411764705,21.029411764705884
web development arizona,https://azwebcorp.com/,2,1685,0.0011869436201780415,10.91513353115727
50 followers free instagram,https://azwebcorp.com/2020/07/29/free-instagram-followers-hack-50k-free-that-works-in-2024/,1,1,1.0,132.0
app development company near me,https://azwebcorp.com/,1,1,1.0,2.0
arizona seo agency,https://azwebcorp.com/arizona-seo-services/,1,1599,0.0006253908692933083,81.87304565353345
arizona seo services,https://azwebcorp.com/,1,3,0.3333333333333333,61.333333333333336
az web design,https://azwebcorp.com/,1,2175,0.0004597701149425287,48.74574712643678
azwebcorp,https://azwebcorp.com/category/digital-marketing/,1,8,0.125,1.0
best seo company in arizona,https://azwebcorp.com/,1,1,1.0,141.0
best seo company in chandler,https://azwebcorp.com/,1,1,1.0,81.0
best seo company in gilbert,https://azwebcorp.com/,1,2,0.5,41.0
build a website near me,https://azwebcorp.com/,1,1,1.0,1.0
digital marketing arizona,https://azwebcorp.com/,1,1,1.0,141.0
digital marketing gilbert,https://azwebcorp.com/,1,1,1.0,54.0
free followers instagram 50k,https://azwebcorp.com/2020/07/29/free-instagram-followers-hack/,1,2,0.5,68.0
free instagram followers 50,https://azwebcorp.com/2020/07/29/free-instagram-followers-hack-50k-free-that-works-in-2024/,1,1,1.0,167.0
free instagram followers 50,https://azwebcorp.com/2020/07/29/free-instagram-followers-hack/,1,7,0.14285714285714285,100.71428571428571
free instagram followers hack,https://azwebcorp.com/2020/07/29/free-instagram-followers-hack/,1,1,1.0,21.0
get free 50 followers instagram,https://azwebcorp.com/2020/07/29/free-instagram-followers-hack/,1,1,1.0,111.0
get free 50 instagram followers,https://azwebcorp.com/2020/07/29/free-instagram-followers-hack/,1,1,1.0,99.0
insta free 50 followers,https://azwebcorp.com/2020/07/29/free-instagram-followers-hack/,1,2,0.5,109.5
phoenix web design,https://azwebcorp.com/,1,1,1.0,14.0
seo company in arizona,https://azwebcorp.com/,1,1,1.0,121.0
seo company in arizona,https://azwebcorp.com/arizona-seo-services/,1,701,0.0014265335235378032,80.85734664764622
seo company in phoenix arizona,https://azwebcorp.com/,1,1,1.0,47.0
seo company phoenix,https://azwebcorp.com/,1,1,1.0,35.0
seo gilbert,https://azwebcorp.com/,1,1,1.0,8.0
seo gilbert az,https://azwebcorp.com/,1,7,0.14285714285714285,13.428571428571429
seo in gilbert,https://azwebcorp.com/,1,2,0.5,3.5
seo near me,https://azwebcorp.com/,1,1,1.0,1.0
seo phoenix,https://azwebcorp.com/,1,1,1.0,5.0
seo services gilbert,https://azwebcorp.com/,1,2,0.5,1.0
seo services in arizona,https://azwebcorp.com/,1,1,1.0,5.0
software development agency near me,https://azwebcorp.com/,1,2,0.5,1.0
takipcigir 50k free followers,https://azwebcorp.com/2020/07/29/free-instagram-followers-hack/,1,4,0.25,17.0
web design,https://azwebcorp.com/,1,5,0.2,2.8
web design phoenix az,https://azwebcorp.com/,1,1,1.0,56.0
web designer,https://azwebcorp.com/,1,10,0.1,8.7
web designer arizona,https://azwebcorp.com/,1,478,0.0020920502092050207,57.51046025104603
web designer gilbert,https://azwebcorp.com/,1,2,0.5,2.5
web designers arizona,https://azwebcorp.com/,1,29,0.034482758620689655,55.310344827586206
web designers gilbert,https://azwebcorp.com/,1,206,0.0048543689320388345,50.93689320388349
web developer,https://azwebcorp.com/,1,34,0.029411764705882353,7.4411764705882355
web developer arizona,https://azwebcorp.com/,1,588,0.0017006802721088435,8.879251700680271
web developer phoenix az,https://azwebcorp.com/,1,475,0.002105263157894737,34.04631578947368
web development company in arizona,https://azwebcorp.com/,1,322,0.003105590062111801,16.18944099378882
web development phoenix arizona,https://azwebcorp.com/,1,1084,0.0009225092250922509,26.567343173431734
website and app development near me,https://azwebcorp.com/,1,1,1.0,1.0
website design gilbert arizona,https://azwebcorp.com/,1,82,0.012195121951219513,36.707317073170735
where to find web developers,https://azwebcorp.com/,1,1,1.0,1.0
"""workflow automation""",https://azwebcorp.com/workflow-automation/,0,1,0.0,37.0
"""workflow automation"" intitle:expert",https://azwebcorp.com/marketing-automation2/,0,1,0.0,9.0
"""workflow automation"" intitle:expert",https://azwebcorp.com/our-featured-projects/,0,1,0.0,18.0
"""workflow automation"" intitle:expert",https://azwebcorp.com/tech/,0,1,0.0,12.0
"""workflow automation"" intitle:expert",https://azwebcorp.com/what-is-critical-error-on-wordpress/,0,1,0.0,21.0
"""workflow automation"" intitle:expert",https://azwebcorp.com/wordpress-tutorials-resolve-at-arizona-azwebcorp/,0,1,0.0,15.0
"""workflow automation"" intitle:expert",https://azwebcorp.com/workflow-automation/,0,1,0.0,2.0
#webdevelopers,https://azwebcorp.com/,0,1,0.0,6.0
'wordpress critical error',https://azwebcorp.com/wordpress-critical-error-on-the-website/,0,7,0.0,62.42857142857143
+web +development +company,https://azwebcorp.com/,0,1,0.0,104.0
2010 e university dr + seo company,https://azwebcorp.com/arizona-seo-services/,0,10,0.0,36.3
2025 best internal linking plugin,https://azwebcorp.com/2020/07/29/7-best-internal-linking-plugins-for-wordpress-websites/,0,1,0.0,83.0
24 hour businesses near me open now,https://azwebcorp.com/,0,1,0.0,11.0
24 hour companies near me,https://azwebcorp.com/,0,1,0.0,14.0
50 followers free,https://azwebcorp.com/2020/07/29/free-instagram-followers-hack/,0,9,0.0,56.666666666666664
50 followers free instagram,https://azwebcorp.com/2020/07/29/free-instagram-followers-hack/,0,2,0.0,52.0
50 followers on instagram free,https://azwebcorp.com/2020/07/29/free-instagram-followers-hack/,0,1,0.0,57.0
50 free followers,https://azwebcorp.com/2020/07/29/free-instagram-followers-hack/,0,3,0.0,104.66666666666667
50 free followers instagram,https://azwebcorp.com/2020/07/29/free-instagram-followers-hack-50k-free-that-works-in-2024/,0,1,0.0,127.0
50 free followers instagram,https://azwebcorp.com/2020/07/29/free-instagram-followers-hack/,0,2,0.0,146.5
50 free ig followers,https://azwebcorp.com/2020/07/29/free-instagram-followers-hack/,0,1,0.0,102.0
50 free insta followers,https://azwebcorp.com/2020/07/29/free-instagram-followers-hack/,0,2,0.0,52.0
50 free instagram followers,https://azwebcorp.com/2020/07/29/free-instagram-followers-hack-50k-free-that-works-in-2024/,0,4,0.0,154.25
50 instagram followers free,https://azwebcorp.com/2020/07/29/free-instagram-followers-hack/,0,1,0.0,132.0
50k followers free instagram,https://azwebcorp.com/2020/07/29/free-instagram-followers-hack/,0,1,0.0,50.0
50k free followers,https://azwebcorp.com/2020/07/29/free-instagram-followers-hack/,0,1,0.0,95.0
a web co,https://azwebcorp.com/,0,9,0.0,72.0
a z digital marketing,https://azwebcorp.com/arizona-digital-marketing/,0,66,0.0,56.484848484848484
a-z digital marketing,https://azwebcorp.com/arizona-digital-marketing/,0,66,0.0,56.53030303030303
a-z websites,https://azwebcorp.com/,0,6,0.0,38.333333333333336
ab web,https://azwebcorp.com/,0,1,0.0,82.0
ab web developers,https://azwebcorp.com/,0,10,0.0,65.9
aba workflow automation,https://azwebcorp.com/workflow-automation/,0,1,0.0,85.0
accountant web design tempe,https://azwebcorp.com/,0,1,0.0,90.0
accounting web design gilbert,https://azwebcorp.com/,0,8,0.0,86.75
adding anchor text seo company wordpress theme,https://azwebcorp.com/2020/07/29/best-internal-linking-plugins-wordpress/,0,6,0.0,74.0
adult seo services in arizona,https://azwebcorp.com/arizona-seo-services/,0,43,0.0,72.09302325581395
adult web developer,https://azwebcorp.com/,0,1,0.0,12.0
adult web development,https://azwebcorp.com/,0,1,0.0,3.0
affordable arizona organic seo growth,https://azwebcorp.com/2020/07/29/how-much-does-seo-cost-in-arizona/,0,286,0.0,41.76573426573427
affordable arizona organic seo growth,https://azwebcorp.com/arizona-seo-services/,0,9,0.0,60.666666666666664
affordable local seo packages arizona,https://azwebcorp.com/arizona-seo-services/,0,7,0.0,94.28571428571429
affordable local seo services in phoenix,https://azwebcorp.com/arizona-seo-services/,0,1,0.0,81.0
affordable mesa seo company,https://azwebcorp.com/arizona-seo-services/,0,43,0.0,77.3953488372093
affordable national seo packages phoenix az,https://azwebcorp.com/2020/07/29/how-much-does-seo-cost-in-arizona/,0,46,0.0,59.73913043478261
affordable organic growth of seo in phoenix,https://azwebcorp.com/arizona-seo-services/,0,5,0.0,52.8
affordable organic growth of seo in phoenix arizona,https://azwebcorp.com/2020/07/29/how-much-does-seo-cost-in-arizona/,0,18,0.0,94.55555555555556
affordable organic growth of seo in phoenix arizona,https://azwebcorp.com/arizona-seo-services/,0,6,0.0,45.666666666666664
affordable organic seo arizona,https://azwebcorp.com/2020/07/29/how-much-does-seo-cost-in-arizona/,0,1,0.0,87.0
affordable organic seo az,https://azwebcorp.com/2020/07/29/how-much-does-seo-cost-in-arizona/,0,6,0.0,18.333333333333332
affordable organic seo az,https://azwebcorp.com/arizona-seo-services/,0,3,0.0,65.0
affordable organic seo growth az,https://azwebcorp.com/2020/07/29/how-much-does-seo-cost-in-arizona/,0,100,0.0,68.42
affordable organic seo growth az,https://azwebcorp.com/arizona-seo-services/,0,5,0.0,79.8
affordable organic seo growth in az,https://azwebcorp.com/2020/07/29/how-much-does-seo-cost-in-arizona/,0,91,0.0,55.68131868131868
affordable organic seo growth in az,https://azwebcorp.com/arizona-seo-services/,0,8,0.0,51.5
affordable organic seo growth in phoenix,https://azwebcorp.com/2020/07/29/how-much-does-seo-cost-in-arizona/,0,1,0.0,75.0
affordable organic seo growth in phoenix,https://azwebcorp.com/arizona-seo-services/,0,3,0.0,61.0
affordable organic seo growth in phoenix arizona,https://azwebcorp.com/2020/07/29/how-much-does-seo-cost-in-arizona/,0,7,0.0,88.57142857142857
affordable organic seo growth in phoenix arizona,https://azwebcorp.com/arizona-seo-services/,0,8,0.0,71.375
affordable organic seo growth phoenix,https://azwebcorp.com/2020/07/29/how-much-does-seo-cost-in-arizona/,0,1,0.0,91.0
affordable organic seo growth phoenix az,https://azwebcorp.com/2020/07/29/how-much-does-seo-cost-in-arizona/,0,10,0.0,88.1
affordable organic seo growth phoenix az,https://azwebcorp.com/arizona-seo-services/,0,7,0.0,94.57142857142857
affordable organic seo in az,https://azwebcorp.com/2020/07/29/how-much-does-seo-cost-in-arizona/,0,12,0.0,23.083333333333332
affordable organic seo in az,https://azwebcorp.com/arizona-seo-services/,0,4,0.0,91.75
affordable search engine optimization services,https://azwebcorp.com/2020/07/29/how-much-does-seo-cost-in-arizona/,0,1,0.0,95.0
affordable search engine optimization services,https://azwebcorp.com/arizona-seo-services/,0,2,0.0,68.0
affordable seo agency near me,https://azwebcorp.com/arizona-seo-services/,0,7,0.0,38.0
affordable seo az,https://azwebcorp.com/2020/07/29/how-much-does-seo-cost-in-arizona/,0,3,0.0,38.0
affordable seo az,https://azwebcorp.com/arizona-seo-services/,0,1,0.0,61.0
affordable seo company ahwatukee,https://azwebcorp.com/2025/12/05/phoenix-seo-expert-local-search/,0,40,0.0,26.125
affordable seo company ahwatukee,https://azwebcorp.com/arizona-seo-services/,0,77,0.0,24.792207792207794
affordable seo company phoenix,https://azwebcorp.com/arizona-seo-services/,0,269,0.0,53.468401486988846
affordable seo company phoenix az,https://azwebcorp.com/2020/07/29/how-much-does-seo-cost-in-arizona/,0,2,0.0,70.5
affordable seo company phoenix az,https://azwebcorp.com/arizona-seo-services/,0,30,0.0,30.8
affordable seo company scottsdale,https://azwebcorp.com/2020/07/29/how-much-does-seo-cost-in-arizona/,0,2,0.0,79.0
affordable seo company scottsdale,https://azwebcorp.com/arizona-seo-services/,0,633,0.0,82.72353870458136
affordable seo company sedona‎,https://azwebcorp.com/arizona-seo-services/,0,1,0.0,16.0
affordable seo growth phoenix,https://azwebcorp.com/arizona-seo-services/,0,15,0.0,37.0
affordable seo organic growth az,https://azwebcorp.com/2020/07/29/how-much-does-seo-cost-in-arizona/,0,64,0.0,56.421875
affordable seo organic growth az,https://azwebcorp.com/arizona-seo-services/,0,15,0.0,42.86666666666667
affordable seo organic growth phoenix,https://azwebcorp.com/2020/07/29/how-much-does-seo-cost-in-arizona/,0,1,0.0,93.0
affordable seo organic growth phoenix,https://azwebcorp.com/arizona-seo-services/,0,17,0.0,46.88235294117647
affordable seo packages az,https://azwebcorp.com/2020/07/29/how-much-does-seo-cost-in-arizona/,0,27,0.0,61.111111111111114
affordable seo packages az,https://azwebcorp.com/arizona-seo-services/,0,8,0.0,91.75
affordable seo packages phoenix,https://azwebcorp.com/arizona-seo-services/,0,60,0.0,97.65
affordable seo phoenix,https://azwebcorp.com/arizona-seo-services/,0,31,0.0,56.70967741935484
affordable seo phoenix az,https://azwebcorp.com/arizona-seo-services/,0,28,0.0,43.285714285714285
affordable seo phoenix solutions,https://azwebcorp.com/arizona-seo-services/,0,3,0.0,96.33333333333333
affordable seo scottsdale,https://azwebcorp.com/arizona-seo-services/,0,191,0.0,87.43979057591623
affordable seo service az,https://azwebcorp.com/2020/07/29/how-much-does-seo-cost-in-arizona/,0,1,0.0,21.0
affordable seo service in phoenix,https://azwebcorp.com/arizona-seo-services/,0,1,0.0,63.0
affordable seo service phoenix,https://azwebcorp.com/arizona-seo-services/,0,2,0.0,92.5
affordable seo services company near me,https://azwebcorp.com/arizona-seo-services/,0,1,0.0,10.0
affordable seo services in arizona,https://azwebcorp.com/2020/07/29/how-much-does-seo-cost-in-arizona/,0,2,0.0,89.5
affordable seo services in arizona,https://azwebcorp.com/arizona-seo-services/,0,7,0.0,89.42857142857143
affordable seo services in phoenix,https://azwebcorp.com/arizona-seo-services/,0,11,0.0,90.45454545454545
affordable seo services phoenix,https://azwebcorp.com/arizona-seo-services/,0,31,0.0,48.61290322580645
affordable seo services phoenix az,https://azwebcorp.com/arizona-seo-services/,0,99,0.0,33.97979797979798
affordable seo services sun city,https://azwebcorp.com/arizona-seo-services/,0,1,0.0,37.0
affordable seo solution phoenix,https://azwebcorp.com/arizona-seo-services/,0,65,0.0,43.815384615384616
affordable seo solutions for any businesses az,https://azwebcorp.com/2020/07/29/how-much-does-seo-cost-in-arizona/,0,298,0.0,57.238255033557046
affordable seo solutions for any businesses az,https://azwebcorp.com/arizona-seo-services/,0,381,0.0,45.47769028871391
affordable seo solutions for business phoenix,https://azwebcorp.com/arizona-seo-services/,0,21,0.0,51.61904761904762
affordable seo solutions in phoenix,https://azwebcorp.com/arizona-seo-services/,0,30,0.0,41.5
affordable seo solutions phoenix,https://azwebcorp.com/arizona-seo-services/,0,72,0.0,42.625
affordable seo solutions phoenix arizona,https://azwebcorp.com/arizona-seo-services/,0,229,0.0,36.275109170305676
affordable seo solutions phoenix az,https://azwebcorp.com/arizona-seo-services/,0,216,0.0,31.194444444444443
affordable web design and development services scottsdale,https://azwebcorp.com/,0,52,0.0,89.25
affordable web design az,https://azwebcorp.com/,0,26,0.0,63.23076923076923
affordable web designers gilbert,https://azwebcorp.com/,0,98,0.0,47.295918367346935
affordable web development gilbert,https://azwebcorp.com/,0,121,0.0,1.7520661157024793
affordable web development mesa,https://azwebcorp.com/,0,41,0.0,8.682926829268293
affordable website packages,https://azwebcorp.com/,0,1,0.0,1.0
agencies specializing in backend and frontend web services,https://azwebcorp.com/arizona-backend-development/,0,1,0.0,5.0
ai automation (a-z),https://azwebcorp.com/workflow-automation-2/,0,2,0.0,36.0
ai-powered best internal linking plugin,https://azwebcorp.com/2020/07/29/best-internal-linking-plugins-wordpress/,0,2,0.0,67.0
"allintitle:why ""workflow automation""",https://azwebcorp.com/workflow-automation/,0,1,0.0,4.0
altamonte springs seo services,https://azwebcorp.com/arizona-seo-services/,0,16,0.0,55.75
and seo services,https://azwebcorp.com/arizona-seo-services/,0,7,0.0,85.42857142857143
android app development company arizona,https://azwebcorp.com/mobile-app-development-services-arizona/,0,104,0.0,47.19230769230769
android app development company in arizona,https://azwebcorp.com/mobile-app-development-services-arizona/,0,78,0.0,50.756410256410255
app and website developer,https://azwebcorp.com/,0,1,0.0,1.0
app companies in arizona,https://azwebcorp.com/,0,2,0.0,67.5
app companies in arizona,https://azwebcorp.com/mobile-app-development-services-arizona/,0,68,0.0,55.955882352941174
app creators near me,https://azwebcorp.com/,0,1,0.0,30.0
app design company,https://azwebcorp.com/,0,1,0.0,12.0
app designers,https://azwebcorp.com/,0,1,0.0,5.0
app designers near me,https://azwebcorp.com/,0,1,0.0,6.0
app designers near me,https://azwebcorp.com/mobile-app-development-services-arizona/,0,2,0.0,39.0
app deve,https://azwebcorp.com/,0,1,0.0,5.0
app devel,https://azwebcorp.com/,0,2,0.0,6.0
app developer,https://azwebcorp.com/,0,11,0.0,4.636363636363637
app developer arizona,https://azwebcorp.com/,0,1,0.0,94.0
app developer arizona,https://azwebcorp.com/arizona-backend-development/,0,1,0.0,100.0
app developer arizona,https://azwebcorp.com/frontend-development/,0,1,0.0,68.0
app developer arizona,https://azwebcorp.com/mobile-app-development-services-arizona/,0,122,0.0,51.63934426229508
"app developer in phoenix, az",https://azwebcorp.com/mobile-app-development-services-arizona/,0,1,0.0,104.0
app developer near me,https://azwebcorp.com/,0,3,0.0,2.333333333333333
app developer near me,https://azwebcorp.com/mobile-app-development-services-arizona/,0,3,0.0,100.66666666666667
app developer phoenix,https://azwebcorp.com/mobile-app-development-services-arizona/,0,7,0.0,69.14285714285714
app developers arizona,https://azwebcorp.com/mobile-app-development-services-arizona/,0,99,0.0,64.55555555555556
app developers in arizona,https://azwebcorp.com/,0,2,0.0,12.0
app developers in arizona,https://azwebcorp.com/mobile-app-development-services-arizona/,0,135,0.0,58.11851851851852
app developers in phoenix,https://azwebcorp.com/mobile-app-development-services-arizona/,0,12,0.0,54.083333333333336
app developers near me,https://azwebcorp.com/,0,2,0.0,12.5
app developers near me,https://azwebcorp.com/mobile-app-development-services-arizona/,0,71,0.0,80.21126760563381
app developers phoenix,https://azwebcorp.com/mobile-app-development-services-arizona/,0,30,0.0,77.63333333333334
app developers phoenix az,https://azwebcorp.com/mobile-app-development-services-arizona/,0,36,0.0,47.52777777777778
app development,https://azwebcorp.com/,0,41,0.0,6.170731707317073
app development agency,https://azwebcorp.com/,0,3,0.0,6.666666666666667
app development arizona,https://azwebcorp.com/,0,15,0.0,38.13333333333333
app development arizona,https://azwebcorp.com/frontend-development/,0,1,0.0,92.0
app development arizona,https://azwebcorp.com/mobile-app-development-services-arizona/,0,169,0.0,67.50887573964496
app development companies arizona,https://azwebcorp.com/mobile-app-development-services-arizona/,0,125,0.0,84.192
app development companies in arizona,https://azwebcorp.com/,0,1,0.0,96.0
app development companies in arizona,https://azwebcorp.com/mobile-app-development-services-arizona/,0,59,0.0,82.62711864406779
app development company,https://azwebcorp.com/,0,1,0.0,1.0
app development company arizona,https://azwebcorp.com/mobile-app-development-services-arizona/,0,168,0.0,50.17857142857143
app development company in arizona,https://azwebcorp.com/,0,4,0.0,95.75
app development company in arizona,https://azwebcorp.com/mobile-app-development-services-arizona/,0,100,0.0,54.81
app development company near me,https://azwebcorp.com/mobile-app-development-services-arizona/,0,35,0.0,72.68571428571428
app development company phoenix,https://azwebcorp.com/mobile-app-development-services-arizona/,0,20,0.0,63.55
app development in arizona,https://azwebcorp.com/,0,2,0.0,87.0
app development in arizona,https://azwebcorp.com/mobile-app-development-services-arizona/,0,149,0.0,73.44295302013423
app development near me,https://azwebcorp.com/mobile-app-development-services-arizona/,0,1,0.0,68.0
app development phoenix,https://azwebcorp.com/mobile-app-development-services-arizona/,0,98,0.0,77.51020408163265
app development scottsdale,https://azwebcorp.com/frontend-development/,0,6,0.0,60.333333333333336
app development scottsdale,https://azwebcorp.com/mobile-app-development-services-arizona/,0,30,0.0,43.03333333333333
app development services near me,https://azwebcorp.com/,0,2,0.0,51.0
app development services near me,https://azwebcorp.com/mobile-app-development-services-arizona/,0,58,0.0,49.86206896551724
app development services phoenix,https://azwebcorp.com/mobile-app-development-services-arizona/,0,12,0.0,59.083333333333336
app developper,https://azwebcorp.com/,0,1,0.0,4.0
app develper,https://azwebcorp.com/,0,1,0.0,3.0
app making company near me,https://azwebcorp.com/mobile-app-development-services-arizona/,0,21,0.0,71.47619047619048
application developer near me,https://azwebcorp.com/mobile-app-development-services-arizona/,0,2,0.0,46.0
application development phoenix,https://azwebcorp.com/mobile-app-development-services-arizona/,0,8,0.0,63.5
application development services,https://azwebcorp.com/mobile-app-development-services-arizona/,0,1,0.0,90.0
arizona ad agency,https://azwebcorp.com/arizona-digital-marketing/,0,15,0.0,90.46666666666667
arizona affordable organic seo growth,https://azwebcorp.com/2020/07/29/how-much-does-seo-cost-in-arizona/,0,390,0.0,42.282051282051285
arizona affordable organic seo growth,https://azwebcorp.com/arizona-seo-services/,0,80,0.0,44.65
arizona affordable web designer,https://azwebcorp.com/arizona-web-development/,0,13,0.0,90.6923076923077
arizona app builders,https://azwebcorp.com/mobile-app-development-services-arizona/,0,10,0.0,50.5
arizona app development company,https://azwebcorp.com/mobile-app-development-services-arizona/,0,115,0.0,53.208695652173915
arizona attorney seo,https://azwebcorp.com/arizona-seo-services/,0,15,0.0,74.53333333333333
arizona auto repair seo service,https://azwebcorp.com/arizona-seo-services/,0,2,0.0,54.5
arizona az web design,https://azwebcorp.com/,0,130,0.0,77.82307692307693
arizona backend development,https://azwebcorp.com/,0,193,0.0,16.523316062176164
arizona backend development,https://azwebcorp.com/about-azwebcorp/,0,72,0.0,9.944444444444445
arizona backend development,https://azwebcorp.com/arizona-web-development/,0,83,0.0,19.710843373493976
arizona backend development,https://azwebcorp.com/contact-us/,0,4,0.0,7.75
arizona backend development,https://azwebcorp.com/frontend-development/,0,12,0.0,59.666666666666664
arizona backend development,https://azwebcorp.com/hire-our-services/,0,7,0.0,43.0
arizona backend development,https://azwebcorp.com/mobile-app-development-services-arizona/,0,2,0.0,93.0
arizona backend development,https://azwebcorp.com/news-and-insights/,0,2,0.0,7.0
arizona backend development,https://azwebcorp.com/tech-industry-blog/,0,35,0.0,9.342857142857143
arizona backend development,https://azwebcorp.com/tech/,0,44,0.0,24.40909090909091
arizona backend development,https://azwebcorp.com/what-is-critical-error-on-wordpress/,0,72,0.0,9.944444444444445
arizona backend development,https://azwebcorp.com/workflow-automation/,0,4,0.0,7.75
arizona best seo company,https://azwebcorp.com/arizona-seo-services/,0,45,0.0,89.95555555555555
arizona best website design agency,https://azwebcorp.com/,0,3,0.0,74.66666666666667
arizona cheap organic growth seo,https://azwebcorp.com/2020/07/29/how-much-does-seo-cost-in-arizona/,0,63,0.0,61.6031746031746
arizona cheap organic growth seo,https://azwebcorp.com/arizona-seo-services/,0,4,0.0,61.5
arizona cheap organic seo growth,https://azwebcorp.com/2020/07/29/how-much-does-seo-cost-in-arizona/,0,396,0.0,41.33585858585859
arizona cheap organic seo growth,https://azwebcorp.com/arizona-seo-services/,0,15,0.0,55.46666666666667
arizona design web,https://azwebcorp.com/,0,83,0.0,81.02409638554217
arizona design web,https://azwebcorp.com/frontend-development/,0,1,0.0,67.0
arizona design web,https://azwebcorp.com/our-featured-projects/,0,1,0.0,89.0
arizona digital,https://azwebcorp.com/arizona-digital-marketing/,0,1,0.0,63.0
arizona digital agency,https://azwebcorp.com/,0,3,0.0,34.333333333333336
arizona digital agency,https://azwebcorp.com/arizona-digital-marketing/,0,31,0.0,80.96774193548387
arizona digital marketing,https://azwebcorp.com/arizona-digital-marketing/,0,220,0.0,76.64545454545454
arizona digital marketing agency,https://azwebcorp.com/arizona-digital-marketing/,0,194,0.0,78.30412371134021
arizona digital marketing company,https://azwebcorp.com/arizona-digital-marketing/,0,33,0.0,91.75757575757575
arizona digital marketing services,https://azwebcorp.com/arizona-digital-marketing/,0,14,0.0,83.07142857142857
arizona digital marketing solutions,https://azwebcorp.com/arizona-digital-marketing/,0,4,0.0,97.5
arizona digital media,https://azwebcorp.com/arizona-digital-marketing/,0,2,0.0,72.0
arizona digital media management,https://azwebcorp.com/arizona-digital-marketing/,0,1,0.0,59.0
arizona ecommerce design,https://azwebcorp.com/,0,2,0.0,84.0
arizona ecommerce web design,https://azwebcorp.com/,0,22,0.0,65.5
arizona effective growth of organic seo,https://azwebcorp.com/2020/07/29/how-much-does-seo-cost-in-arizona/,0,3,0.0,56.0
arizona effective growth of organic seo,https://azwebcorp.com/arizona-seo-services/,0,22,0.0,66.63636363636364
arizona effective organic cheap seo growth,https://azwebcorp.com/2020/07/29/how-much-does-seo-cost-in-arizona/,0,417,0.0,32.92565947242206
arizona effective organic cheap seo growth,https://azwebcorp.com/arizona-seo-services/,0,72,0.0,52.93055555555556
arizona effective organic growth seo,https://azwebcorp.com/2020/07/29/how-much-does-seo-cost-in-arizona/,0,10,0.0,72.0
arizona effective organic growth seo,https://azwebcorp.com/arizona-seo-services/,0,84,0.0,57.857142857142854
arizona effective organic seo growth,https://azwebcorp.com/2020/07/29/how-much-does-seo-cost-in-arizona/,0,7,0.0,70.85714285714286
arizona effective organic seo growth,https://azwebcorp.com/arizona-seo-services/,0,29,0.0,64.55172413793103
arizona engine optimization search seo,https://azwebcorp.com/arizona-seo-services/,0,3,0.0,92.33333333333333
arizona food service seo firm,https://azwebcorp.com/arizona-seo-services/,0,20,0.0,53.6
arizona frontend development,https://azwebcorp.com/,0,103,0.0,30.58252427184466
arizona frontend development,https://azwebcorp.com/arizona-backend-development/,0,15,0.0,53.53333333333333
arizona frontend development,https://azwebcorp.com/arizona-web-development/,0,3,0.0,59.333333333333336
arizona frontend development,https://azwebcorp.com/mobile-app-development-services-arizona/,0,4,0.0,79.5
arizona healthcare seo firm,https://azwebcorp.com/arizona-seo-services/,0,26,0.0,42.92307692307692
arizona inexpensive web design,https://azwebcorp.com/,0,12,0.0,73.16666666666667
arizona inexpensive web designer,https://azwebcorp.com/,0,3,0.0,79.0
arizona interactive agency,https://azwebcorp.com/arizona-digital-marketing/,0,65,0.0,53.07692307692308
arizona internet marketing,https://azwebcorp.com/arizona-digital-marketing/,0,61,0.0,75.91803278688525
arizona internet marketing agency,https://azwebcorp.com/arizona-digital-marketing/,0,1,0.0,82.0
arizona internet marketing company,https://azwebcorp.com/arizona-digital-marketing/,0,22,0.0,75.18181818181819
arizona law firm seo,https://azwebcorp.com/arizona-seo-services/,0,2,0.0,73.0
arizona law firm seo service,https://azwebcorp.com/arizona-seo-services/,0,2,0.0,90.0
arizona law firm seo services,https://azwebcorp.com/arizona-seo-services/,0,1,0.0,97.0
arizona lawyer seo,https://azwebcorp.com/arizona-seo-services/,0,9,0.0,74.33333333333333
arizona local seo,https://azwebcorp.com/2025/12/05/phoenix-seo-expert-local-search/,0,1,0.0,38.0
arizona local seo,https://azwebcorp.com/arizona-seo-services/,0,97,0.0,86.72164948453609
arizona local seo agency for service businesses,https://azwebcorp.com/arizona-seo-services/,0,1,0.0,81.0
arizona local seo consultant,https://azwebcorp.com/arizona-seo-services/,0,47,0.0,71.25531914893617
arizona local seo marketing services,https://azwebcorp.com/arizona-seo-services/,0,76,0.0,89.03947368421052
arizona local seo services,https://azwebcorp.com/arizona-seo-services/,0,73,0.0,83.02739726027397
arizona marketing,https://azwebcorp.com/arizona-digital-marketing/,0,3,0.0,71.66666666666667
arizona marketing agency,https://azwebcorp.com/arizona-digital-marketing/,0,319,0.0,86.18808777429467
arizona marketing and automation solutions,https://azwebcorp.com/marketing-automation2/,0,48,0.0,21.5625
arizona marketing and automation solutions,https://azwebcorp.com/workflow-automation-2/,0,2,0.0,69.5
arizona marketing company,https://azwebcorp.com/arizona-digital-marketing/,0,128,0.0,88.3359375
arizona mobile app developers,https://azwebcorp.com/,0,5,0.0,1.0
arizona mobile app developers,https://azwebcorp.com/mobile-app-development-services-arizona/,0,121,0.0,55.94214876033058
arizona mobile app development,https://azwebcorp.com/,0,4,0.0,4.25
arizona mobile app development,https://azwebcorp.com/mobile-app-development-services-arizona/,0,178,0.0,60.21910112359551
arizona mobile development,https://azwebcorp.com/,0,27,0.0,6.925925925925926
arizona mobile development,https://azwebcorp.com/mobile-app-development-services-arizona/,0,89,0.0,45.61797752808989
arizona mobile development programmers,https://azwebcorp.com/,0,8,0.0,91.875
arizona mobile development programmers,https://azwebcorp.com/mobile-app-development-services-arizona/,0,86,0.0,45.06976744186046
arizona national seo package,https://azwebcorp.com/2020/07/29/how-much-does-seo-cost-in-arizona/,0,88,0.0,29.670454545454547
arizona national seo package,https://azwebcorp.com/arizona-seo-services/,0,134,0.0,57.97761194029851
arizona national seo package,https://azwebcorp.com/how-much-does-seo-cost-in-arizona/,0,14,0.0,68.85714285714286
arizona online marketing,https://azwebcorp.com/arizona-digital-marketing/,0,239,0.0,85.99581589958159
arizona online marketing agency,https://azwebcorp.com/arizona-digital-marketing/,0,53,0.0,88.28301886792453
arizona organic affordable seo growth,https://azwebcorp.com/2020/07/29/how-much-does-seo-cost-in-arizona/,0,443,0.0,36.95259593679458
arizona organic affordable seo growth,https://azwebcorp.com/arizona-seo-services/,0,164,0.0,45.451219512195124
arizona organic cheap seo,https://azwebcorp.com/2020/07/29/how-much-does-seo-cost-in-arizona/,0,204,0.0,47.15196078431372
arizona organic cheap seo,https://azwebcorp.com/arizona-seo-services/,0,86,0.0,41.883720930232556
arizona organic cheap seo growth,https://azwebcorp.com/2020/07/29/how-much-does-seo-cost-in-arizona/,0,419,0.0,37.48926014319809
arizona organic cheap seo growth,https://azwebcorp.com/arizona-seo-services/,0,74,0.0,51.75675675675676
arizona organic growth seo,https://azwebcorp.com/arizona-seo-services/,0,128,0.0,44.9140625
arizona organic local seo growth,https://azwebcorp.com/arizona-seo-services/,0,1,0.0,51.0
arizona organic seo consulting,https://azwebcorp.com/arizona-seo-services/,0,153,0.0,39.627450980392155
arizona organic seo growth,https://azwebcorp.com/2020/07/29/how-much-does-seo-cost-in-arizona/,0,4,0.0,93.0
arizona organic seo growth,https://azwebcorp.com/arizona-seo-services/,0,27,0.0,53.111111111111114
arizona pest control seo services,https://azwebcorp.com/arizona-seo-services/,0,1,0.0,58.0
arizona phoenix affordable organic seo growth,https://azwebcorp.com/2020/07/29/how-much-does-seo-cost-in-arizona/,0,14,0.0,84.92857142857143
arizona phoenix affordable organic seo growth,https://azwebcorp.com/arizona-seo-services/,0,34,0.0,87.82352941176471
arizona printing company,https://azwebcorp.com/arizona-printing-services/,0,1,0.0,66.0
arizona printing services,https://azwebcorp.com/arizona-printing-services/,0,3,0.0,51.333333333333336
arizona professional seo,https://azwebcorp.com/arizona-seo-services/,0,2,0.0,34.0
arizona professional seo services,https://azwebcorp.com/arizona-seo-services/,0,36,0.0,44.388888888888886
arizona retail services seo firm,https://azwebcorp.com/arizona-seo-services/,0,247,0.0,62.578947368421055
arizona retail services ux/ui,https://azwebcorp.com/frontend-development/,0,90,0.0,68.91111111111111
arizona search engine marketing,https://azwebcorp.com/arizona-seo-services/,0,13,0.0,69.84615384615384
arizona search engine optimization,https://azwebcorp.com/2025/12/05/phoenix-seo-expert-local-search/,0,1,0.0,28.0
arizona search engine optimization,https://azwebcorp.com/arizona-seo-services/,0,633,0.0,78.10742496050553
arizona search engine optimization agency,https://azwebcorp.com/arizona-seo-services/,0,34,0.0,88.44117647058823
arizona search engine optimization company,https://azwebcorp.com/arizona-seo-services/,0,16,0.0,82.625
arizona search engine optimization consultants,https://azwebcorp.com/arizona-seo-services/,0,111,0.0,82.81981981981981
arizona seo,https://azwebcorp.com/2020/07/29/how-much-does-seo-cost-in-arizona/,0,29,0.0,83.0
arizona seo,https://azwebcorp.com/arizona-seo-services/,0,2035,0.0,60.14348894348895
arizona seo,https://azwebcorp.com/seo-company-phoenix-az/,0,1,0.0,78.0
arizona seo agencies,https://azwebcorp.com/arizona-seo-services/,0,221,0.0,77.10859728506787
arizona seo and digital marketing agency,https://azwebcorp.com/arizona-seo-services/,0,3,0.0,85.66666666666667
arizona seo class,https://azwebcorp.com/arizona-seo-services/,0,1,0.0,78.0
arizona seo companies,https://azwebcorp.com/arizona-seo-services/,0,599,0.0,70.29883138564274
arizona seo company,https://azwebcorp.com/arizona-seo-services/,0,3373,0.0,77.19329973317521
arizona seo company for attorneys,https://azwebcorp.com/arizona-seo-services/,0,8,0.0,92.375
arizona seo company reviews,https://azwebcorp.com/arizona-seo-services/,0,43,0.0,64.16279069767441
arizona seo consultancy,https://azwebcorp.com/arizona-seo-services/,0,1,0.0,48.0
arizona seo consultant,https://azwebcorp.com/arizona-seo-services/,0,87,0.0,49.793103448275865
arizona seo consultant services,https://azwebcorp.com/arizona-seo-services/,0,21,0.0,67.61904761904762
arizona seo consultants,https://azwebcorp.com/arizona-seo-services/,0,2,0.0,24.0
arizona seo consultants company,https://azwebcorp.com/arizona-seo-services/,0,1,0.0,77.0
arizona seo consulting,https://azwebcorp.com/arizona-seo-services/,0,1,0.0,54.0
arizona seo consulting service,https://azwebcorp.com/arizona-seo-services/,0,1,0.0,53.0
arizona seo digital marketing agencies,https://azwebcorp.com/arizona-seo-services/,0,2,0.0,99.0
arizona seo digital marketing agency,https://azwebcorp.com/arizona-seo-services/,0,13,0.0,90.46153846153847
arizona seo digital marketing company,https://azwebcorp.com/arizona-seo-services/,0,72,0.0,82.56944444444444
arizona seo expert,https://azwebcorp.com/2025/12/05/phoenix-seo-expert-local-search/,0,3,0.0,28.333333333333332
arizona seo expert,https://azwebcorp.com/arizona-seo-services/,0,174,0.0,56.310344827586206
arizona seo experts,https://azwebcorp.com/arizona-seo-services/,0,1,0.0,46.0
arizona seo firm,https://azwebcorp.com/arizona-seo-services/,0,275,0.0,80.06181818181818
arizona seo firms,https://azwebcorp.com/arizona-seo-services/,0,1,0.0,59.0
arizona seo growth,https://azwebcorp.com/2025/12/05/phoenix-seo-expert-local-search/,0,113,0.0,36.36283185840708
arizona seo growth,https://azwebcorp.com/arizona-seo-services/,0,235,0.0,46.57872340425532
arizona seo optimization services,https://azwebcorp.com/arizona-seo-services/,0,117,0.0,82.88034188034187
arizona seo organic growth,https://azwebcorp.com/arizona-seo-services/,0,31,0.0,51.12903225806452
arizona seo organic growth consulting,https://azwebcorp.com/arizona-seo-services/,0,73,0.0,48.342465753424655
arizona seo package,https://azwebcorp.com/2020/07/29/how-much-does-seo-cost-in-arizona/,0,4,0.0,77.5
arizona seo package,https://azwebcorp.com/arizona-seo-services/,0,15,0.0,52.86666666666667
arizona seo package plan,https://azwebcorp.com/2020/07/29/how-much-does-seo-cost-in-arizona/,0,72,0.0,44.416666666666664
arizona seo package plan,https://azwebcorp.com/arizona-seo-services/,0,14,0.0,65.0
arizona seo packages,https://azwebcorp.com/2020/07/29/how-much-does-seo-cost-in-arizona/,0,24,0.0,81.33333333333333
arizona seo packages,https://azwebcorp.com/arizona-seo-services/,0,7,0.0,52.42857142857143
arizona seo professional for attorneys,https://azwebcorp.com/arizona-seo-services/,0,2,0.0,95.0
arizona seo project,https://azwebcorp.com/2020/07/29/how-much-does-seo-cost-in-arizona/,0,5,0.0,83.0
arizona seo project,https://azwebcorp.com/2025/12/05/phoenix-seo-expert-local-search/,0,81,0.0,15.037037037037036
arizona seo project,https://azwebcorp.com/arizona-seo-services/,0,397,0.0,37.841309823677584
arizona seo project,https://azwebcorp.com/our-featured-projects/,0,17,0.0,75.29411764705883
arizona seo projects,https://azwebcorp.com/2020/07/29/how-much-does-seo-cost-in-arizona/,0,2,0.0,78.5
arizona seo projects,https://azwebcorp.com/2025/12/05/phoenix-seo-expert-local-search/,0,1,0.0,22.0
arizona seo projects,https://azwebcorp.com/arizona-seo-services/,0,404,0.0,34.62623762376238
arizona seo search engine optimization,https://azwebcorp.com/2020/07/29/how-much-does-seo-cost-in-arizona/,0,11,0.0,41.27272727272727
arizona seo search engine optimization,https://azwebcorp.com/arizona-seo-services/,0,142,0.0,79.71126760563381
arizona seo service,https://azwebcorp.com/,0,1,0.0,2.0
arizona seo service,https://azwebcorp.com/arizona-seo-services/,0,770,0.0,78.39090909090909
arizona seo services,https://azwebcorp.com/arizona-seo-services/,0,1257,0.0,65.61893396976929
arizona seo specialist,https://azwebcorp.com/arizona-seo-services/,0,25,0.0,72.84
arizona small business seo services,https://azwebcorp.com/arizona-seo-services/,0,27,0.0,76.18518518518519
arizona social media agency,https://azwebcorp.com/arizona-digital-marketing/,0,113,0.0,92.91150442477876
arizona social media marketing,https://azwebcorp.com/arizona-digital-marketing/,0,3,0.0,72.33333333333333
arizona software development,https://azwebcorp.com/,0,3,0.0,94.0
arizona software development company,https://azwebcorp.com/,0,10,0.0,81.8
arizona software development company,https://azwebcorp.com/arizona-backend-development/,0,7,0.0,64.14285714285714
arizona state university web development,https://azwebcorp.com/,0,3,0.0,42.0
arizona successful seo organic growth,https://azwebcorp.com/2020/07/29/how-much-does-seo-cost-in-arizona/,0,67,0.0,52.02985074626866
arizona successful seo organic growth,https://azwebcorp.com/arizona-seo-services/,0,23,0.0,74.34782608695652
arizona technology ad agency,https://azwebcorp.com/arizona-digital-marketing/,0,79,0.0,36.860759493670884
arizona technology content marketing,https://azwebcorp.com/arizona-digital-marketing/,0,2,0.0,44.5
arizona technology marketing,https://azwebcorp.com/arizona-digital-marketing/,0,1,0.0,65.0
arizona technology media agency,https://azwebcorp.com/arizona-digital-marketing/,0,79,0.0,43.0
arizona technology seo firm,https://azwebcorp.com/arizona-seo-services/,0,254,0.0,38.45669291338583
arizona technology seo firm,https://azwebcorp.com/tech/,0,7,0.0,37.0
arizona top seo,https://azwebcorp.com/arizona-seo-services/,0,1,0.0,78.0
arizona web,https://azwebcorp.com/about-azwebcorp/,0,7,0.0,67.71428571428571
arizona web,https://azwebcorp.com/arizona-backend-development/,0,1,0.0,84.0
arizona web,https://azwebcorp.com/arizona-web-design/,0,1,0.0,61.0
arizona web,https://azwebcorp.com/arizona-web-development/,0,7,0.0,54.0
arizona web,https://azwebcorp.com/category/digital-marketing/,0,2,0.0,66.5
arizona web,https://azwebcorp.com/contact-us/,0,6,0.0,84.5
arizona web,https://azwebcorp.com/frontend-development/,0,3,0.0,75.0
arizona web,https://azwebcorp.com/hire-our-services/,0,11,0.0,68.9090909090909
arizona web,https://azwebcorp.com/privacy-policy/,0,8,0.0,80.375
arizona web,https://azwebcorp.com/web-development/,0,1,0.0,80.0
arizona web company,https://azwebcorp.com/about-azwebcorp/,0,43,0.0,30.88372093023256
arizona web company,https://azwebcorp.com/arizona-backend-development/,0,4,0.0,79.75
arizona web company,https://azwebcorp.com/arizona-digital-marketing/,0,6,0.0,86.33333333333333
arizona web company,https://azwebcorp.com/arizona-seo-services/,0,1,0.0,88.0
arizona web company,https://azwebcorp.com/arizona-web-development/,0,19,0.0,63.21052631578947
arizona web company,https://azwebcorp.com/category/digital-marketing/,0,1,0.0,85.0
arizona web company,https://azwebcorp.com/contact-us/,0,17,0.0,16.941176470588236
arizona web company,https://azwebcorp.com/frontend-development/,0,1,0.0,60.0
arizona web company,https://azwebcorp.com/hire-our-services/,0,12,0.0,68.41666666666667
arizona web company,https://azwebcorp.com/marketing-automation2/,0,16,0.0,18.5
arizona web company,https://azwebcorp.com/mobile-app-development-services-arizona/,0,24,0.0,2.791666666666667
arizona web company,https://azwebcorp.com/our-featured-projects/,0,7,0.0,82.57142857142857
arizona web company,https://azwebcorp.com/privacy-policy/,0,2,0.0,85.0
arizona web company,https://azwebcorp.com/tech/,0,24,0.0,2.791666666666667
arizona web company,https://azwebcorp.com/web-development-services/,0,3,0.0,67.0
arizona web company,https://azwebcorp.com/what-is-critical-error-on-wordpress/,0,24,0.0,2.791666666666667
arizona web design,https://azwebcorp.com/,0,3144,0.0,56.41762086513995
arizona web design,https://azwebcorp.com/about-azwebcorp/,0,2,0.0,9.0
arizona web design,https://azwebcorp.com/arizona-web-development/,0,16,0.0,57.8125
arizona web design,https://azwebcorp.com/our-featured-projects/,0,11,0.0,77.72727272727273
arizona web design,https://azwebcorp.com/tech/,0,2,0.0,9.0
arizona web design,https://azwebcorp.com/web-development/,0,2,0.0,79.5
arizona web design,https://azwebcorp.com/what-is-critical-error-on-wordpress/,0,2,0.0,9.0
arizona web design agency,https://azwebcorp.com/,0,22,0.0,45.36363636363637
arizona web design agency,https://azwebcorp.com/our-featured-projects/,0,1,0.0,72.0
arizona web design and seo,https://azwebcorp.com/,0,546,0.0,52.71245421245421
arizona web design and seo,https://azwebcorp.com/arizona-seo-services/,0,32,0.0,87.3125
arizona web design companies,https://azwebcorp.com/,0,76,0.0,52.14473684210526
arizona web design company,https://azwebcorp.com/,0,1052,0.0,51.4287072243346
arizona web design company,https://azwebcorp.com/about-azwebcorp/,0,14,0.0,9.642857142857142
arizona web design company,https://azwebcorp.com/arizona-web-development/,0,15,0.0,15.333333333333334
arizona web design company,https://azwebcorp.com/contact-us/,0,4,0.0,10.0
arizona web design company,https://azwebcorp.com/frontend-development/,0,7,0.0,57.285714285714285
arizona web design company,https://azwebcorp.com/hire-our-services/,0,4,0.0,10.0
arizona web design company,https://azwebcorp.com/our-featured-projects/,0,1,0.0,80.0
arizona web design company,https://azwebcorp.com/tech/,0,14,0.0,9.642857142857142
arizona web design company,https://azwebcorp.com/what-is-critical-error-on-wordpress/,0,14,0.0,9.642857142857142
arizona web design company,https://azwebcorp.com/workflow-automation/,0,4,0.0,10.0
arizona web design firm,https://azwebcorp.com/,0,7,0.0,45.714285714285715
arizona web design services,https://azwebcorp.com/,0,145,0.0,31.20689655172414
arizona web design services,https://azwebcorp.com/about-azwebcorp/,0,10,0.0,10.9
arizona web design services,https://azwebcorp.com/arizona-web-development/,0,10,0.0,10.9
arizona web design services,https://azwebcorp.com/contact-us/,0,1,0.0,10.0
arizona web design services,https://azwebcorp.com/hire-our-services/,0,1,0.0,10.0
arizona web design services,https://azwebcorp.com/tech/,0,10,0.0,10.9
arizona web design services,https://azwebcorp.com/what-is-critical-error-on-wordpress/,0,10,0.0,10.9
arizona web design services,https://azwebcorp.com/workflow-automation/,0,1,0.0,10.0
arizona web designe,https://azwebcorp.com/,0,1,0.0,95.0
arizona web designer,https://azwebcorp.com/,0,766,0.0,33.240208877284594
arizona web designer,https://azwebcorp.com/about-azwebcorp/,0,10,0.0,10.2
arizona web designer,https://azwebcorp.com/arizona-web-development/,0,25,0.0,48.84
arizona web designer,https://azwebcorp.com/tech/,0,10,0.0,10.2
arizona web designer,https://azwebcorp.com/web-development/,0,1,0.0,90.0
arizona web designer,https://azwebcorp.com/what-is-critical-error-on-wordpress/,0,10,0.0,10.2
arizona web designers,https://azwebcorp.com/,0,1119,0.0,39.52636282394995
arizona web designers,https://azwebcorp.com/about-azwebcorp/,0,42,0.0,9.642857142857142
arizona web designers,https://azwebcorp.com/arizona-web-development/,0,42,0.0,9.642857142857142
arizona web designers,https://azwebcorp.com/contact-us/,0,4,0.0,10.25
arizona web designers,https://azwebcorp.com/hire-our-services/,0,4,0.0,10.25
arizona web designers,https://azwebcorp.com/tech/,0,42,0.0,9.642857142857142
arizona web designers,https://azwebcorp.com/what-is-critical-error-on-wordpress/,0,42,0.0,9.642857142857142
arizona web designers,https://azwebcorp.com/workflow-automation/,0,4,0.0,10.25
arizona web developer,https://azwebcorp.com/about-azwebcorp/,0,278,0.0,7.593525179856115
arizona web developer,https://azwebcorp.com/arizona-backend-development/,0,80,0.0,82.5125
arizona web developer,https://azwebcorp.com/arizona-web-development/,0,374,0.0,27.122994652406415
arizona web developer,https://azwebcorp.com/contact-us/,0,57,0.0,5.7368421052631575
arizona web developer,https://azwebcorp.com/frontend-development/,0,108,0.0,80.57407407407408
arizona web developer,https://azwebcorp.com/hire-our-services/,0,102,0.0,14.676470588235293
arizona web developer,https://azwebcorp.com/marketing-automation2/,0,9,0.0,5.777777777777778
arizona web developer,https://azwebcorp.com/mobile-app-development-services-arizona/,0,77,0.0,35.077922077922075
arizona web developer,https://azwebcorp.com/news-and-insights/,0,31,0.0,6.032258064516129
arizona web developer,https://azwebcorp.com/our-featured-projects/,0,9,0.0,87.77777777777777
arizona web developer,https://azwebcorp.com/tech-industry-blog/,0,67,0.0,5.17910447761194
arizona web developer,https://azwebcorp.com/tech-industry-blogs/,0,6,0.0,4.0
arizona web developer,https://azwebcorp.com/tech/,0,124,0.0,4.443548387096774
arizona web developer,https://azwebcorp.com/web-development/,0,2,0.0,88.0
arizona web developer,https://azwebcorp.com/what-is-critical-error-on-wordpress/,0,228,0.0,4.864035087719298
arizona web developer,https://azwebcorp.com/workflow-automation/,0,48,0.0,5.729166666666667
arizona web developers,https://azwebcorp.com/,0,43,0.0,10.116279069767442
arizona web developers,https://azwebcorp.com/about-azwebcorp/,0,22,0.0,10.090909090909092
arizona web developers,https://azwebcorp.com/arizona-web-development/,0,22,0.0,10.090909090909092
arizona web developers,https://azwebcorp.com/contact-us/,0,1,0.0,10.0
arizona web developers,https://azwebcorp.com/hire-our-services/,0,1,0.0,10.0
arizona web developers,https://azwebcorp.com/tech-industry-blog/,0,20,0.0,10.0
arizona web developers,https://azwebcorp.com/tech-industry-blogs/,0,2,0.0,11.0
arizona web developers,https://azwebcorp.com/what-is-critical-error-on-wordpress/,0,22,0.0,10.090909090909092
arizona web developers,https://azwebcorp.com/workflow-automation/,0,1,0.0,10.0
arizona web development,https://azwebcorp.com/about-azwebcorp/,0,759,0.0,4.5520421607378125
arizona web development,https://azwebcorp.com/arizona-backend-development/,0,72,0.0,79.30555555555556
arizona web development,https://azwebcorp.com/arizona-web-development/,0,822,0.0,21.535279805352797
arizona web development,https://azwebcorp.com/contact-us/,0,148,0.0,3.8175675675675675
arizona web development,https://azwebcorp.com/frontend-development/,0,138,0.0,83.57246376811594
arizona web development,https://azwebcorp.com/hire-our-services/,0,177,0.0,16.28813559322034
arizona web development,https://azwebcorp.com/marketing-automation2/,0,45,0.0,4.533333333333333
arizona web development,https://azwebcorp.com/mobile-app-development-services-arizona/,0,218,0.0,16.055045871559635
arizona web development,https://azwebcorp.com/news-and-insights/,0,83,0.0,6.626506024096385
arizona web development,https://azwebcorp.com/tech-industry-blog/,0,228,0.0,3.986842105263158
arizona web development,https://azwebcorp.com/tech-industry-blogs/,0,38,0.0,4.894736842105264
arizona web development,https://azwebcorp.com/tech/,0,368,0.0,6.611413043478261
arizona web development,https://azwebcorp.com/what-is-critical-error-on-wordpress/,0,706,0.0,4.335694050991501
arizona web development,https://azwebcorp.com/workflow-automation/,0,99,0.0,3.6666666666666665
arizona web development company,https://azwebcorp.com/,0,20,0.0,9.0
arizona web development company,https://azwebcorp.com/about-azwebcorp/,0,5,0.0,7.6
arizona web development company,https://azwebcorp.com/arizona-web-development/,0,5,0.0,7.6
arizona web development company,https://azwebcorp.com/tech-industry-blog/,0,4,0.0,6.5
arizona web development company,https://azwebcorp.com/tech/,0,1,0.0,12.0
arizona web development company,https://azwebcorp.com/what-is-critical-error-on-wordpress/,0,5,0.0,7.6
arizona web development gilbert,https://azwebcorp.com/about-azwebcorp/,0,36,0.0,1.8333333333333335
arizona web development gilbert,https://azwebcorp.com/arizona-web-development/,0,36,0.0,1.8333333333333335
arizona web development gilbert,https://azwebcorp.com/contact-us/,0,35,0.0,1.7428571428571429
arizona web development gilbert,https://azwebcorp.com/hire-our-services/,0,33,0.0,1.8181818181818183
arizona web development gilbert,https://azwebcorp.com/news-and-insights/,0,2,0.0,2.0
arizona web development gilbert,https://azwebcorp.com/tech-industry-blog/,0,25,0.0,1.88
arizona web development gilbert,https://azwebcorp.com/tech/,0,9,0.0,1.6666666666666665
arizona web development gilbert,https://azwebcorp.com/what-is-critical-error-on-wordpress/,0,36,0.0,1.8333333333333335
arizona web development gilbert,https://azwebcorp.com/workflow-automation/,0,33,0.0,1.8181818181818183
arizona web hosting,https://azwebcorp.com/,0,11,0.0,46.54545454545455
arizona web hosting,https://azwebcorp.com/arizona-web-development/,0,1,0.0,47.0
arizona web hosting,https://azwebcorp.com/hire-our-services/,0,2,0.0,90.0
arizona web hosting company,https://azwebcorp.com/,0,1,0.0,48.0
arizona web hosting company,https://azwebcorp.com/hire-our-services/,0,1,0.0,82.0
arizona web marketing,https://azwebcorp.com/,0,38,0.0,61.23684210526316
arizona web marketing,https://azwebcorp.com/arizona-digital-marketing/,0,115,0.0,65.87826086956522
arizona web marketing,https://azwebcorp.com/arizona-seo-services/,0,7,0.0,84.71428571428571
arizona web marketing,https://azwebcorp.com/marketing-automation2/,0,1,0.0,67.0
arizona web page design and promotion,https://azwebcorp.com/,0,2,0.0,94.0
arizona web site design,https://azwebcorp.com/,0,40,0.0,69.475
arizona web site design company,https://azwebcorp.com/,0,28,0.0,66.10714285714286
arizona webdesign,https://azwebcorp.com/,0,48,0.0,28.854166666666668
arizona webdesign,https://azwebcorp.com/arizona-web-development/,0,3,0.0,64.0
arizona website companies,https://azwebcorp.com/,0,532,0.0,61.63157894736842
arizona website companies,https://azwebcorp.com/about-azwebcorp/,0,17,0.0,10.235294117647058
arizona website companies,https://azwebcorp.com/arizona-digital-marketing/,0,2,0.0,10.0
arizona website companies,https://azwebcorp.com/arizona-web-development/,0,3,0.0,11.0
arizona website companies,https://azwebcorp.com/domain-registration/,0,3,0.0,11.0
arizona website companies,https://azwebcorp.com/hosting-domains/,0,2,0.0,10.0
arizona website companies,https://azwebcorp.com/mobile-app-development-services-arizona/,0,12,0.0,10.083333333333334
arizona website companies,https://azwebcorp.com/tech/,0,15,0.0,10.266666666666667
arizona website companies,https://azwebcorp.com/web-hosting/,0,2,0.0,10.0
arizona website companies,https://azwebcorp.com/what-is-critical-error-on-wordpress/,0,12,0.0,10.083333333333334
arizona website design,https://azwebcorp.com/,0,1986,0.0,64.19284994964752
arizona website design,https://azwebcorp.com/about-azwebcorp/,0,5,0.0,9.8
arizona website design,https://azwebcorp.com/arizona-web-development/,0,8,0.0,37.375
arizona website design,https://azwebcorp.com/contact-us/,0,1,0.0,9.0
arizona website design,https://azwebcorp.com/hire-our-services/,0,1,0.0,9.0
arizona website design,https://azwebcorp.com/our-featured-projects/,0,14,0.0,75.92857142857143
arizona website design,https://azwebcorp.com/tech/,0,5,0.0,9.8
arizona website design,https://azwebcorp.com/what-is-critical-error-on-wordpress/,0,5,0.0,9.8
arizona website design,https://azwebcorp.com/workflow-automation/,0,1,0.0,9.0
arizona website design agency,https://azwebcorp.com/,0,3,0.0,65.66666666666667
arizona website design company,https://azwebcorp.com/,0,45,0.0,63.733333333333334
arizona website design company,https://azwebcorp.com/arizona-web-development/,0,1,0.0,72.0
arizona website designer,https://azwebcorp.com/,0,414,0.0,67.9975845410628
arizona website designer,https://azwebcorp.com/about-azwebcorp/,0,2,0.0,10.5
arizona website designer,https://azwebcorp.com/arizona-web-development/,0,5,0.0,41.2
arizona website designer,https://azwebcorp.com/tech/,0,2,0.0,10.5
arizona website designer,https://azwebcorp.com/what-is-critical-error-on-wordpress/,0,2,0.0,10.5
arizona website designers,https://azwebcorp.com/,0,50,0.0,64.88
arizona website developer,https://azwebcorp.com/,0,145,0.0,9.517241379310345
arizona website developer,https://azwebcorp.com/about-azwebcorp/,0,13,0.0,6.230769230769231
arizona website developer,https://azwebcorp.com/arizona-web-development/,0,15,0.0,24.4
arizona website developer,https://azwebcorp.com/contact-us/,0,5,0.0,7.4
arizona website developer,https://azwebcorp.com/frontend-development/,0,2,0.0,76.0
arizona website developer,https://azwebcorp.com/hire-our-services/,0,5,0.0,7.4
arizona website developer,https://azwebcorp.com/mobile-app-development-services-arizona/,0,1,0.0,8.0
arizona website developer,https://azwebcorp.com/tech/,0,13,0.0,6.230769230769231
arizona website developer,https://azwebcorp.com/what-is-critical-error-on-wordpress/,0,13,0.0,6.230769230769231
arizona website developer,https://azwebcorp.com/workflow-automation/,0,5,0.0,7.4
arizona website developers,https://azwebcorp.com/,0,372,0.0,26.629032258064516
arizona website developers,https://azwebcorp.com/about-azwebcorp/,0,29,0.0,8.517241379310345
arizona website developers,https://azwebcorp.com/arizona-web-development/,0,43,0.0,38.53488372093023
arizona website developers,https://azwebcorp.com/contact-us/,0,1,0.0,9.0
arizona website developers,https://azwebcorp.com/frontend-development/,0,3,0.0,90.66666666666667
arizona website developers,https://azwebcorp.com/hire-our-services/,0,5,0.0,10.0
arizona website developers,https://azwebcorp.com/marketing-automation2/,0,1,0.0,9.0
arizona website developers,https://azwebcorp.com/mobile-app-development-services-arizona/,0,7,0.0,9.857142857142858
arizona website developers,https://azwebcorp.com/tech/,0,24,0.0,8.208333333333332
arizona website developers,https://azwebcorp.com/what-is-critical-error-on-wordpress/,0,24,0.0,8.208333333333332
arizona website development,https://azwebcorp.com/,0,1142,0.0,18.726795096322242
arizona website development,https://azwebcorp.com/about-azwebcorp/,0,164,0.0,9.615853658536585
arizona website development,https://azwebcorp.com/arizona-web-development/,0,174,0.0,29.189655172413794
arizona website development,https://azwebcorp.com/contact-us/,0,17,0.0,10.235294117647058
arizona website development,https://azwebcorp.com/frontend-development/,0,5,0.0,95.4
arizona website development,https://azwebcorp.com/hire-our-services/,0,13,0.0,16.53846153846154
arizona website development,https://azwebcorp.com/marketing-automation2/,0,5,0.0,10.2
arizona website development,https://azwebcorp.com/mobile-app-development-services-arizona/,0,37,0.0,9.64864864864865
arizona website development,https://azwebcorp.com/tech/,0,165,0.0,10.121212121212121
arizona website development,https://azwebcorp.com/web-development-services/,0,12,0.0,58.833333333333336
arizona website development,https://azwebcorp.com/web-development/,0,2,0.0,95.5
arizona website development,https://azwebcorp.com/what-is-critical-error-on-wordpress/,0,164,0.0,9.615853658536585
arizona website development,https://azwebcorp.com/workflow-automation/,0,12,0.0,10.25
arizona website management,https://azwebcorp.com/,0,3,0.0,56.666666666666664
arizona website management,https://azwebcorp.com/hire-our-services/,0,1,0.0,82.0
arizona website management,https://azwebcorp.com/tech/,0,1,0.0,88.0
arizona wordpress,https://azwebcorp.com/,0,133,0.0,70.1203007518797
arizona wordpress,https://azwebcorp.com/arizona-web-development/,0,113,0.0,61.4070796460177
arizona wordpress,https://azwebcorp.com/our-featured-projects/,0,21,0.0,82.9047619047619
arizona wordpress theme,https://azwebcorp.com/arizona-web-development/,0,1,0.0,69.0
arizona wordpress theme,https://azwebcorp.com/our-featured-projects/,0,3,0.0,72.33333333333333
arizona+search+engine+optimization,https://azwebcorp.com/arizona-seo-services/,0,11,0.0,73.36363636363636
arizona+seo,https://azwebcorp.com/arizona-seo-services/,0,5,0.0,66.2
arizona+web+design+company,https://azwebcorp.com/,0,26,0.0,41.30769230769231
arizona+website+design,https://azwebcorp.com/,0,21,0.0,48.42857142857143
arizona’s best seo company,https://azwebcorp.com/arizona-seo-services/,0,43,0.0,91.76744186046511
asp.net web development companies,https://azwebcorp.com/,0,1,0.0,2.0
attorney seo services tempe,https://azwebcorp.com/arizona-seo-services/,0,2,0.0,76.0
auto internal link wordpress,https://azwebcorp.com/2020/07/29/best-internal-linking-plugins-wordpress/,0,1,0.0,58.0
"auto internal link wordpress,20.00,low,32,approved",https://azwebcorp.com/2020/07/29/best-internal-linking-plugins-wordpress/,0,1,0.0,88.0
auto internal linking plugin wordpress,https://azwebcorp.com/2020/07/29/best-internal-linking-plugins-wordpress/,0,144,0.0,77.13888888888889
"auto internal linking plugin wordpress,20.00,low,27,approved",https://azwebcorp.com/2020/07/29/best-internal-linking-plugins-wordpress/,0,107,0.0,71.76635514018692
automate digital marketing tasks arizona,https://azwebcorp.com/workflow-automation/,0,34,0.0,86.23529411764706
automated marketing workflows arizona,https://azwebcorp.com/workflow-automation/,0,67,0.0,17.582089552238806
automatic best internal linking plugin,https://azwebcorp.com/2020/07/29/best-internal-linking-plugins-wordpress/,0,2,0.0,84.5
automatic internal linking plugin wordpress,https://azwebcorp.com/2020/07/29/best-internal-linking-plugins-wordpress/,0,22,0.0,75.27272727272727
"automatic internal linking wordpress,20.00,low,32,approved",https://azwebcorp.com/2020/07/29/best-internal-linking-plugins-wordpress/,0,114,0.0,70.89473684210526
avondale seo,https://azwebcorp.com/arizona-seo-services/,0,3,0.0,83.33333333333333
awebco,https://azwebcorp.com/,0,77,0.0,74.64935064935065
az affordable organic seo,https://azwebcorp.com/2020/07/29/how-much-does-seo-cost-in-arizona/,0,52,0.0,65.25
az affordable organic seo,https://azwebcorp.com/arizona-seo-services/,0,43,0.0,47.25581395348837
az affordable organic seo growth,https://azwebcorp.com/2020/07/29/how-much-does-seo-cost-in-arizona/,0,369,0.0,42.48780487804878
az affordable organic seo growth,https://azwebcorp.com/arizona-seo-services/,0,38,0.0,59.5
az cheap effective organic growth seo,https://azwebcorp.com/2020/07/29/how-much-does-seo-cost-in-arizona/,0,48,0.0,31.145833333333332
az cheap effective organic growth seo,https://azwebcorp.com/arizona-seo-services/,0,17,0.0,56.05882352941177
az cheap effective organic seo growth,https://azwebcorp.com/2020/07/29/how-much-does-seo-cost-in-arizona/,0,337,0.0,34.55786350148368
az cheap effective organic seo growth,https://azwebcorp.com/arizona-seo-services/,0,15,0.0,55.266666666666666
az cheap organic seo,https://azwebcorp.com/2020/07/29/how-much-does-seo-cost-in-arizona/,0,80,0.0,27.775
az cheap organic seo,https://azwebcorp.com/arizona-seo-services/,0,4,0.0,47.25
az cheap organic seo growth,https://azwebcorp.com/2020/07/29/how-much-does-seo-cost-in-arizona/,0,351,0.0,39.55840455840456
az cheap organic seo growth,https://azwebcorp.com/arizona-seo-services/,0,2,0.0,78.0
az cheap seo growth service,https://azwebcorp.com/2020/07/29/how-much-does-seo-cost-in-arizona/,0,133,0.0,49.7593984962406
az cheap seo growth service,https://azwebcorp.com/arizona-seo-services/,0,89,0.0,28.8876404494382
az creator,https://azwebcorp.com/,0,1,0.0,77.0
az custom wordpress developer,https://azwebcorp.com/,0,229,0.0,56.838427947598255
az custom wordpress developer,https://azwebcorp.com/arizona-backend-development/,0,92,0.0,66.42391304347827
az custom wordpress developer,https://azwebcorp.com/arizona-web-development/,0,284,0.0,27.79225352112676
az custom wordpress developer,https://azwebcorp.com/frontend-development/,0,2,0.0,97.0
az custom wordpress developer,https://azwebcorp.com/hire-our-services/,0,71,0.0,84.98591549295774
az custom wordpress developer,https://azwebcorp.com/mobile-app-development-services-arizona/,0,11,0.0,78.18181818181819
az custom wordpress developer,https://azwebcorp.com/tech/,0,1,0.0,83.0
az custom wordpress developer,https://azwebcorp.com/web-development/,0,2,0.0,96.5
az custom wordpress development services,https://azwebcorp.com/,0,230,0.0,41.43043478260869
az custom wordpress development services,https://azwebcorp.com/arizona-backend-development/,0,4,0.0,91.5
az custom wordpress development services,https://azwebcorp.com/arizona-web-development/,0,364,0.0,40.90934065934066
az custom wordpress development services,https://azwebcorp.com/hire-our-services/,0,25,0.0,65.16
az custom wordpress development services,https://azwebcorp.com/web-development/,0,1,0.0,74.0
az developers,https://azwebcorp.com/,0,1,0.0,58.0
az digital marketing,https://azwebcorp.com/arizona-digital-marketing/,0,474,0.0,52.833333333333336
az digital marketing agency,https://azwebcorp.com/arizona-digital-marketing/,0,98,0.0,87.3061224489796
az digital media management,https://azwebcorp.com/arizona-digital-marketing/,0,2,0.0,53.5
az effective organic seo growth,https://azwebcorp.com/arizona-seo-services/,0,33,0.0,66.78787878787878
az effective seo growth,https://azwebcorp.com/2020/07/29/how-much-does-seo-cost-in-arizona/,0,24,0.0,25.333333333333332
az effective seo growth,https://azwebcorp.com/2025/12/05/phoenix-seo-expert-local-search/,0,29,0.0,47.06896551724138
az effective seo growth,https://azwebcorp.com/arizona-seo-services/,0,192,0.0,44.057291666666664
az emarketing,https://azwebcorp.com/arizona-digital-marketing/,0,2,0.0,62.5
az emarketing,https://azwebcorp.com/marketing-automation2/,0,5,0.0,63.4
az freelance website designer,https://azwebcorp.com/,0,3,0.0,72.66666666666667
az freelance website designer,https://azwebcorp.com/arizona-web-development/,0,77,0.0,33.79220779220779
az local search engine optimization,https://azwebcorp.com/arizona-seo-services/,0,10,0.0,76.1
az local seo consultant,https://azwebcorp.com/arizona-seo-services/,0,54,0.0,78.83333333333333
az local seo services,https://azwebcorp.com/arizona-seo-services/,0,82,0.0,78.95121951219512
az marketing agency,https://azwebcorp.com/arizona-digital-marketing/,0,48,0.0,82.8125
az marketing solutions,https://azwebcorp.com/arizona-digital-marketing/,0,1,0.0,42.0
az national seo package,https://azwebcorp.com/2020/07/29/how-much-does-seo-cost-in-arizona/,0,94,0.0,26.0
az national seo package,https://azwebcorp.com/arizona-seo-services/,0,75,0.0,65.90666666666667
az national seo package,https://azwebcorp.com/how-much-does-seo-cost-in-arizona/,0,9,0.0,68.55555555555556
az online marketing,https://azwebcorp.com/arizona-digital-marketing/,0,9,0.0,88.11111111111111
az organic cheap seo growth,https://azwebcorp.com/2020/07/29/how-much-does-seo-cost-in-arizona/,0,340,0.0,36.29117647058823
az organic cheap seo growth,https://azwebcorp.com/arizona-seo-services/,0,96,0.0,50.197916666666664
az organic growth seo,https://azwebcorp.com/arizona-seo-services/,0,60,0.0,35.333333333333336
az organic seo growth,https://azwebcorp.com/arizona-seo-services/,0,33,0.0,51.72727272727273
az organic seo growth services,https://azwebcorp.com/2020/07/29/how-much-does-seo-cost-in-arizona/,0,11,0.0,65.27272727272727
az organic seo growth services,https://azwebcorp.com/arizona-seo-services/,0,33,0.0,62.666666666666664
az phoenix seo consulting,https://azwebcorp.com/arizona-seo-services/,0,1,0.0,78.0
az phoenix seo projects,https://azwebcorp.com/2025/12/05/phoenix-seo-expert-local-search/,0,36,0.0,23.52777777777778
az professional seo,https://azwebcorp.com/arizona-seo-services/,0,1,0.0,34.0
az professional seo services,https://azwebcorp.com/arizona-seo-services/,0,1,0.0,40.0
az search engine optimization,https://azwebcorp.com/arizona-seo-services/,0,2,0.0,58.5
az search engine optimization agency,https://azwebcorp.com/arizona-seo-services/,0,1,0.0,91.0
az seo,https://azwebcorp.com/,0,4,0.0,82.75
az seo,https://azwebcorp.com/arizona-seo-services/,0,229,0.0,59.07423580786026
az seo,https://azwebcorp.com/seo-company-phoenix-az/,0,2,0.0,74.0
az seo agency,https://azwebcorp.com/arizona-seo-services/,0,1,0.0,68.0
az seo company,https://azwebcorp.com/,0,2,0.0,1.0
az seo company,https://azwebcorp.com/arizona-seo-services/,0,1121,0.0,77.03657448706512
az seo consultancy,https://azwebcorp.com/arizona-seo-services/,0,1,0.0,38.0
az seo consultant,https://azwebcorp.com/arizona-seo-services/,0,3,0.0,50.333333333333336
az seo consultant services,https://azwebcorp.com/arizona-seo-services/,0,10,0.0,15.1
az seo consulting,https://azwebcorp.com/arizona-seo-services/,0,1,0.0,43.0
az seo consulting phoenix,https://azwebcorp.com/arizona-seo-services/,0,276,0.0,51.52173913043478
az seo consulting service,https://azwebcorp.com/arizona-seo-services/,0,5,0.0,42.2
az seo consulting services,https://azwebcorp.com/arizona-seo-services/,0,1,0.0,46.0
az seo expert,https://azwebcorp.com/2025/12/05/phoenix-seo-expert-local-search/,0,1,0.0,10.0
az seo expert,https://azwebcorp.com/arizona-seo-services/,0,10,0.0,38.2
az seo growth,https://azwebcorp.com/2025/12/05/phoenix-seo-expert-local-search/,0,116,0.0,35.87068965517241
az seo growth,https://azwebcorp.com/arizona-seo-services/,0,230,0.0,42.778260869565216
az seo guru,https://azwebcorp.com/2025/12/05/phoenix-seo-expert-local-search/,0,15,0.0,24.733333333333334
az seo guru,https://azwebcorp.com/arizona-seo-services/,0,41,0.0,53.41463414634146
az seo optimization services,https://azwebcorp.com/,0,1,0.0,2.0
az seo optimization services,https://azwebcorp.com/arizona-seo-services/,0,306,0.0,69.47058823529412
az seo organic growth consulting,https://azwebcorp.com/arizona-seo-services/,0,138,0.0,44.79710144927536
az seo plans,https://azwebcorp.com/2020/07/29/how-much-does-seo-cost-in-arizona/,0,243,0.0,44.79835390946502
az seo plans,https://azwebcorp.com/arizona-seo-services/,0,169,0.0,51.4792899408284
az seo plans,https://azwebcorp.com/how-much-does-seo-cost-in-arizona/,0,9,0.0,75.0
az seo plans,https://azwebcorp.com/tech/,0,3,0.0,85.33333333333333
az seo projects,https://azwebcorp.com/,0,3,0.0,76.66666666666667
az seo projects,https://azwebcorp.com/2020/07/29/how-much-does-seo-cost-in-arizona/,0,1,0.0,97.0
az seo projects,https://azwebcorp.com/2025/12/05/phoenix-seo-expert-local-search/,0,12,0.0,15.333333333333334
az seo projects,https://azwebcorp.com/arizona-seo-services/,0,401,0.0,29.93765586034913
az seo projects,https://azwebcorp.com/our-featured-projects/,0,83,0.0,57.40963855421687
az web,https://azwebcorp.com/,0,103,0.0,34.213592233009706
az web,https://azwebcorp.com/about-azwebcorp/,0,8,0.0,70.625
az web,https://azwebcorp.com/arizona-backend-development/,0,2,0.0,80.5
az web,https://azwebcorp.com/arizona-web-design/,0,1,0.0,74.0
az web,https://azwebcorp.com/arizona-web-development/,0,5,0.0,56.4
az web,https://azwebcorp.com/contact-us/,0,6,0.0,64.66666666666666
az web,https://azwebcorp.com/hire-our-services/,0,6,0.0,49.166666666666664
az web,https://azwebcorp.com/privacy-policy/,0,5,0.0,64.2
az web design,https://azwebcorp.com/about-azwebcorp/,0,107,0.0,90.21495327102804
az web design,https://azwebcorp.com/arizona-web-design/,0,5,0.0,82.0
az web design,https://azwebcorp.com/arizona-web-development/,0,309,0.0,69.25242718446601
az web design,https://azwebcorp.com/category/digital-marketing/,0,90,0.0,35.84444444444444
az web design,https://azwebcorp.com/contact-us/,0,12,0.0,96.66666666666667
az web design,https://azwebcorp.com/frontend-development/,0,34,0.0,87.11764705882354
az web design,https://azwebcorp.com/hire-our-services/,0,47,0.0,95.76595744680851
az web design,https://azwebcorp.com/our-featured-projects/,0,179,0.0,88.51396648044692
az web design,https://azwebcorp.com/tech/,0,5,0.0,97.0
az web design,https://azwebcorp.com/web-development/,0,1,0.0,100.0
az web design and seo,https://azwebcorp.com/,0,32,0.0,47.34375
az web design and seo,https://azwebcorp.com/arizona-seo-services/,0,1,0.0,78.0
az web design and seo,https://azwebcorp.com/arizona-web-development/,0,1,0.0,35.0
az web design firm,https://azwebcorp.com/,0,4,0.0,83.25
az web designers,https://azwebcorp.com/,0,224,0.0,64.98660714285714
az web designers,https://azwebcorp.com/arizona-web-development/,0,1,0.0,77.0
az web solutions,https://azwebcorp.com/,0,48,0.0,52.395833333333336
az web solutions,https://azwebcorp.com/about-azwebcorp/,0,22,0.0,76.18181818181819
az web solutions,https://azwebcorp.com/arizona-backend-development/,0,22,0.0,94.9090909090909
az web solutions,https://azwebcorp.com/arizona-web-design/,0,1,0.0,90.0
az web solutions,https://azwebcorp.com/arizona-web-development/,0,26,0.0,65.6923076923077
az web solutions,https://azwebcorp.com/case-studies/,0,2,0.0,87.0
az web solutions,https://azwebcorp.com/category/digital-marketing/,0,18,0.0,21.055555555555557
az web solutions,https://azwebcorp.com/contact-us/,0,22,0.0,91.72727272727273
az web solutions,https://azwebcorp.com/domain-registration/,0,4,0.0,97.25
az web solutions,https://azwebcorp.com/hire-our-services/,0,25,0.0,81.2
az web solutions,https://azwebcorp.com/mobile-app-development-services-arizona/,0,1,0.0,95.0
az web solutions,https://azwebcorp.com/our-featured-projects/,0,25,0.0,87.84
az web solutions,https://azwebcorp.com/tech/,0,11,0.0,89.9090909090909
az website company,https://azwebcorp.com/,0,233,0.0,63.562231759656655
az website company,https://azwebcorp.com/about-azwebcorp/,0,51,0.0,55.72549019607843
az website company,https://azwebcorp.com/arizona-web-development/,0,11,0.0,55.0
az website company,https://azwebcorp.com/contact-us/,0,5,0.0,95.6
az website company,https://azwebcorp.com/hire-our-services/,0,15,0.0,79.93333333333334
az website company,https://azwebcorp.com/our-featured-projects/,0,6,0.0,78.66666666666667
az website company,https://azwebcorp.com/web-development-services/,0,18,0.0,60.111111111111114
az website design,https://azwebcorp.com/,0,193,0.0,67.65284974093264
az website design,https://azwebcorp.com/arizona-web-design/,0,2,0.0,88.0
az website design,https://azwebcorp.com/arizona-web-development/,0,1,0.0,78.0
az website design,https://azwebcorp.com/our-featured-projects/,0,8,0.0,95.375
az website design company,https://azwebcorp.com/,0,72,0.0,72.75
az website design company,https://azwebcorp.com/arizona-web-development/,0,13,0.0,77.84615384615384
az website designers,https://azwebcorp.com/,0,29,0.0,70.51724137931035
az website development,https://azwebcorp.com/,0,12,0.0,55.75
az website development,https://azwebcorp.com/arizona-web-development/,0,3,0.0,95.66666666666667
az websites,https://azwebcorp.com/,0,17,0.0,44.23529411764706
az wordpress design,https://azwebcorp.com/,0,5,0.0,40.2
az wordpress design,https://azwebcorp.com/arizona-web-development/,0,12,0.0,68.41666666666667
az wordpress design,https://azwebcorp.com/our-featured-projects/,0,1,0.0,82.0
az+website+design,https://azwebcorp.com/,0,14,0.0,68.0
az+website+design,https://azwebcorp.com/arizona-web-development/,0,2,0.0,69.5
az-web,https://azwebcorp.com/,0,10,0.0,17.1
azf-digital-marketing,https://azwebcorp.com/arizona-digital-marketing/,0,14,0.0,93.92857142857143
azmobile,https://azwebcorp.com/mobile-app-development-services-arizona/,0,1,0.0,63.0
azpweb,https://azwebcorp.com/hire-our-services/,0,2,0.0,7.0
azpweb,https://azwebcorp.com/privacy-policy/,0,2,0.0,4.5
aztec web design,https://azwebcorp.com/,0,2,0.0,90.5
azu-digital-marketing,https://azwebcorp.com/arizona-digital-marketing/,0,73,0.0,59.56164383561644
azuro digital,https://azwebcorp.com/,0,1,0.0,67.0
azusa web design,https://azwebcorp.com/,0,32,0.0,67.5625
azusa web design,https://azwebcorp.com/about-azwebcorp/,0,1,0.0,82.0
azusa web design,https://azwebcorp.com/arizona-web-development/,0,20,0.0,66.15
azusa web design,https://azwebcorp.com/our-featured-projects/,0,18,0.0,82.27777777777777
azusa web designer,https://azwebcorp.com/,0,33,0.0,74.84848484848484
azusa web designer,https://azwebcorp.com/arizona-web-development/,0,20,0.0,78.15
azusa web designer,https://azwebcorp.com/our-featured-projects/,0,6,0.0,95.83333333333333
azweb,https://azwebcorp.com/,0,40,0.0,51.425
azweb,https://azwebcorp.com/arizona-web-development/,0,1,0.0,26.0
azweb,https://azwebcorp.com/category/digital-marketing/,0,1,0.0,65.0
azweb,https://azwebcorp.com/hire-our-services/,0,6,0.0,32.66666666666667
azweb,https://azwebcorp.com/marketing-automation2/,0,1,0.0,65.0
azweb,https://azwebcorp.com/our-featured-projects/,0,1,0.0,8.0
azweb,https://azwebcorp.com/privacy-policy/,0,29,0.0,28.275862068965516
azweb,https://azwebcorp.com/workflow-automation/,0,1,0.0,3.0
azwebcorp,http://shop.azwebcorp.com/,0,3,0.0,1.0
azwebcorp,https://azwebcorp.com/about-azwebcorp/,0,11,0.0,1.1818181818181819
azwebcorp,https://azwebcorp.com/arizona-printing-services/,0,2,0.0,1.0
azwebcorp,https://azwebcorp.com/arizona-web-development/,0,11,0.0,1.1818181818181819
azwebcorp,https://azwebcorp.com/contact-us/,0,11,0.0,1.1818181818181819
azwebcorp,https://azwebcorp.com/hire-our-services/,0,8,0.0,1.25
azwebsite,https://azwebcorp.com/,0,1,0.0,9.0
back end solutions,https://azwebcorp.com/arizona-backend-development/,0,10,0.0,74.3
backend agency,https://azwebcorp.com/arizona-backend-development/,0,1,0.0,32.0
backend agency us,https://azwebcorp.com/arizona-backend-development/,0,1,0.0,31.0
backend development,https://azwebcorp.com/,0,4,0.0,13.25
backend development digital agencies,https://azwebcorp.com/arizona-backend-development/,0,33,0.0,31.818181818181817
backend development services nagano,https://azwebcorp.com/arizona-backend-development/,0,1,0.0,46.0
backend development solutions,https://azwebcorp.com/arizona-backend-development/,0,1,0.0,61.0
backend web development agency,https://azwebcorp.com/arizona-backend-development/,0,1,0.0,57.0
best arizona digital marketing agency,https://azwebcorp.com/arizona-digital-marketing/,0,41,0.0,91.02439024390245
best arizona seo companies,https://azwebcorp.com/arizona-seo-services/,0,157,0.0,68.42038216560509
best arizona seo company,https://azwebcorp.com/arizona-seo-services/,0,374,0.0,83.01336898395722
best best internal linking plugin,https://azwebcorp.com/2020/07/29/7-best-internal-linking-plugins-for-wordpress-websites/,0,2,0.0,86.0
best best internal linking plugin,https://azwebcorp.com/2020/07/29/best-internal-linking-plugins-wordpress/,0,1,0.0,91.0
best chandler seo company,https://azwebcorp.com/arizona-seo-services/,0,50,0.0,96.18
best gilbert seo agency,https://azwebcorp.com/,0,1,0.0,41.0
best internal link plugin wordpress,https://azwebcorp.com/2020/07/29/7-best-internal-linking-plugins-for-wordpress-websites/,0,31,0.0,84.48387096774194
best internal link plugin wordpress,https://azwebcorp.com/2020/07/29/best-internal-linking-plugins-wordpress/,0,199,0.0,75.85929648241206
"best internal link plugin wordpress,50.00,low,32,approved",https://azwebcorp.com/2020/07/29/best-internal-linking-plugins-wordpress/,0,224,0.0,76.19196428571429
best internal linking plugin,https://azwebcorp.com/2020/07/29/7-best-internal-linking-plugins-for-wordpress-websites/,0,56,0.0,90.51785714285714
best internal linking plugin,https://azwebcorp.com/2020/07/29/best-internal-linking-plugins-wordpress/,0,184,0.0,77.80978260869566
best internal linking plugin wordpress,https://azwebcorp.com/2020/07/29/7-best-internal-linking-plugins-for-wordpress-websites/,0,40,0.0,76.225
best internal linking plugin wordpress,https://azwebcorp.com/2020/07/29/best-internal-linking-plugins-wordpress/,0,14,0.0,79.57142857142857
"best internal linking plugin,20.00,low,16,approved",https://azwebcorp.com/2020/07/29/best-internal-linking-plugins-wordpress/,0,159,0.0,72.85534591194968
best internal linking wordpress plugins for higher web optimization,https://azwebcorp.com/2020/07/29/7-best-internal-linking-plugins-for-wordpress-websites/,0,37,0.0,82.48648648648648
best internal linking wordpress plugins for higher web optimization,https://azwebcorp.com/2020/07/29/best-internal-linking-plugins-wordpress/,0,3,0.0,67.66666666666667
best link building plugin for wordpress,https://azwebcorp.com/2020/07/29/7-best-internal-linking-plugins-for-wordpress-websites/,0,53,0.0,77.71698113207547
best link building plugin for wordpress,https://azwebcorp.com/2020/07/29/best-internal-linking-plugins-wordpress/,0,136,0.0,79.16911764705883
best local affordable seo services,https://azwebcorp.com/arizona-seo-services/,0,1,0.0,39.0
best local search optimization practices arizona,https://azwebcorp.com/arizona-seo-services/,0,3,0.0,98.33333333333333
best mobile app development company in arizona,https://azwebcorp.com/mobile-app-development-services-arizona/,0,85,0.0,88.31764705882352
best mobile app development company scottsdale,https://azwebcorp.com/mobile-app-development-services-arizona/,0,34,0.0,37.11764705882353
best search engine optimization companies tempe,https://azwebcorp.com/arizona-seo-services/,0,11,0.0,78.18181818181819
best seo agencies arizona,https://azwebcorp.com/arizona-seo-services/,0,25,0.0,86.96
best seo agency in chandler,https://azwebcorp.com/arizona-seo-services/,0,5,0.0,91.0
best seo agency in mesa,https://azwebcorp.com/arizona-seo-services/,0,3,0.0,93.66666666666667
best seo agency in tempe,https://azwebcorp.com/arizona-seo-services/,0,36,0.0,69.58333333333333
best seo arizona,https://azwebcorp.com/arizona-seo-services/,0,11,0.0,89.54545454545455
best seo companies arizona,https://azwebcorp.com/arizona-seo-services/,0,127,0.0,68.89763779527559
best seo companies in arizona,https://azwebcorp.com/arizona-seo-services/,0,66,0.0,87.24242424242425
best seo companies mesa,https://azwebcorp.com/arizona-seo-services/,0,30,0.0,97.13333333333334
best seo company arizona,https://azwebcorp.com/arizona-seo-services/,0,153,0.0,73.05228758169935
best seo company in arizona,https://azwebcorp.com/arizona-seo-services/,0,94,0.0,81.18085106382979
best seo company in chandler,https://azwebcorp.com/arizona-seo-services/,0,10,0.0,95.3
"best seo company in gilbert, az",https://azwebcorp.com/,0,2,0.0,41.0
best seo company in mesa az,https://azwebcorp.com/arizona-seo-services/,0,279,0.0,88.35483870967742
best seo company in tempe,https://azwebcorp.com/arizona-seo-services/,0,22,0.0,60.13636363636363
best seo company scottsdale,https://azwebcorp.com/arizona-seo-services/,0,2,0.0,79.0
best seo company sun city,https://azwebcorp.com/arizona-seo-services/,0,8,0.0,93.75
best seo in arizona,https://azwebcorp.com/arizona-seo-services/,0,69,0.0,93.57971014492753
best seo in az,https://azwebcorp.com/arizona-seo-services/,0,13,0.0,83.53846153846153
best seo in phoenix az,https://azwebcorp.com/arizona-seo-services/,0,1,0.0,103.0
best seo service company in arizona,https://azwebcorp.com/arizona-seo-services/,0,7,0.0,79.0
best seo service in arizona,https://azwebcorp.com/arizona-seo-services/,0,162,0.0,90.72222222222223
best seo services for small business,https://azwebcorp.com/arizona-seo-services/,0,1,0.0,69.0
best seo services in phoenix,https://azwebcorp.com/arizona-seo-services/,0,1,0.0,87.0
"best seo services in scottsdale, az",https://azwebcorp.com/arizona-seo-services/,0,152,0.0,81.0592105263158
best seo services in tempe,https://azwebcorp.com/,0,1,0.0,52.0
best seo services in tempe,https://azwebcorp.com/arizona-seo-services/,0,63,0.0,69.5079365079365
best software for website development,https://azwebcorp.com/,0,1,0.0,1.0
best web app development services in arizona,https://azwebcorp.com/,0,149,0.0,33.59731543624161
best web app development services in arizona,https://azwebcorp.com/about-azwebcorp/,0,9,0.0,12.777777777777779
best web app development services in arizona,https://azwebcorp.com/arizona-backend-development/,0,1,0.0,87.0
best web app development services in arizona,https://azwebcorp.com/arizona-web-development/,0,9,0.0,12.777777777777779
best web app development services in arizona,https://azwebcorp.com/frontend-development/,0,3,0.0,72.0
best web app development services in arizona,https://azwebcorp.com/mobile-app-development-services-arizona/,0,28,0.0,79.53571428571429
best web app development services in arizona,https://azwebcorp.com/tech/,0,9,0.0,12.777777777777779
best web app development services in arizona,https://azwebcorp.com/what-is-critical-error-on-wordpress/,0,9,0.0,12.777777777777779
best web application development company in arizona,https://azwebcorp.com/,0,149,0.0,48.81879194630873
best web application development company in arizona,https://azwebcorp.com/frontend-development/,0,1,0.0,77.0
best web application development company in arizona,https://azwebcorp.com/mobile-app-development-services-arizona/,0,4,0.0,78.75
best web design company sun city az,https://azwebcorp.com/,0,14,0.0,89.28571428571429
best web developer phoenix,https://azwebcorp.com/,0,106,0.0,65.98113207547169
best web development company sedona'äé,https://azwebcorp.com/,0,3,0.0,21.666666666666668
best website developer near me,https://azwebcorp.com/,0,1,0.0,23.0
best website developers,https://azwebcorp.com/,0,1,0.0,2.0
best website for seo,https://azwebcorp.com/,0,3,0.0,41.0
best wordpress internal linking,https://azwebcorp.com/2020/07/29/7-best-internal-linking-plugins-for-wordpress-websites/,0,23,0.0,85.3913043478261
best wordpress internal linking,https://azwebcorp.com/2020/07/29/best-internal-linking-plugins-wordpress/,0,1,0.0,61.0
best wordpress plugin for internal linking,https://azwebcorp.com/2020/07/29/7-best-internal-linking-plugins-for-wordpress-websites/,0,4,0.0,83.25
best wordpress plugin for internal linking,https://azwebcorp.com/2020/07/29/best-internal-linking-plugins-wordpress/,0,203,0.0,76.45812807881774
"best wordpress plugin for internal linking,10.00,low,29,approved",https://azwebcorp.com/2020/07/29/best-internal-linking-plugins-wordpress/,0,291,0.0,75.67697594501718
budget-friendly seo strategies for startups arizona,https://azwebcorp.com/2020/07/29/how-much-does-seo-cost-in-arizona/,0,48,0.0,86.5625
budget-friendly seo strategies for startups arizona,https://azwebcorp.com/arizona-seo-services/,0,33,0.0,88.45454545454545
business near me without website,https://azwebcorp.com/,0,2,0.0,24.0
business optimization services arizona,https://azwebcorp.com/arizona-seo-services/,0,10,0.0,62.9
business seo services in phoenix,https://azwebcorp.com/arizona-seo-services/,0,3,0.0,99.33333333333333
business startups seo arizona,https://azwebcorp.com/arizona-seo-services/,0,5,0.0,68.2
business website builder,https://azwebcorp.com/,0,1,0.0,41.0
business website development company associative,https://azwebcorp.com/,0,1,0.0,47.0
business without website near me,https://azwebcorp.com/,0,1,0.0,1.0
businesses near me,https://azwebcorp.com/,0,1,0.0,1.0
businesses open near me,https://azwebcorp.com/,0,1,0.0,1.0
carmel web development,https://azwebcorp.com/,0,37,0.0,71.05405405405405
certificate for web development near me,https://azwebcorp.com/,0,1,0.0,6.0
champaign web development,https://azwebcorp.com/,0,35,0.0,82.71428571428571
chandler ai seo agency,https://azwebcorp.com/arizona-seo-services/,0,1,0.0,95.0
chandler az athletic seo marketing services,https://azwebcorp.com/arizona-seo-services/,0,1,0.0,84.0
chandler az seo,https://azwebcorp.com/arizona-seo-services/,0,15,0.0,97.86666666666666
chandler seo agency,https://azwebcorp.com/arizona-seo-services/,0,1,0.0,96.0
chandler seo company,https://azwebcorp.com/arizona-seo-services/,0,5,0.0,101.0
chandler seo expert,https://azwebcorp.com/arizona-seo-services/,0,3,0.0,94.0
chandler seo services,https://azwebcorp.com/arizona-seo-services/,0,19,0.0,93.89473684210526
cheap and effective organic seo growth az,https://azwebcorp.com/2020/07/29/how-much-does-seo-cost-in-arizona/,0,343,0.0,28.79008746355685
cheap and effective organic seo in arizona,https://azwebcorp.com/2020/07/29/how-much-does-seo-cost-in-arizona/,0,392,0.0,35.56377551020408
cheap arizona organic seo growth,https://azwebcorp.com/2020/07/29/how-much-does-seo-cost-in-arizona/,0,386,0.0,32.98445595854922
cheap arizona organic seo growth,https://azwebcorp.com/arizona-seo-services/,0,6,0.0,56.833333333333336
cheap az organic seo growth,https://azwebcorp.com/2020/07/29/how-much-does-seo-cost-in-arizona/,0,190,0.0,40.92631578947368
cheap az organic seo growth,https://azwebcorp.com/arizona-seo-services/,0,6,0.0,93.5
cheap effective organic growth arizona,https://azwebcorp.com/2020/07/29/how-much-does-seo-cost-in-arizona/,0,8,0.0,52.875
cheap effective organic growth seo az,https://azwebcorp.com/2020/07/29/how-much-does-seo-cost-in-arizona/,0,53,0.0,36.075471698113205
cheap effective organic seo growth az,https://azwebcorp.com/2020/07/29/how-much-does-seo-cost-in-arizona/,0,374,0.0,28.529411764705884
cheap effective organic seo growth az,https://azwebcorp.com/arizona-seo-services/,0,1,0.0,68.0
cheap local seo growth az,https://azwebcorp.com/2020/07/29/how-much-does-seo-cost-in-arizona/,0,5,0.0,83.0
cheap local seo growth az,https://azwebcorp.com/arizona-seo-services/,0,4,0.0,65.0
cheap local seo packages arizona,https://azwebcorp.com/2020/07/29/how-much-does-seo-cost-in-arizona/,0,47,0.0,50.808510638297875
cheap local seo packages arizona,https://azwebcorp.com/arizona-seo-services/,0,7,0.0,91.28571428571429
cheap local seo packages phoenix az,https://azwebcorp.com/arizona-web-development/,0,1,0.0,53.0
cheap organic az seo growth,https://azwebcorp.com/2020/07/29/how-much-does-seo-cost-in-arizona/,0,379,0.0,25.105540897097626
cheap organic growth of seo in arizona,https://azwebcorp.com/2020/07/29/how-much-does-seo-cost-in-arizona/,0,248,0.0,36.82258064516129
cheap organic growth of seo in az,https://azwebcorp.com/2020/07/29/how-much-does-seo-cost-in-arizona/,0,375,0.0,35.29066666666667
cheap organic growth of seo in az,https://azwebcorp.com/arizona-seo-services/,0,2,0.0,77.0
cheap organic phoenix az seo growth,https://azwebcorp.com/2020/07/29/how-much-does-seo-cost-in-arizona/,0,14,0.0,86.28571428571429
cheap organic phoenix az seo growth,https://azwebcorp.com/arizona-seo-services/,0,3,0.0,43.333333333333336
cheap organic seo growth arizona,https://azwebcorp.com/2020/07/29/how-much-does-seo-cost-in-arizona/,0,173,0.0,45.23699421965318
cheap organic seo growth az,https://azwebcorp.com/2020/07/29/how-much-does-seo-cost-in-arizona/,0,114,0.0,51.780701754385966
cheap organic seo growth in arizona,https://azwebcorp.com/2020/07/29/how-much-does-seo-cost-in-arizona/,0,365,0.0,34.02191780821918
cheap organic seo growth in arizona,https://azwebcorp.com/arizona-seo-services/,0,3,0.0,90.33333333333333
cheap organic seo growth in az,https://azwebcorp.com/2020/07/29/how-much-does-seo-cost-in-arizona/,0,349,0.0,36.27220630372493
cheap organic seo growth in az,https://azwebcorp.com/arizona-seo-services/,0,1,0.0,51.0
cheap organic seo growth in phoenix,https://azwebcorp.com/2020/07/29/how-much-does-seo-cost-in-arizona/,0,1,0.0,84.0
cheap organic seo growth in phoenix az,https://azwebcorp.com/2020/07/29/how-much-does-seo-cost-in-arizona/,0,6,0.0,90.33333333333333
cheap organic seo growth packages az,https://azwebcorp.com/2020/07/29/how-much-does-seo-cost-in-arizona/,0,211,0.0,46.725118483412324
cheap organic seo growth phoenix,https://azwebcorp.com/2020/07/29/how-much-does-seo-cost-in-arizona/,0,3,0.0,82.0
cheap organic seo growth phoenix,https://azwebcorp.com/arizona-seo-services/,0,1,0.0,45.0
cheap organic seo growth phoenix arizona,https://azwebcorp.com/2020/07/29/how-much-does-seo-cost-in-arizona/,0,4,0.0,80.0
cheap organic seo growth phoenix az,https://azwebcorp.com/2020/07/29/how-much-does-seo-cost-in-arizona/,0,4,0.0,81.75
cheap organic seo growth scottsdale,https://azwebcorp.com/2020/07/29/how-much-does-seo-cost-in-arizona/,0,13,0.0,89.84615384615384
cheap organic seo growth strategies arizona,https://azwebcorp.com/2020/07/29/how-much-does-seo-cost-in-arizona/,0,189,0.0,33.142857142857146
cheap organic seo packages arizona,https://azwebcorp.com/2020/07/29/how-much-does-seo-cost-in-arizona/,0,236,0.0,43.77542372881356
cheap organic seo packages arizona,https://azwebcorp.com/arizona-seo-services/,0,15,0.0,94.8
cheap organic seo packages az,https://azwebcorp.com/2020/07/29/how-much-does-seo-cost-in-arizona/,0,171,0.0,36.03508771929825
cheap organic seo packages az,https://azwebcorp.com/arizona-seo-services/,0,1,0.0,93.0
cheap organic seo packages in phoenix az,https://azwebcorp.com/2020/07/29/how-much-does-seo-cost-in-arizona/,0,3,0.0,95.33333333333333
cheap organic seo packages phoenix az,https://azwebcorp.com/2020/07/29/how-much-does-seo-cost-in-arizona/,0,9,0.0,89.66666666666667
cheap organic seo packages phoenix az,https://azwebcorp.com/arizona-seo-services/,0,1,0.0,95.0
cheap search engine optimization phoenix arizona,https://azwebcorp.com/2020/07/29/how-much-does-seo-cost-in-arizona/,0,84,0.0,70.94047619047619
cheap search engine optimization phoenix arizona,https://azwebcorp.com/arizona-seo-services/,0,17,0.0,47.8235294117647
cheap seo az,https://azwebcorp.com/2020/07/29/how-much-does-seo-cost-in-arizona/,0,3,0.0,17.0
cheap seo company az,https://azwebcorp.com/2020/07/29/how-much-does-seo-cost-in-arizona/,0,2,0.0,25.0
cheap seo company az,https://azwebcorp.com/arizona-seo-services/,0,1,0.0,67.0
cheap seo consulting phoenix,https://azwebcorp.com/2020/07/29/how-much-does-seo-cost-in-arizona/,0,40,0.0,77.8
cheap seo consulting phoenix,https://azwebcorp.com/arizona-seo-services/,0,18,0.0,49.0
cheap seo growth arizona,https://azwebcorp.com/2020/07/29/how-much-does-seo-cost-in-arizona/,0,194,0.0,30.530927835051546
cheap seo growth arizona,https://azwebcorp.com/arizona-seo-services/,0,148,0.0,41.75675675675676
cheap seo growth in arizona,https://azwebcorp.com/2020/07/29/how-much-does-seo-cost-in-arizona/,0,250,0.0,35.272
cheap seo growth in arizona,https://azwebcorp.com/arizona-seo-services/,0,194,0.0,51.24226804123711
cheap seo growth organic phoenix,https://azwebcorp.com/2020/07/29/how-much-does-seo-cost-in-arizona/,0,5,0.0,77.0
cheap seo growth organic phoenix,https://azwebcorp.com/arizona-seo-services/,0,4,0.0,55.0
cheap seo growth service az,https://azwebcorp.com/2020/07/29/how-much-does-seo-cost-in-arizona/,0,179,0.0,37.67039106145251
cheap seo growth service az,https://azwebcorp.com/arizona-seo-services/,0,160,0.0,43.15625
cheap seo organic growth arizona,https://azwebcorp.com/2020/07/29/how-much-does-seo-cost-in-arizona/,0,5,0.0,34.4
cheap seo organic growth az,https://azwebcorp.com/2020/07/29/how-much-does-seo-cost-in-arizona/,0,17,0.0,41.11764705882353
cheap seo packages az,https://azwebcorp.com/2020/07/29/how-much-does-seo-cost-in-arizona/,0,3,0.0,16.333333333333336
cheap seo solutions phoenix,https://azwebcorp.com/2020/07/29/how-much-does-seo-cost-in-arizona/,0,52,0.0,76.9423076923077
cheap seo solutions phoenix,https://azwebcorp.com/arizona-seo-services/,0,22,0.0,53.27272727272727
cheap web designer near me,https://azwebcorp.com/,0,1,0.0,1.0
cheap web designers,https://azwebcorp.com/,0,1,0.0,7.0
cheap website hosting phoenix az,https://azwebcorp.com/hosting-domains/,0,1,0.0,89.0
cheap website hosting phoenix az,https://azwebcorp.com/web-hosting-plus/,0,1,0.0,99.0
cheapest website design,https://azwebcorp.com/,0,1,0.0,10.0
companies near me,https://azwebcorp.com/,0,2,0.0,3.0
company address location website,https://azwebcorp.com/,0,1,0.0,1.0
company website,https://azwebcorp.com/,0,2,0.0,3.0
competitive web analysis companies near me,https://azwebcorp.com/arizona-seo-services/,0,1,0.0,12.0
comprehensive national seo packages phoenix az,https://azwebcorp.com/2020/07/29/how-much-does-seo-cost-in-arizona/,0,2,0.0,92.5
"comprehensive seo plans gilbert, az",https://azwebcorp.com/,0,2,0.0,6.0
construction software developer,https://azwebcorp.com/,0,1,0.0,12.0
construction website design gilbert az,https://azwebcorp.com/,0,30,0.0,21.4
contractor seo mesa arizona,https://azwebcorp.com/arizona-seo-services/,0,52,0.0,85.8076923076923
contractor web design,https://azwebcorp.com/,0,1,0.0,41.0
contractor website builder,https://azwebcorp.com/,0,1,0.0,12.0
course best internal linking plugin,https://azwebcorp.com/2020/07/29/7-best-internal-linking-plugins-for-wordpress-websites/,0,40,0.0,91.0
course best internal linking plugin,https://azwebcorp.com/2020/07/29/best-internal-linking-plugins-wordpress/,0,4,0.0,88.75
cpanel hosting phoenix az,https://azwebcorp.com/,0,9,0.0,88.33333333333333
cpanel hosting phoenix az,https://azwebcorp.com/hosting-domains/,0,10,0.0,96.8
cpanel hosting phoenix az,https://azwebcorp.com/web-hosting/,0,11,0.0,88.0
critical error on wordpress site,https://azwebcorp.com/what-is-critical-error-on-wordpress/,0,7,0.0,70.71428571428571
critical error on wordpress site,https://azwebcorp.com/wordpress-critical-error-on-the-website/,0,20,0.0,74.2
critical error wordpress,https://azwebcorp.com/what-is-critical-error-on-wordpress/,0,16,0.0,97.4375
critical error wordpress,https://azwebcorp.com/wordpress-critical-error-on-the-website/,0,747,0.0,77.01874163319947
critical wordpress error,https://azwebcorp.com/wordpress-critical-error-on-the-website/,0,112,0.0,67.83928571428571
crm automation for local marketing agencies phoenix,https://azwebcorp.com/marketing-automation2/,0,14,0.0,13.571428571428571
crm automation for local phoenix marketing agencies,https://azwebcorp.com/marketing-automation2/,0,4,0.0,11.75
crm automation for marketing agencies phoenix,https://azwebcorp.com/marketing-automation2/,0,9,0.0,17.333333333333332
custom affordable websites for startups arizona,https://azwebcorp.com/,0,8,0.0,90.75
custom mobile app development arizona,https://azwebcorp.com/mobile-app-development-services-arizona/,0,190,0.0,42.294736842105266
custom mobile app development phoenix,https://azwebcorp.com/mobile-app-development-services-arizona/,0,8,0.0,53.25
custom web app development agency in gilbert town,https://azwebcorp.com/,0,33,0.0,20.78787878787879
custom web app development agency in phoenix,https://azwebcorp.com/mobile-app-development-services-arizona/,0,4,0.0,82.25
custom web development company associative,https://azwebcorp.com/,0,2,0.0,50.0
custom web development near me,https://azwebcorp.com/,0,1,0.0,44.0
custom web development sun city,https://azwebcorp.com/,0,10,0.0,56.9
custom website design az,https://azwebcorp.com/,0,1,0.0,85.0
custom website design mesa arizona,https://azwebcorp.com/,0,54,0.0,80.85185185185185
custom website designers ahwatukee,https://azwebcorp.com/,0,1,0.0,88.0
custom website development,https://azwebcorp.com/,0,2,0.0,6.0
custom website packages,https://azwebcorp.com/,0,2,0.0,16.0
custom website services,https://azwebcorp.com/,0,1,0.0,1.0
custom wordpress seo website in phoenix,https://azwebcorp.com/arizona-seo-services/,0,1,0.0,84.0
custom wordpress website developers in phoenix,https://azwebcorp.com/,0,9,0.0,92.77777777777777
custom wordpress website developers in phoenix,https://azwebcorp.com/arizona-web-development/,0,18,0.0,82.0
custom wordpress website developers phoenix,https://azwebcorp.com/,0,8,0.0,65.875
custom wordpress website developers phoenix,https://azwebcorp.com/arizona-web-development/,0,13,0.0,83.38461538461539
dataflurry seo & sem web marketing firm mesa,https://azwebcorp.com/arizona-seo-services/,0,4,0.0,82.0
design agencies near me,https://azwebcorp.com/,0,2,0.0,12.5
dev near me,https://azwebcorp.com/,0,2,0.0,10.0
developer seo,https://azwebcorp.com/,0,19,0.0,10.052631578947368
developers web,https://azwebcorp.com/,0,5,0.0,4.0
development marketing,https://azwebcorp.com/,0,1,0.0,13.0
digital ads arizona,https://azwebcorp.com/arizona-digital-marketing/,0,4,0.0,100.5
digital agency arizona,https://azwebcorp.com/arizona-digital-marketing/,0,6,0.0,94.33333333333333
digital current seo services phoenix,https://azwebcorp.com/arizona-seo-services/,0,2,0.0,100.5
digital marketing,https://azwebcorp.com/,0,1,0.0,11.0
digital marketing a-z,https://azwebcorp.com/arizona-digital-marketing/,0,1,0.0,88.0
digital marketing agencies in arizona,https://azwebcorp.com/arizona-digital-marketing/,0,3,0.0,84.33333333333333
digital marketing agency arizona,https://azwebcorp.com/arizona-digital-marketing/,0,392,0.0,91.05102040816327
digital marketing agency az,https://azwebcorp.com/arizona-digital-marketing/,0,9,0.0,92.0
digital marketing agency in arizona,https://azwebcorp.com/arizona-digital-marketing/,0,1,0.0,101.0
digital marketing and web development services,https://azwebcorp.com/,0,1,0.0,1.0
digital marketing arizona,https://azwebcorp.com/arizona-digital-marketing/,0,235,0.0,85.34042553191489
digital marketing az,https://azwebcorp.com/arizona-digital-marketing/,0,16,0.0,90.6875
digital marketing companies in arizona,https://azwebcorp.com/arizona-digital-marketing/,0,1,0.0,98.0
digital marketing company arizona,https://azwebcorp.com/arizona-digital-marketing/,0,1,0.0,87.0
digital marketing in arizona,https://azwebcorp.com/arizona-digital-marketing/,0,94,0.0,88.04255319148936
digital marketing services arizona,https://azwebcorp.com/arizona-digital-marketing/,0,32,0.0,91.03125
digital marketing services az,https://azwebcorp.com/arizona-digital-marketing/,0,1,0.0,94.0
digital marketing services in arizona,https://azwebcorp.com/arizona-digital-marketing/,0,1,0.0,100.0
digital marketing tempe,https://azwebcorp.com/arizona-digital-marketing/,0,2,0.0,95.5
digital marketing tempe az,https://azwebcorp.com/arizona-digital-marketing/,0,8,0.0,86.0
digital presence improvement,https://azwebcorp.com/,0,1,0.0,41.0
doller3.us,https://azwebcorp.com/arizona-backend-development/,0,1,0.0,45.0
domain registration phoenix,https://azwebcorp.com/domain-registration/,0,10,0.0,50.4
domain registration service goodyear az,https://azwebcorp.com/domain-registration/,0,9,0.0,72.0
domain registration service phoenix az,https://azwebcorp.com/domain-registration/,0,11,0.0,53.45454545454545
domain registration service seo company az,https://azwebcorp.com/arizona-seo-services/,0,2,0.0,96.0
e commerce website development company,https://azwebcorp.com/,0,1,0.0,68.0
e-commerce seo services phoenix,https://azwebcorp.com/arizona-seo-services/,0,14,0.0,96.71428571428571
easiest plugin for automating internal links,https://azwebcorp.com/2020/07/29/best-internal-linking-plugins-wordpress/,0,1,0.0,100.0
easiest plugin for automating internal links wordpress,https://azwebcorp.com/2020/07/29/best-internal-linking-plugins-wordpress/,0,8,0.0,98.25
easy best internal linking plugin,https://azwebcorp.com/2020/07/29/7-best-internal-linking-plugins-for-wordpress-websites/,0,4,0.0,91.5
easy best internal linking plugin,https://azwebcorp.com/2020/07/29/best-internal-linking-plugins-wordpress/,0,4,0.0,82.25
easy internal linking plugin,https://azwebcorp.com/2020/07/29/7-best-internal-linking-plugins-for-wordpress-websites/,0,12,0.0,88.0
ecommerce developer arizona,https://azwebcorp.com/,0,2,0.0,96.0
ecommerce development agency in arizona,https://azwebcorp.com/,0,5,0.0,73.8
ecommerce web design arizona,https://azwebcorp.com/,0,1,0.0,50.0
ecommerce web development arizona,https://azwebcorp.com/,0,3,0.0,97.66666666666667
ecommerce website builder arizona,https://azwebcorp.com/,0,2,0.0,61.0
ecommerce website developer,https://azwebcorp.com/,0,3,0.0,1.0
ecommerce website developer near me,https://azwebcorp.com/,0,2,0.0,48.5
ecommerce website development company associative,https://azwebcorp.com/,0,1,0.0,11.0
ecommerce website development near me,https://azwebcorp.com/,0,1,0.0,44.0
ecommerce website development services,https://azwebcorp.com/,0,1,0.0,12.0
effective affordable organic seo growth az,https://azwebcorp.com/2020/07/29/how-much-does-seo-cost-in-arizona/,0,373,0.0,41.27345844504021
effective affordable organic seo growth az,https://azwebcorp.com/arizona-seo-services/,0,4,0.0,68.25
effective arizona organic seo growth,https://azwebcorp.com/2020/07/29/how-much-does-seo-cost-in-arizona/,0,34,0.0,53.64705882352941
effective arizona organic seo growth,https://azwebcorp.com/arizona-seo-services/,0,42,0.0,58.642857142857146
effective cheap organic seo arizona,https://azwebcorp.com/2020/07/29/how-much-does-seo-cost-in-arizona/,0,233,0.0,30.55793991416309
effective cheap organic seo arizona,https://azwebcorp.com/arizona-seo-services/,0,13,0.0,66.38461538461539
effective cheap organic seo az,https://azwebcorp.com/2020/07/29/how-much-does-seo-cost-in-arizona/,0,376,0.0,33.329787234042556
effective cheap organic seo az,https://azwebcorp.com/arizona-seo-services/,0,14,0.0,75.07142857142857
effective cheap organic seo az,https://azwebcorp.com/how-much-does-seo-cost-in-arizona/,0,2,0.0,89.0
effective cheap organic seo growth arizona,https://azwebcorp.com/2020/07/29/how-much-does-seo-cost-in-arizona/,0,359,0.0,32.392757660167135
effective cheap organic seo growth arizona,https://azwebcorp.com/arizona-seo-services/,0,21,0.0,58.904761904761905
effective cheap organic seo growth az,https://azwebcorp.com/2020/07/29/how-much-does-seo-cost-in-arizona/,0,344,0.0,27.843023255813954
effective cheap organic seo growth az,https://azwebcorp.com/arizona-seo-services/,0,1,0.0,12.0
effective cheap organic seo growth phoenix,https://azwebcorp.com/2020/07/29/how-much-does-seo-cost-in-arizona/,0,1,0.0,97.0
effective cheap organic seo growth phoenix,https://azwebcorp.com/arizona-seo-services/,0,2,0.0,51.5
effective cheap organic seo growth phoenix arizona,https://azwebcorp.com/2020/07/29/how-much-does-seo-cost-in-arizona/,0,5,0.0,96.0
effective cheap organic seo growth phoenix arizona,https://azwebcorp.com/arizona-seo-services/,0,3,0.0,41.666666666666664
effective cheap organic seo growth phoenix az,https://azwebcorp.com/2020/07/29/how-much-does-seo-cost-in-arizona/,0,3,0.0,95.66666666666667
effective cheap organic seo growth phoenix az,https://azwebcorp.com/arizona-seo-services/,0,1,0.0,40.0
effective growth of organic seo arizona,https://azwebcorp.com/2020/07/29/how-much-does-seo-cost-in-arizona/,0,25,0.0,53.72
effective growth of organic seo az,https://azwebcorp.com/2020/07/29/how-much-does-seo-cost-in-arizona/,0,6,0.0,68.0
effective growth of organic seo in arizona,https://azwebcorp.com/2020/07/29/how-much-does-seo-cost-in-arizona/,0,3,0.0,93.0
effective growth of organic seo in arizona,https://azwebcorp.com/arizona-seo-services/,0,1,0.0,85.0
effective growth of organic seo in az,https://azwebcorp.com/2020/07/29/how-much-does-seo-cost-in-arizona/,0,1,0.0,87.0
effective organic cheap seo growth phoenix az,https://azwebcorp.com/2020/07/29/how-much-does-seo-cost-in-arizona/,0,52,0.0,58.71153846153846
effective organic cheap seo growth phoenix az,https://azwebcorp.com/arizona-seo-services/,0,5,0.0,57.0
effective organic growth seo arizona,https://azwebcorp.com/arizona-seo-services/,0,9,0.0,73.44444444444444
effective organic seo & wordpress solutions phoenix,https://azwebcorp.com/arizona-seo-services/,0,2,0.0,101.0
effective organic seo growth arizona,https://azwebcorp.com/2020/07/29/how-much-does-seo-cost-in-arizona/,0,8,0.0,78.875
effective organic seo growth arizona,https://azwebcorp.com/arizona-seo-services/,0,31,0.0,60.16129032258065
effective organic seo growth az,https://azwebcorp.com/2020/07/29/how-much-does-seo-cost-in-arizona/,0,1,0.0,88.0
effective organic seo growth in az,https://azwebcorp.com/2020/07/29/how-much-does-seo-cost-in-arizona/,0,3,0.0,83.33333333333333
effective organic seo growth in az,https://azwebcorp.com/arizona-seo-services/,0,1,0.0,54.0
effective organic seo growth solutions az,https://azwebcorp.com/arizona-seo-services/,0,17,0.0,74.23529411764706
effective seo organic growth arizona,https://azwebcorp.com/2020/07/29/how-much-does-seo-cost-in-arizona/,0,65,0.0,49.10769230769231
epic web solutions,https://azwebcorp.com/,0,2,0.0,55.0
expert search engine optimization in phoenix,https://azwebcorp.com/2025/12/05/phoenix-seo-expert-local-search/,0,38,0.0,65.13157894736842
expert search engine optimization in phoenix,https://azwebcorp.com/arizona-seo-services/,0,1,0.0,98.0
experts national seo phoenix,https://azwebcorp.com/2025/12/05/phoenix-seo-expert-local-search/,0,4,0.0,33.75
fast follow 50k free,https://azwebcorp.com/2020/07/29/free-instagram-followers-hack/,0,1,0.0,84.0
fatal error wordpress,https://azwebcorp.com/what-is-critical-error-on-wordpress/,0,2,0.0,77.5
find a web developer,https://azwebcorp.com/,0,1,0.0,9.0
flagstaff arizona seo company,https://azwebcorp.com/arizona-seo-services/,0,1,0.0,92.0
flagstaff web development,https://azwebcorp.com/,0,52,0.0,71.36538461538461
for beginners best internal linking plugin,https://azwebcorp.com/2020/07/29/7-best-internal-linking-plugins-for-wordpress-websites/,0,5,0.0,83.4
for beginners best internal linking plugin,https://azwebcorp.com/2020/07/29/best-internal-linking-plugins-wordpress/,0,1,0.0,99.0
for beginners internal linking plugin,https://azwebcorp.com/2020/07/29/7-best-internal-linking-plugins-for-wordpress-websites/,0,10,0.0,90.6
for beginners internal linking plugin,https://azwebcorp.com/2020/07/29/best-internal-linking-plugins-wordpress/,0,1,0.0,102.0
for seo best internal linking plugin,https://azwebcorp.com/2020/07/29/7-best-internal-linking-plugins-for-wordpress-websites/,0,7,0.0,88.85714285714286
for seo best internal linking plugin,https://azwebcorp.com/2020/07/29/best-internal-linking-plugins-wordpress/,0,3,0.0,94.0
for wordpress best internal linking plugin,https://azwebcorp.com/2020/07/29/7-best-internal-linking-plugins-for-wordpress-websites/,0,3,0.0,86.0
for wordpress best internal linking plugin,https://azwebcorp.com/2020/07/29/best-internal-linking-plugins-wordpress/,0,2,0.0,76.0
free 50 followers,https://azwebcorp.com/2020/07/29/free-instagram-followers-hack/,0,3,0.0,98.0
free 50 followers instagram,https://azwebcorp.com/2020/07/29/free-instagram-followers-hack/,0,1,0.0,91.0
free 50 followers on instagram,https://azwebcorp.com/2020/07/29/free-instagram-followers-hack-50k-free-that-works-in-2024/,0,1,0.0,136.0
free 50 instagram followers,https://azwebcorp.com/2020/07/29/free-instagram-followers-hack-50k-free-that-works-in-2024/,0,1,0.0,131.0
free 50 instagram followers,https://azwebcorp.com/2020/07/29/free-instagram-followers-hack/,0,7,0.0,88.0
free followers 50,https://azwebcorp.com/2020/07/29/free-instagram-followers-hack/,0,1,0.0,66.0
free followers instagram 50,https://azwebcorp.com/2020/07/29/free-instagram-followers-hack/,0,2,0.0,110.0
free ig followers 50,https://azwebcorp.com/2020/07/29/free-instagram-followers-hack/,0,1,0.0,128.0
free instagram 50 followers,https://azwebcorp.com/2020/07/29/free-instagram-followers-hack/,0,1,0.0,73.0
free instagram followers 50k,https://azwebcorp.com/2020/07/29/free-instagram-followers-hack/,0,5,0.0,33.6
free web design az,https://azwebcorp.com/,0,32,0.0,84.21875
freelance web designer for small businesses in [location] arizona,https://azwebcorp.com/arizona-web-development/,0,26,0.0,41.53846153846154
freelance web developer scottsdale,https://azwebcorp.com/,0,29,0.0,36.86206896551724
freelance web developer scottsdale,https://azwebcorp.com/arizona-web-development/,0,12,0.0,30.416666666666668
front end developer near me,https://azwebcorp.com/,0,1,0.0,3.0
frontend solutions,https://azwebcorp.com/frontend-development/,0,6,0.0,48.333333333333336
fuquay varina local seo specialist,https://azwebcorp.com/arizona-seo-services/,0,5,0.0,92.8
get 50 followers on instagram free,https://azwebcorp.com/2020/07/29/free-instagram-followers-hack/,0,1,0.0,101.0
get 50 free instagram followers,https://azwebcorp.com/2020/07/29/free-instagram-followers-hack-50k-free-that-works-in-2024/,0,1,0.0,158.0
get 50 instagram followers free,https://azwebcorp.com/2020/07/29/free-instagram-followers-hack/,0,1,0.0,81.0
gilbert arizona web designers,https://azwebcorp.com/,0,12,0.0,24.666666666666668
gilbert ecommerce web design,https://azwebcorp.com/,0,15,0.0,56.06666666666667
gilbert seo,https://azwebcorp.com/,0,8,0.0,1.0
gilbert seo for new websites,https://azwebcorp.com/,0,12,0.0,10.166666666666666
gilbert seo packages,https://azwebcorp.com/,0,11,0.0,21.0
gilbert web design,https://azwebcorp.com/,0,145,0.0,74.82758620689656
gilbert web design company,https://azwebcorp.com/,0,5,0.0,86.4
gilbert web designers,https://azwebcorp.com/,0,55,0.0,76.94545454545455
gilbert web development,https://azwebcorp.com/,0,2,0.0,34.0
"gilbert, ariz. contractor website design",https://azwebcorp.com/,0,153,0.0,45.18300653594771
"gilbert, arizona. contractor website design",https://azwebcorp.com/,0,10,0.0,40.2
global website development,https://azwebcorp.com/,0,1,0.0,1.0
goodyear az domain registration service,https://azwebcorp.com/domain-registration/,0,7,0.0,76.42857142857143
goodyear az seo,https://azwebcorp.com/arizona-seo-services/,0,1,0.0,31.0
growth of cheap organic seo arizona,https://azwebcorp.com/2020/07/29/how-much-does-seo-cost-in-arizona/,0,401,0.0,27.90773067331671
growth of cheap organic seo az,https://azwebcorp.com/2020/07/29/how-much-does-seo-cost-in-arizona/,0,407,0.0,22.948402948402947
growth of cheap organic seo in arizona,https://azwebcorp.com/2020/07/29/how-much-does-seo-cost-in-arizona/,0,415,0.0,24.048192771084338
growth of cheap organic seo in arizona,https://azwebcorp.com/arizona-seo-services/,0,11,0.0,81.18181818181819
growth of cheap organic seo in az,https://azwebcorp.com/2020/07/29/how-much-does-seo-cost-in-arizona/,0,244,0.0,24.94672131147541
growth of cheap organic seo in phoenix,https://azwebcorp.com/2020/07/29/how-much-does-seo-cost-in-arizona/,0,4,0.0,95.75
growth of cheap organic seo phoenix az,https://azwebcorp.com/2020/07/29/how-much-does-seo-cost-in-arizona/,0,30,0.0,53.96666666666667
growth of organic seo arizona,https://azwebcorp.com/2020/07/29/how-much-does-seo-cost-in-arizona/,0,41,0.0,61.21951219512195
growth of organic seo arizona,https://azwebcorp.com/arizona-seo-services/,0,1,0.0,97.0
growth of organic seo az,https://azwebcorp.com/2020/07/29/how-much-does-seo-cost-in-arizona/,0,6,0.0,87.5
guide to best internal linking plugin,https://azwebcorp.com/2020/07/29/best-internal-linking-plugins-wordpress/,0,1,0.0,81.0
hire a web developer,https://azwebcorp.com/,0,1,0.0,6.0
hire a wordpress seo company near me,https://azwebcorp.com/arizona-seo-services/,0,1,0.0,13.0
hire arizona app development agencies specializing in cross-platform app development.,https://azwebcorp.com/,0,2,0.0,5.5
hire seo agency near me,https://azwebcorp.com/arizona-seo-services/,0,1,0.0,11.0
hosting,https://azwebcorp.com/,0,2,0.0,10.0
hosting and cloud support in gilbert,https://azwebcorp.com/,0,4,0.0,85.25
hosting package phoenix,https://azwebcorp.com/web-hosting-plus/,0,9,0.0,92.0
hosting package phoenix arizona,https://azwebcorp.com/hosting-domains/,0,6,0.0,85.0
hosting package phoenix arizona,https://azwebcorp.com/web-hosting-plus/,0,6,0.0,92.33333333333333
hosting package phoenix az,https://azwebcorp.com/hosting-domains/,0,6,0.0,85.5
hosting package phoenix az,https://azwebcorp.com/web-hosting-plus/,0,6,0.0,92.0
hosting web,https://azwebcorp.com/,0,1,0.0,13.0
how much does seo cost for a small business,https://azwebcorp.com/2020/07/29/how-much-does-seo-cost-in-arizona/,0,2,0.0,57.5
how much does seo cost in scottsdale,https://azwebcorp.com/2020/07/29/how-much-does-seo-cost-in-arizona/,0,7,0.0,15.0
how to best internal linking plugin,https://azwebcorp.com/2020/07/29/7-best-internal-linking-plugins-for-wordpress-websites/,0,3,0.0,98.66666666666667
how to find a reliable website developer in arizona?,https://azwebcorp.com/,0,2,0.0,11.0
how to hack instagram followers without following,https://azwebcorp.com/2020/07/29/free-instagram-followers-hack/,0,1,0.0,46.0
hvac seo mesa,https://azwebcorp.com/arizona-seo-services/,0,1,0.0,68.0
instagram 50k followers free,https://azwebcorp.com/2020/07/29/free-instagram-followers-hack/,0,2,0.0,44.5
instagram followers 50 free,https://azwebcorp.com/2020/07/29/free-instagram-followers-hack/,0,1,0.0,85.0
instagram followers 50k free,https://azwebcorp.com/2020/07/29/free-instagram-followers-hack/,0,4,0.0,40.0
instagram followers free 50,https://azwebcorp.com/2020/07/29/free-instagram-followers-hack/,0,2,0.0,112.0
instagram followers hack 50k free,https://azwebcorp.com/2020/07/29/free-instagram-followers-hack/,0,47,0.0,29.148936170212767
instagram followers hack website,https://azwebcorp.com/2020/07/29/free-instagram-followers-hack/,0,5,0.0,51.0
interlink wordpress plugin,https://azwebcorp.com/2020/07/29/7-best-internal-linking-plugins-for-wordpress-websites/,0,8,0.0,95.75
interlink wordpress plugin,https://azwebcorp.com/2020/07/29/best-internal-linking-plugins-wordpress/,0,6,0.0,82.0
interlinking plugin wordpress,https://azwebcorp.com/2020/07/29/best-internal-linking-plugins-wordpress/,0,237,0.0,76.19831223628692
"interlinking plugin wordpress,10.00,low,3,approved",https://azwebcorp.com/2020/07/29/best-internal-linking-plugins-wordpress/,0,156,0.0,76.42307692307692
interlinking wordpress plugin,https://azwebcorp.com/2020/07/29/7-best-internal-linking-plugins-for-wordpress-websites/,0,3,0.0,95.66666666666667
interlinks manager plugin,https://azwebcorp.com/2020/07/29/best-internal-linking-plugins-wordpress/,0,1,0.0,74.0
interlinks manager wordpress plugin,https://azwebcorp.com/2020/07/29/best-internal-linking-plugins-wordpress/,0,22,0.0,84.4090909090909
"interlinks manager wordpress plugin,10.00,low,29,approved",https://azwebcorp.com/2020/07/29/best-internal-linking-plugins-wordpress/,0,35,0.0,50.0
internal link building plugin,https://azwebcorp.com/2020/07/29/best-internal-linking-plugins-wordpress/,0,117,0.0,72.05128205128206
"internal link building plugin,20.00,low,0,approved",https://azwebcorp.com/2020/07/29/best-internal-linking-plugins-wordpress/,0,190,0.0,68.43157894736842
internal link building wordpress plugin,https://azwebcorp.com/2020/07/29/best-internal-linking-plugins-wordpress/,0,155,0.0,73.56129032258065
"internal link building wordpress plugin,10.00,low,0,approved",https://azwebcorp.com/2020/07/29/best-internal-linking-plugins-wordpress/,0,271,0.0,72.28413284132841
"internal link checker wordpress,10.00,medium,57,approved",https://azwebcorp.com/2020/07/29/best-internal-linking-plugins-wordpress/,0,24,0.0,82.54166666666667
internal link in wordpress,https://azwebcorp.com/2020/07/29/best-internal-linking-plugins-wordpress/,0,1,0.0,99.0
"internal link in wordpress,210.00,low,21,approved",https://azwebcorp.com/2020/07/29/best-internal-linking-plugins-wordpress/,0,27,0.0,45.55555555555556
internal link juicer alternatives,https://azwebcorp.com/2020/07/29/7-best-internal-linking-plugins-for-wordpress-websites/,0,18,0.0,88.38888888888889
internal link juicer alternatives,https://azwebcorp.com/2020/07/29/best-internal-linking-plugins-wordpress/,0,22,0.0,89.63636363636364
internal link juicer review,https://azwebcorp.com/2020/07/29/7-best-internal-linking-plugins-for-wordpress-websites/,0,3,0.0,90.66666666666667
internal link juicer review,https://azwebcorp.com/2020/07/29/best-internal-linking-plugins-wordpress/,0,2,0.0,99.5
internal link juicer wordpress,https://azwebcorp.com/2020/07/29/best-internal-linking-plugins-wordpress/,0,1,0.0,90.0
internal link manager,https://azwebcorp.com/2020/07/29/best-internal-linking-plugins-wordpress/,0,42,0.0,84.61904761904762
internal link plugin,https://azwebcorp.com/2020/07/29/best-internal-linking-plugins-wordpress/,0,2,0.0,86.0
internal link plugin wordpress,https://azwebcorp.com/2020/07/29/best-internal-linking-plugins-wordpress/,0,113,0.0,71.20353982300885
"internal link plugin wordpress,50.00,medium,34,approved",https://azwebcorp.com/2020/07/29/best-internal-linking-plugins-wordpress/,0,160,0.0,72.73125
internal link wordpress plugin,https://azwebcorp.com/2020/07/29/best-internal-linking-plugins-wordpress/,0,106,0.0,70.81132075471699
"internal link wordpress plugin,30.00,low,26,approved",https://azwebcorp.com/2020/07/29/best-internal-linking-plugins-wordpress/,0,102,0.0,69.6078431372549
internal linking plugin,https://azwebcorp.com/2020/07/29/best-internal-linking-plugins-wordpress/,0,102,0.0,74.1470588235294
internal linking plugin for wordpress,https://azwebcorp.com/2020/07/29/best-internal-linking-plugins-wordpress/,0,2,0.0,46.5
"internal linking plugin,30.00,low,31,approved",https://azwebcorp.com/2020/07/29/best-internal-linking-plugins-wordpress/,0,44,0.0,81.4090909090909
internal linking plugins for wordpress,https://azwebcorp.com/2020/07/29/best-internal-linking-plugins-wordpress/,0,1,0.0,35.0
internal linking wordpress,https://azwebcorp.com/2020/07/29/best-internal-linking-plugins-wordpress/,0,25,0.0,77.68
internal linking wordpress plugin,https://azwebcorp.com/2020/07/29/best-internal-linking-plugins-wordpress/,0,5,0.0,63.0
internal links in wordpress,https://azwebcorp.com/2020/07/29/best-internal-linking-plugins-wordpress/,0,2,0.0,88.0
internal links plugin,https://azwebcorp.com/2020/07/29/best-internal-linking-plugins-wordpress/,0,1,0.0,62.0
internal links plugin wordpress,https://azwebcorp.com/2020/07/29/best-internal-linking-plugins-wordpress/,0,1,0.0,57.0
"internal links seo wordpress,210.00,low,2,approved",https://azwebcorp.com/2020/07/29/best-internal-linking-plugins-wordpress/,0,124,0.0,64.74193548387098
internal links wordpress,https://azwebcorp.com/2020/07/29/best-internal-linking-plugins-wordpress/,0,1,0.0,86.0
internal links wordpress plugin,https://azwebcorp.com/2020/07/29/best-internal-linking-plugins-wordpress/,0,2,0.0,69.5
internet marketing arizona,https://azwebcorp.com/arizona-digital-marketing/,0,7,0.0,90.0
"intitle:best ""workflow automation""",https://azwebcorp.com/2020/07/29/best-internal-linking-plugins-wordpress/,0,1,0.0,35.0
ios developers near me,https://azwebcorp.com/mobile-app-development-services-arizona/,0,2,0.0,40.0
iphone app developers arizona,https://azwebcorp.com/mobile-app-development-services-arizona/,0,56,0.0,49.017857142857146
iphone app development arizona,https://azwebcorp.com/mobile-app-development-services-arizona/,0,115,0.0,48.95652173913044
java web application development company associative,https://azwebcorp.com/,0,1,0.0,13.0
java web development company associative,https://azwebcorp.com/,0,2,0.0,12.0
lawyer seo services tempe,https://azwebcorp.com/arizona-seo-services/,0,2,0.0,84.0
leading digital agencies arizona,https://azwebcorp.com/arizona-digital-marketing/,0,1,0.0,86.0
legal website development arizona,https://azwebcorp.com/,0,1,0.0,62.0
link whisper vs internal link juicer,https://azwebcorp.com/2020/07/29/7-best-internal-linking-plugins-for-wordpress-websites/,0,3,0.0,98.0
link whisper vs internal link juicer,https://azwebcorp.com/2020/07/29/best-internal-linking-plugins-wordpress/,0,3,0.0,80.33333333333333
link whisper vs rank math,https://azwebcorp.com/2020/07/29/best-internal-linking-plugins-wordpress/,0,3,0.0,93.0
link whisper vs rankmath,https://azwebcorp.com/2020/07/29/best-internal-linking-plugins-wordpress/,0,5,0.0,86.0
linkwhisper vs internal link juicer,https://azwebcorp.com/2020/07/29/best-internal-linking-plugins-wordpress/,0,1,0.0,101.0
linkwhisper vs rank math,https://azwebcorp.com/2020/07/29/best-internal-linking-plugins-wordpress/,0,4,0.0,96.25
linkwhisper vs rankmath,https://azwebcorp.com/2020/07/29/best-internal-linking-plugins-wordpress/,0,3,0.0,91.0
list of companies that don't have a website,https://azwebcorp.com/,0,1,0.0,1.0
local arizona seo agency,https://azwebcorp.com/arizona-seo-services/,0,75,0.0,86.92
"local business seo gilbert, az",https://azwebcorp.com/,0,8,0.0,41.0
local companies near me,https://azwebcorp.com/,0,1,0.0,15.0
local guide program,https://azwebcorp.com/,0,8,0.0,1.0
local guide program,https://azwebcorp.com/contact-us/,0,6,0.0,1.0
local phoenix seo,https://azwebcorp.com/arizona-seo-services/,0,2,0.0,77.0
local search az,https://azwebcorp.com/2025/12/05/phoenix-seo-expert-local-search/,0,4,0.0,13.0
local search engine optimization az,https://azwebcorp.com/arizona-seo-services/,0,21,0.0,91.61904761904762
local search engine optimization company phoenix,https://azwebcorp.com/2025/12/05/phoenix-seo-expert-local-search/,0,5,0.0,81.6
local search engine optimization phoenix az,https://azwebcorp.com/arizona-seo-services/,0,3,0.0,85.33333333333333
local search engine optimization phoenix seo dominetics,https://azwebcorp.com/2025/12/05/phoenix-seo-expert-local-search/,0,13,0.0,63.92307692307692
local search optimization phoenix,https://azwebcorp.com/2025/12/05/phoenix-seo-expert-local-search/,0,7,0.0,42.285714285714285
local search phoenix,https://azwebcorp.com/2025/12/05/phoenix-seo-expert-local-search/,0,14,0.0,16.285714285714285
local seo agency mesa,https://azwebcorp.com/arizona-seo-services/,0,2,0.0,99.0
local seo agency phoenix,https://azwebcorp.com/arizona-seo-services/,0,5,0.0,95.2
local seo arizona,https://azwebcorp.com/arizona-seo-services/,0,354,0.0,88.23728813559322
local seo camelback east,https://azwebcorp.com/2025/12/05/phoenix-seo-expert-local-search/,0,2,0.0,62.0
local seo chandler,https://azwebcorp.com/arizona-seo-services/,0,1,0.0,92.0
local seo companies in scottsdale arizona,https://azwebcorp.com/arizona-seo-services/,0,2,0.0,91.5
local seo company arizona,https://azwebcorp.com/arizona-seo-services/,0,266,0.0,90.10526315789474
local seo company az,https://azwebcorp.com/arizona-seo-services/,0,17,0.0,94.3529411764706
local seo company consulting in arizona,https://azwebcorp.com/arizona-seo-services/,0,271,0.0,47.003690036900366
local seo company consulting phoenix arizona,https://azwebcorp.com/arizona-seo-services/,0,27,0.0,77.25925925925925
local seo company in phoenix arizona,https://azwebcorp.com/arizona-seo-services/,0,3,0.0,89.33333333333333
local seo company mesa,https://azwebcorp.com/arizona-seo-services/,0,1,0.0,92.0
local seo company phoenix,https://azwebcorp.com/arizona-seo-services/,0,12,0.0,92.5
local seo company tempe,https://azwebcorp.com/arizona-seo-services/,0,96,0.0,71.13541666666667
local seo expert for home services arizona,https://azwebcorp.com/arizona-seo-services/,0,1,0.0,94.0
local seo expert near me,https://azwebcorp.com/arizona-seo-services/,0,20,0.0,88.9
local seo for home services arizona,https://azwebcorp.com/arizona-seo-services/,0,11,0.0,92.18181818181819
local seo for home services in arizona,https://azwebcorp.com/arizona-seo-services/,0,6,0.0,95.16666666666667
local seo for restaurants mesa az,https://azwebcorp.com/arizona-seo-services/,0,1,0.0,67.0
local seo in phoenix,https://azwebcorp.com/arizona-seo-services/,0,5,0.0,87.8
local seo in phoenix az,https://azwebcorp.com/arizona-seo-services/,0,1,0.0,93.0
local seo in the city of phoenix,https://azwebcorp.com/2025/12/05/phoenix-seo-expert-local-search/,0,15,0.0,33.13333333333333
local seo kingman az,https://azwebcorp.com/arizona-seo-services/,0,1,0.0,85.0
local seo marketing in arizona,https://azwebcorp.com/arizona-seo-services/,0,12,0.0,92.75
local seo marketing mesa az,https://azwebcorp.com/arizona-seo-services/,0,1,0.0,101.0
local seo mesa az,https://azwebcorp.com/arizona-seo-services/,0,27,0.0,95.70370370370371
local seo organic growth in phoenix az,https://azwebcorp.com/2025/12/05/phoenix-seo-expert-local-search/,0,1,0.0,41.0
local seo phoenix az,https://azwebcorp.com/arizona-seo-services/,0,1,0.0,94.0
local seo phoenix search engine optimization,https://azwebcorp.com/2025/12/05/phoenix-seo-expert-local-search/,0,115,0.0,87.47826086956522
local seo scottsdale,https://azwebcorp.com/arizona-seo-services/,0,4,0.0,99.0
local seo service phoenix,https://azwebcorp.com/arizona-seo-services/,0,3,0.0,93.0
local seo service phoenix az,https://azwebcorp.com/arizona-seo-services/,0,6,0.0,84.0
local seo service scottsdale az,https://azwebcorp.com/arizona-seo-services/,0,44,0.0,93.13636363636364
local seo services arizona,https://azwebcorp.com/arizona-seo-services/,0,38,0.0,87.92105263157895
local seo services chandler az,https://azwebcorp.com/arizona-seo-services/,0,51,0.0,89.98039215686275
local seo services in phoenix,https://azwebcorp.com/arizona-seo-services/,0,2,0.0,91.0
local seo services in phoenix az,https://azwebcorp.com/arizona-seo-services/,0,4,0.0,89.25
local seo services in scottsdale arizona,https://azwebcorp.com/arizona-seo-services/,0,8,0.0,100.25
local seo services in the city of phoenix,https://azwebcorp.com/arizona-seo-services/,0,1,0.0,90.0
local seo services mesa az,https://azwebcorp.com/arizona-seo-services/,0,19,0.0,89.52631578947368
local seo services near me,https://azwebcorp.com/arizona-seo-services/,0,1,0.0,82.0
local seo services phoenix,https://azwebcorp.com/arizona-seo-services/,0,11,0.0,86.36363636363636
local seo services phoenix az,https://azwebcorp.com/arizona-seo-services/,0,2,0.0,87.0
local seo services scottsdale,https://azwebcorp.com/arizona-seo-services/,0,14,0.0,97.21428571428571
local seo services scottsdale az,https://azwebcorp.com/arizona-seo-services/,0,6,0.0,96.16666666666667
local seo services tempe az,https://azwebcorp.com/arizona-seo-services/,0,34,0.0,76.88235294117646
local seo strategies arizona,https://azwebcorp.com/arizona-seo-services/,0,5,0.0,61.0
local seo tempe,https://azwebcorp.com/arizona-seo-services/,0,92,0.0,51.26086956521739
local small business web design experts arizona,https://azwebcorp.com/,0,3,0.0,81.0
local web design,https://azwebcorp.com/,0,1,0.0,1.0
local web developer,https://azwebcorp.com/,0,1,0.0,52.0
local web developers near me,https://azwebcorp.com/,0,1,0.0,10.0
local web development agency,https://azwebcorp.com/,0,1,0.0,17.0
local web development company associative,https://azwebcorp.com/,0,1,0.0,30.0
low-cost website development packages for small businesses arizona,https://azwebcorp.com/,0,22,0.0,58.27272727272727
low-cost website development packages for small businesses arizona,https://azwebcorp.com/arizona-web-development/,0,2,0.0,40.0
marketing automation for smbs arizona,https://azwebcorp.com/marketing-automation2/,0,22,0.0,27.0
marketing automation phoenix,https://azwebcorp.com/marketing-automation2/,0,31,0.0,19.06451612903226
marketing company arizona,https://azwebcorp.com/arizona-digital-marketing/,0,1,0.0,99.0
med spa web design agency,https://azwebcorp.com/,0,1,0.0,11.0
mesa arizona web design,https://azwebcorp.com/,0,49,0.0,82.20408163265306
mesa az search engine optimization,https://azwebcorp.com/arizona-seo-services/,0,102,0.0,83.44117647058823
mesa az seo,https://azwebcorp.com/arizona-seo-services/,0,98,0.0,89.61224489795919
mesa az web design,https://azwebcorp.com/,0,53,0.0,84.75471698113208
mesa az web design company,https://azwebcorp.com/,0,292,0.0,65.71575342465754
mesa az wordpress developer,https://azwebcorp.com/,0,127,0.0,45.79527559055118
mesa az wordpress developer,https://azwebcorp.com/arizona-web-development/,0,104,0.0,63.75
mesa best seo services,https://azwebcorp.com/arizona-seo-services/,0,3,0.0,77.0
mesa expert seo company,https://azwebcorp.com/arizona-seo-services/,0,1,0.0,65.0
mesa expert seo marketing company,https://azwebcorp.com/arizona-seo-services/,0,45,0.0,66.08888888888889
mesa expert seo marketing consultant,https://azwebcorp.com/arizona-seo-services/,0,11,0.0,76.72727272727273
mesa landscaping seo,https://azwebcorp.com/arizona-seo-services/,0,42,0.0,86.4047619047619
mesa local business seo,https://azwebcorp.com/arizona-seo-services/,0,1,0.0,94.0
mesa local seo company,https://azwebcorp.com/arizona-seo-services/,0,9,0.0,95.66666666666667
mesa local seo service,https://azwebcorp.com/arizona-seo-services/,0,11,0.0,96.45454545454545
mesa local seo services,https://azwebcorp.com/arizona-seo-services/,0,5,0.0,85.8
mesa professional seo services,https://azwebcorp.com/arizona-seo-services/,0,5,0.0,79.0
mesa search engine company,https://azwebcorp.com/arizona-seo-services/,0,4,0.0,93.0
mesa search engine optimization,https://azwebcorp.com/arizona-seo-services/,0,1,0.0,77.0
mesa search engine optimization companies,https://azwebcorp.com/arizona-seo-services/,0,35,0.0,94.68571428571428
mesa seo,https://azwebcorp.com/arizona-seo-services/,0,3,0.0,98.33333333333333
mesa seo agency,https://azwebcorp.com/arizona-seo-services/,0,44,0.0,77.97727272727273
mesa seo companies,https://azwebcorp.com/arizona-seo-services/,0,10,0.0,98.4
mesa seo company,https://azwebcorp.com/arizona-seo-services/,0,28,0.0,86.35714285714286
mesa seo company services,https://azwebcorp.com/arizona-seo-services/,0,26,0.0,64.23076923076923
mesa seo consultant,https://azwebcorp.com/arizona-seo-services/,0,7,0.0,96.28571428571429
mesa seo expert,https://azwebcorp.com/arizona-seo-services/,0,16,0.0,60.5
mesa seo marketing company,https://azwebcorp.com/arizona-seo-services/,0,9,0.0,66.0
mesa seo marketing services,https://azwebcorp.com/arizona-seo-services/,0,3,0.0,87.33333333333333
mesa seo service,https://azwebcorp.com/arizona-seo-services/,0,1,0.0,102.0
mesa seo services,https://azwebcorp.com/arizona-seo-services/,0,1,0.0,101.0
mesa seo services company,https://azwebcorp.com/arizona-seo-services/,0,35,0.0,66.74285714285715
mesa seo work,https://azwebcorp.com/arizona-seo-services/,0,2,0.0,81.0
mesa small business seo,https://azwebcorp.com/arizona-seo-services/,0,3,0.0,96.0
mesa top ranking seo marketing agency,https://azwebcorp.com/arizona-seo-services/,0,2,0.0,93.0
mesa top ranking seo marketing consultant,https://azwebcorp.com/arizona-seo-services/,0,13,0.0,100.38461538461539
mesa top ranking seo marketing firm,https://azwebcorp.com/arizona-seo-services/,0,17,0.0,96.70588235294117
mesa website development company,https://azwebcorp.com/,0,2,0.0,53.0
mesa website development company,https://azwebcorp.com/arizona-web-development/,0,1,0.0,86.0
mesa website development services,https://azwebcorp.com/,0,16,0.0,48.75
mesa website development services,https://azwebcorp.com/arizona-web-development/,0,1,0.0,98.0
mesa+seo+agency,https://azwebcorp.com/arizona-seo-services/,0,1,0.0,53.0
mobile app agency,https://azwebcorp.com/,0,1,0.0,1.0
mobile app companies in arizona,https://azwebcorp.com/mobile-app-development-services-arizona/,0,101,0.0,68.86138613861387
mobile app design phoenix,https://azwebcorp.com/mobile-app-development-services-arizona/,0,27,0.0,66.51851851851852
mobile app developer arizona,https://azwebcorp.com/mobile-app-development-services-arizona/,0,116,0.0,55.8448275862069
mobile app developer headquartered at 3818 somerset dr,https://azwebcorp.com/mobile-app-development-services-arizona/,0,1,0.0,10.0
"mobile app developer in phoenix, maricopa county",https://azwebcorp.com/mobile-app-development-services-arizona/,0,1,0.0,50.0
"mobile app developer in tempe, arizona",https://azwebcorp.com/mobile-app-development-services-arizona/,0,2,0.0,55.5
"mobile app developer in tempe, maricopa county",https://azwebcorp.com/mobile-app-development-services-arizona/,0,1,0.0,34.0
mobile app developers arizona,https://azwebcorp.com/mobile-app-development-services-arizona/,0,118,0.0,57.42372881355932
mobile app developers near me,https://azwebcorp.com/mobile-app-development-services-arizona/,0,44,0.0,65.4090909090909
mobile app development,https://azwebcorp.com/,0,231,0.0,9.783549783549784
mobile app development and marketing kitsap county,https://azwebcorp.com/mobile-app-development-services-arizona/,0,3,0.0,96.0
mobile app development arizona,https://azwebcorp.com/,0,4,0.0,1.0
mobile app development arizona,https://azwebcorp.com/mobile-app-development-services-arizona/,0,297,0.0,54.343434343434346
mobile app development companies in arizona,https://azwebcorp.com/mobile-app-development-services-arizona/,0,70,0.0,84.97142857142858
mobile app development companies in phoenix,https://azwebcorp.com/mobile-app-development-services-arizona/,0,6,0.0,73.66666666666667
mobile app development company arizona,https://azwebcorp.com/mobile-app-development-services-arizona/,0,117,0.0,49.8974358974359
mobile app development company in arizona,https://azwebcorp.com/,0,1,0.0,1.0
mobile app development company in arizona,https://azwebcorp.com/mobile-app-development-services-arizona/,0,100,0.0,51.88
mobile app development company in mohave,https://azwebcorp.com/,0,9,0.0,74.11111111111111
mobile app development company in mohave,https://azwebcorp.com/mobile-app-development-services-arizona/,0,3,0.0,55.0
mobile app development company in phoenix,https://azwebcorp.com/mobile-app-development-services-arizona/,0,43,0.0,67.27906976744185
mobile app development company in prescott,https://azwebcorp.com/mobile-app-development-services-arizona/,0,1,0.0,71.0
mobile app development company in show low,https://azwebcorp.com/,0,1,0.0,14.0
mobile app development company in show low,https://azwebcorp.com/mobile-app-development-services-arizona/,0,3,0.0,26.0
mobile app development company in sierra vista,https://azwebcorp.com/,0,1,0.0,6.0
mobile app development company near me,https://azwebcorp.com/mobile-app-development-services-arizona/,0,52,0.0,48.86538461538461
mobile app development company phoenix,https://azwebcorp.com/mobile-app-development-services-arizona/,0,26,0.0,49.42307692307692
mobile app development company tucson,https://azwebcorp.com/mobile-app-development-services-arizona/,0,6,0.0,77.33333333333333
mobile app development in glendale,https://azwebcorp.com/mobile-app-development-services-arizona/,0,6,0.0,86.66666666666667
mobile app development near me,https://azwebcorp.com/mobile-app-development-services-arizona/,0,53,0.0,56.75471698113208
mobile app development phoenix,https://azwebcorp.com/mobile-app-development-services-arizona/,0,170,0.0,53.50588235294118
mobile app development scottsdale,https://azwebcorp.com/mobile-app-development-services-arizona/,0,69,0.0,36.46376811594203
mobile app development services arizona,https://azwebcorp.com/mobile-app-development-services-arizona/,0,47,0.0,41.06382978723404
mobile app development tucson,https://azwebcorp.com/mobile-app-development-services-arizona/,0,20,0.0,85.0
mobile application developer near me,https://azwebcorp.com/mobile-app-development-services-arizona/,0,3,0.0,50.0
mobile application development arizona,https://azwebcorp.com/mobile-app-development-services-arizona/,0,140,0.0,57.68571428571428
mobile application development phoenix,https://azwebcorp.com/mobile-app-development-services-arizona/,0,29,0.0,81.13793103448276
mobile development agency,https://azwebcorp.com/,0,1,0.0,1.0
mobile development arizona,https://azwebcorp.com/,0,4,0.0,74.75
mobile development arizona,https://azwebcorp.com/mobile-app-development-services-arizona/,0,135,0.0,50.42962962962963
mobile development phoenix,https://azwebcorp.com/,0,16,0.0,39.75
mobile development phoenix,https://azwebcorp.com/mobile-app-development-services-arizona/,0,12,0.0,96.25
mobile friendly website design arizona,https://azwebcorp.com/mobile-app-development-services-arizona/,0,1,0.0,63.0
"mobile seo services gilbert, az",https://azwebcorp.com/,0,12,0.0,18.5
"mobile software developer in phoenix, az",https://azwebcorp.com/mobile-app-development-services-arizona/,0,2,0.0,59.5
"mobile software developer in tempe, arizona",https://azwebcorp.com/mobile-app-development-services-arizona/,0,1,0.0,109.0
mobile web development company associative,https://azwebcorp.com/,0,1,0.0,24.0
mobile web development services,https://azwebcorp.com/mobile-app-development-services-arizona/,0,2,0.0,80.5
mobile website arizona,https://azwebcorp.com/,0,23,0.0,7.3478260869565215
mobile website arizona,https://azwebcorp.com/mobile-app-development-services-arizona/,0,45,0.0,27.866666666666667
mobile website design arizona,https://azwebcorp.com/,0,20,0.0,61.75
mobile website design arizona,https://azwebcorp.com/mobile-app-development-services-arizona/,0,17,0.0,81.3529411764706
mobile website design services az,https://azwebcorp.com/mobile-app-development-services-arizona/,0,1,0.0,47.0
mobile website developers,https://azwebcorp.com/,0,33,0.0,14.606060606060606
mobile website phoenix,https://azwebcorp.com/mobile-app-development-services-arizona/,0,3,0.0,19.0
national seo package in az,https://azwebcorp.com/2020/07/29/how-much-does-seo-cost-in-arizona/,0,212,0.0,38.87264150943396
national seo packages arizona,https://azwebcorp.com/2020/07/29/how-much-does-seo-cost-in-arizona/,0,73,0.0,63.205479452054796
national seo packages arizona,https://azwebcorp.com/arizona-seo-services/,0,1,0.0,59.0
nativescript development service nrw,https://azwebcorp.com/,0,1,0.0,75.0
need web developer,https://azwebcorp.com/,0,1,0.0,10.0
on page seo techniques arizona,https://azwebcorp.com/arizona-seo-services/,0,1,0.0,65.0
online marketing arizona,https://azwebcorp.com/arizona-digital-marketing/,0,115,0.0,73.9304347826087
online marketing company arizona,https://azwebcorp.com/arizona-digital-marketing/,0,79,0.0,83.44303797468355
open web technology company,https://azwebcorp.com/,0,1,0.0,2.0
organic affordable seo growth arizona,https://azwebcorp.com/2020/07/29/how-much-does-seo-cost-in-arizona/,0,217,0.0,50.382488479262676
organic affordable seo growth arizona,https://azwebcorp.com/arizona-seo-services/,0,57,0.0,60.29824561403509
organic cheap seo growth arizona,https://azwebcorp.com/2020/07/29/how-much-does-seo-cost-in-arizona/,0,254,0.0,52.94094488188976
organic cheap seo growth arizona,https://azwebcorp.com/arizona-seo-services/,0,15,0.0,56.733333333333334
organic cheap seo growth phoenix,https://azwebcorp.com/2020/07/29/how-much-does-seo-cost-in-arizona/,0,5,0.0,86.8
organic cheap seo growth phoenix arizona,https://azwebcorp.com/2020/07/29/how-much-does-seo-cost-in-arizona/,0,4,0.0,95.25
organic cheap seo growth phoenix arizona,https://azwebcorp.com/arizona-seo-services/,0,3,0.0,94.0
organic cheap seo growth phoenix az,https://azwebcorp.com/2020/07/29/how-much-does-seo-cost-in-arizona/,0,8,0.0,92.0
organic cheap seo growth phoenix az,https://azwebcorp.com/arizona-seo-services/,0,1,0.0,98.0
organic growth seo arizona,https://azwebcorp.com/arizona-seo-services/,0,4,0.0,69.75
organic local seo growth arizona,https://azwebcorp.com/arizona-seo-services/,0,1,0.0,99.0
organic search growth in phoenix az,https://azwebcorp.com/2025/12/05/phoenix-seo-expert-local-search/,0,25,0.0,74.72
organic search growth phoenix az,https://azwebcorp.com/2025/12/05/phoenix-seo-expert-local-search/,0,67,0.0,63.492537313432834
organic seo effective growth arizona,https://azwebcorp.com/2020/07/29/how-much-does-seo-cost-in-arizona/,0,29,0.0,61.10344827586207
organic seo effective growth arizona,https://azwebcorp.com/arizona-seo-services/,0,1,0.0,89.0
organic seo effective growth in arizona,https://azwebcorp.com/2020/07/29/how-much-does-seo-cost-in-arizona/,0,25,0.0,53.44
organic seo growth arizona,https://azwebcorp.com/2020/07/29/how-much-does-seo-cost-in-arizona/,0,6,0.0,84.5
organic seo growth arizona,https://azwebcorp.com/arizona-seo-services/,0,13,0.0,50.23076923076923
organic seo growth in az,https://azwebcorp.com/arizona-seo-services/,0,1,0.0,79.0
outsourced lead generation solutions arizona,https://azwebcorp.com/marketing-automation2/,0,2,0.0,78.5
peoria arizona web design,https://azwebcorp.com/,0,12,0.0,70.16666666666667
peoria arizona website design,https://azwebcorp.com/,0,13,0.0,80.38461538461539
peoria arizona website design,https://azwebcorp.com/our-featured-projects/,0,4,0.0,88.5
peoria az seo agency,https://azwebcorp.com/arizona-seo-services/,0,23,0.0,76.1304347826087
peoria az web design,https://azwebcorp.com/,0,13,0.0,76.84615384615384
peoria az web design,https://azwebcorp.com/our-featured-projects/,0,1,0.0,92.0
peoria az web designer,https://azwebcorp.com/,0,11,0.0,85.18181818181819
peoria az website design agency,https://azwebcorp.com/,0,2,0.0,94.0
peoria web development,https://azwebcorp.com/,0,38,0.0,68.84210526315789
peoria website development,https://azwebcorp.com/,0,11,0.0,73.36363636363636
peoria wordpress development,https://azwebcorp.com/,0,1,0.0,89.0
peoria wordpress development,https://azwebcorp.com/arizona-web-development/,0,3,0.0,67.0
phoenix app developers,https://azwebcorp.com/mobile-app-development-services-arizona/,0,25,0.0,55.76
phoenix arizona affordable organic seo growth,https://azwebcorp.com/2020/07/29/how-much-does-seo-cost-in-arizona/,0,7,0.0,92.14285714285714
phoenix arizona affordable organic seo growth,https://azwebcorp.com/arizona-seo-services/,0,2,0.0,83.5
phoenix arizona cheap organic seo growth,https://azwebcorp.com/2020/07/29/how-much-does-seo-cost-in-arizona/,0,3,0.0,89.33333333333333
phoenix arizona local search optimization,https://azwebcorp.com/2025/12/05/phoenix-seo-expert-local-search/,0,13,0.0,40.76923076923077
phoenix arizona local search optimization,https://azwebcorp.com/arizona-seo-services/,0,1,0.0,90.0
phoenix arizona local seo company consulting,https://azwebcorp.com/arizona-seo-services/,0,5,0.0,52.6
phoenix arizona organic cheap seo growth,https://azwebcorp.com/2020/07/29/how-much-does-seo-cost-in-arizona/,0,65,0.0,55.89230769230769
phoenix arizona organic cheap seo growth,https://azwebcorp.com/arizona-seo-services/,0,8,0.0,79.75
phoenix arizona seo company,https://azwebcorp.com/arizona-seo-services/,0,3,0.0,77.66666666666667
phoenix arizona seo project,https://azwebcorp.com/2025/12/05/phoenix-seo-expert-local-search/,0,38,0.0,14.447368421052632
phoenix arizona web design,https://azwebcorp.com/,0,1,0.0,93.0
phoenix arizona web development,https://azwebcorp.com/,0,2,0.0,24.5
phoenix arizona website hosting,https://azwebcorp.com/,0,1,0.0,72.0
phoenix arizona white label seo company,https://azwebcorp.com/arizona-seo-services/,0,1,0.0,62.0
phoenix az affordable organic seo,https://azwebcorp.com/arizona-seo-services/,0,3,0.0,73.66666666666667
phoenix az affordable organic seo growth,https://azwebcorp.com/2020/07/29/how-much-does-seo-cost-in-arizona/,0,6,0.0,89.66666666666667
phoenix az affordable seo service,https://azwebcorp.com/arizona-seo-services/,0,34,0.0,26.58823529411765
phoenix az cheap effective organic seo growth,https://azwebcorp.com/2020/07/29/how-much-does-seo-cost-in-arizona/,0,5,0.0,86.8
phoenix az cheap effective organic seo growth,https://azwebcorp.com/arizona-seo-services/,0,5,0.0,48.0
phoenix az cheap organic seo growth,https://azwebcorp.com/2020/07/29/how-much-does-seo-cost-in-arizona/,0,2,0.0,91.5
phoenix az cheap search engine optimization,https://azwebcorp.com/2020/07/29/how-much-does-seo-cost-in-arizona/,0,121,0.0,64.2396694214876
phoenix az national seo packages,https://azwebcorp.com/2020/07/29/how-much-does-seo-cost-in-arizona/,0,1,0.0,61.0
phoenix az organic cheap seo growth,https://azwebcorp.com/2020/07/29/how-much-does-seo-cost-in-arizona/,0,52,0.0,63.28846153846154
phoenix az organic cheap seo growth,https://azwebcorp.com/arizona-seo-services/,0,5,0.0,95.8
phoenix az organic search,https://azwebcorp.com/2025/12/05/phoenix-seo-expert-local-search/,0,48,0.0,43.791666666666664
phoenix az organic seo for affordable growth,https://azwebcorp.com/2020/07/29/how-much-does-seo-cost-in-arizona/,0,5,0.0,95.4
phoenix az organic seo for affordable growth,https://azwebcorp.com/arizona-seo-services/,0,1,0.0,41.0
phoenix az seo growth,https://azwebcorp.com/2025/12/05/phoenix-seo-expert-local-search/,0,49,0.0,28.836734693877553
phoenix az seo project,https://azwebcorp.com/2025/12/05/phoenix-seo-expert-local-search/,0,50,0.0,27.62
phoenix az seo project,https://azwebcorp.com/arizona-seo-services/,0,1,0.0,79.0
phoenix az seo project,https://azwebcorp.com/seo-company-phoenix-az/,0,2,0.0,75.0
phoenix az seo service,https://azwebcorp.com/arizona-seo-services/,0,6,0.0,90.5
phoenix az web projects,https://azwebcorp.com/,0,173,0.0,53.358381502890175
phoenix az web projects,https://azwebcorp.com/frontend-development/,0,105,0.0,83.07619047619048
phoenix az web projects,https://azwebcorp.com/mobile-app-development-services-arizona/,0,13,0.0,93.6923076923077
phoenix az web projects,https://azwebcorp.com/our-featured-projects/,0,116,0.0,77.55172413793103
phoenix az web projects,https://azwebcorp.com/phoenix-web-development/,0,1,0.0,98.0
phoenix az web projects,https://azwebcorp.com/web-development/,0,1,0.0,100.0
phoenix az website projects,https://azwebcorp.com/,0,17,0.0,35.0
phoenix az website projects,https://azwebcorp.com/frontend-development/,0,7,0.0,71.71428571428571
phoenix az website projects,https://azwebcorp.com/mobile-app-development-services-arizona/,0,1,0.0,94.0
phoenix az website projects,https://azwebcorp.com/our-featured-projects/,0,133,0.0,77.43609022556392
phoenix az white label seo solutions,https://azwebcorp.com/arizona-seo-services/,0,1,0.0,67.0
phoenix az wordpress designer,https://azwebcorp.com/,0,3,0.0,80.33333333333333
phoenix az wordpress designer,https://azwebcorp.com/arizona-web-development/,0,41,0.0,64.8048780487805
phoenix az wordpress development company,https://azwebcorp.com/,0,23,0.0,83.1304347826087
phoenix az wordpress development company,https://azwebcorp.com/arizona-web-development/,0,1,0.0,73.0
phoenix cheap organic seo growth arizona,https://azwebcorp.com/2020/07/29/how-much-does-seo-cost-in-arizona/,0,9,0.0,87.33333333333333
phoenix ecommerce web development agency for b2b,https://azwebcorp.com/,0,8,0.0,90.625
phoenix local search engine optimization,https://azwebcorp.com/2025/12/05/phoenix-seo-expert-local-search/,0,7,0.0,89.14285714285714
phoenix local search engine optimization,https://azwebcorp.com/arizona-seo-services/,0,1,0.0,96.0
phoenix local search marketing,https://azwebcorp.com/2025/12/05/phoenix-seo-expert-local-search/,0,16,0.0,50.5625
phoenix local search optimization,https://azwebcorp.com/2025/12/05/phoenix-seo-expert-local-search/,0,31,0.0,46.064516129032256
phoenix local seo,https://azwebcorp.com/arizona-seo-services/,0,1,0.0,91.0
phoenix local seo services,https://azwebcorp.com/arizona-seo-services/,0,4,0.0,94.25
phoenix online search marketing,https://azwebcorp.com/2025/12/05/phoenix-seo-expert-local-search/,0,26,0.0,37.69230769230769
phoenix search,https://azwebcorp.com/2025/12/05/phoenix-seo-expert-local-search/,0,1,0.0,44.0
phoenix search engine marketing,https://azwebcorp.com/2025/12/05/phoenix-seo-expert-local-search/,0,22,0.0,46.45454545454545
phoenix search engine optimization,https://azwebcorp.com/2025/12/05/phoenix-seo-expert-local-search/,0,32,0.0,45.0
phoenix search engine optimization services,https://azwebcorp.com/arizona-seo-services/,0,36,0.0,82.27777777777777
phoenix search engine optimization services,https://azwebcorp.com/seo-company-phoenix-az/,0,2,0.0,93.0
phoenix search engine ranking,https://azwebcorp.com/2025/12/05/phoenix-seo-expert-local-search/,0,2,0.0,59.5
phoenix search optimization,https://azwebcorp.com/2025/12/05/phoenix-seo-expert-local-search/,0,80,0.0,48.2625
phoenix seo,https://azwebcorp.com/seo-company-phoenix-az/,0,20,0.0,82.55
phoenix seo audit,https://azwebcorp.com/arizona-seo-services/,0,3,0.0,79.33333333333333
phoenix seo company,https://azwebcorp.com/2025/12/05/phoenix-seo-expert-local-search/,0,1,0.0,12.0
phoenix seo company,https://azwebcorp.com/seo-company-phoenix-az/,0,7,0.0,85.0
phoenix seo consultant,https://azwebcorp.com/arizona-seo-services/,0,10,0.0,65.7
phoenix seo consultants,https://azwebcorp.com/arizona-seo-services/,0,3,0.0,73.0
phoenix seo expert,https://azwebcorp.com/2025/12/05/phoenix-seo-expert-local-search/,0,7,0.0,46.714285714285715
phoenix seo expert,https://azwebcorp.com/arizona-seo-services/,0,28,0.0,83.92857142857143
phoenix seo expert for small business,https://azwebcorp.com/2025/12/05/phoenix-seo-expert-local-search/,0,19,0.0,27.789473684210527
phoenix seo experts,https://azwebcorp.com/arizona-seo-services/,0,7,0.0,79.0
phoenix seo for plumbers,https://azwebcorp.com/2025/12/05/phoenix-seo-expert-local-search/,0,1,0.0,57.0
phoenix seo guru,https://azwebcorp.com/2025/12/05/phoenix-seo-expert-local-search/,0,1,0.0,41.0
phoenix seo plan arizona seo plan,https://azwebcorp.com/2025/12/05/phoenix-seo-expert-local-search/,0,4,0.0,71.0
phoenix seo plan arizona seo plan,https://azwebcorp.com/arizona-seo-services/,0,6,0.0,84.0
phoenix seo project,https://azwebcorp.com/2025/12/05/phoenix-seo-expert-local-search/,0,3,0.0,45.0
phoenix seo projects,https://azwebcorp.com/2025/12/05/phoenix-seo-expert-local-search/,0,1,0.0,12.0
phoenix seo services,https://azwebcorp.com/arizona-seo-services/,0,18,0.0,75.33333333333333
phoenix seo services,https://azwebcorp.com/seo-company-phoenix-az/,0,9,0.0,85.11111111111111
phoenix seo services pricing,https://azwebcorp.com/2020/07/29/how-much-does-seo-cost-in-arizona/,0,1,0.0,20.0
phoenix seo specialist,https://azwebcorp.com/arizona-seo-services/,0,1,0.0,79.0
phoenix specialized wordpress web service,https://azwebcorp.com/phoenix-web-development/,0,1,0.0,91.0
phoenix web design company,https://azwebcorp.com/,0,1,0.0,68.0
phoenix web design free quote,https://azwebcorp.com/,0,2,0.0,81.0
phoenix web designer,https://azwebcorp.com/,0,1,0.0,32.0
phoenix web developer,https://azwebcorp.com/,0,39,0.0,81.53846153846153
phoenix web developers,https://azwebcorp.com/,0,71,0.0,69.26760563380282
phoenix web development,https://azwebcorp.com/phoenix-web-development/,0,11,0.0,70.9090909090909
phoenix web development companies,https://azwebcorp.com/,0,1,0.0,41.0
phoenix web development services,https://azwebcorp.com/,0,1,0.0,87.0
phoenix website developer,https://azwebcorp.com/,0,91,0.0,60.83516483516483
phoenix website developers,https://azwebcorp.com/,0,93,0.0,83.80645161290323
phoenix website development,https://azwebcorp.com/,0,2,0.0,49.5
phoenix website development company,https://azwebcorp.com/,0,2,0.0,46.5
phoenix website development services,https://azwebcorp.com/,0,2,0.0,93.0
phoenix website projects,https://azwebcorp.com/frontend-development/,0,4,0.0,70.25
phoenix wordpress development,https://azwebcorp.com/phoenix-web-development/,0,5,0.0,89.4
phoenixbizz-software-mobile-app-development-company-in-phoenix-az,https://azwebcorp.com/mobile-app-development-services-arizona/,0,20,0.0,87.9
php development services in chandler,https://azwebcorp.com/,0,1,0.0,98.0
plugin best internal linking plugin,https://azwebcorp.com/2020/07/29/7-best-internal-linking-plugins-for-wordpress-websites/,0,19,0.0,86.47368421052632
plugin internal link wordpress,https://azwebcorp.com/2020/07/29/best-internal-linking-plugins-wordpress/,0,128,0.0,72.9140625
"plugin internal link wordpress,10.00,unknown,,approved",https://azwebcorp.com/2020/07/29/best-internal-linking-plugins-wordpress/,0,214,0.0,71.67757009345794
plugin internal linking plugin,https://azwebcorp.com/2020/07/29/7-best-internal-linking-plugins-for-wordpress-websites/,0,6,0.0,89.16666666666667
printing services arizona,https://azwebcorp.com/arizona-printing-services/,0,1,0.0,60.0
professional arizona web site design,https://azwebcorp.com/,0,2,0.0,50.0
professional email and cpanel hosting phoenix,https://azwebcorp.com/hire-our-services/,0,3,0.0,98.66666666666667
professional email and cpanel hosting phoenix,https://azwebcorp.com/web-hosting/,0,1,0.0,97.0
professional seo agency chandler,https://azwebcorp.com/arizona-seo-services/,0,10,0.0,97.0
professional seo agency chandler az,https://azwebcorp.com/arizona-seo-services/,0,6,0.0,81.33333333333333
professional seo agency mesa,https://azwebcorp.com/arizona-seo-services/,0,8,0.0,95.75
professional seo agency surprise az,https://azwebcorp.com/arizona-seo-services/,0,26,0.0,84.15384615384616
professional seo agency tempe,https://azwebcorp.com/arizona-seo-services/,0,28,0.0,54.857142857142854
professional seo consultant services arizona,https://azwebcorp.com/arizona-seo-services/,0,6,0.0,92.0
professional web design in azusa,https://azwebcorp.com/,0,4,0.0,83.5
professional web design in azusa,https://azwebcorp.com/arizona-web-development/,0,2,0.0,59.5
professional web development,https://azwebcorp.com/,0,2,0.0,1.0
professional web services,https://azwebcorp.com/,0,2,0.0,1.0
professional website design arizona,https://azwebcorp.com/,0,3,0.0,85.33333333333333
queen creek seo,https://azwebcorp.com/arizona-seo-services/,0,22,0.0,71.27272727272727
queen creek web design company,https://azwebcorp.com/,0,4,0.0,86.25
react native mobile app development arizona,https://azwebcorp.com/mobile-app-development-services-arizona/,0,99,0.0,41.57575757575758
reliable seo services phoenix,https://azwebcorp.com/arizona-seo-services/,0,2,0.0,92.5
reliable seo services tempe,https://azwebcorp.com/arizona-seo-services/,0,196,0.0,76.61224489795919
responsive web designer phoenix,https://azwebcorp.com/,0,37,0.0,89.64864864864865
san marcos web development company,https://azwebcorp.com/,0,3,0.0,68.33333333333333
scottsdale app developers,https://azwebcorp.com/frontend-development/,0,1,0.0,48.0
scottsdale app developers,https://azwebcorp.com/mobile-app-development-services-arizona/,0,8,0.0,39.375
scottsdale app development,https://azwebcorp.com/frontend-development/,0,6,0.0,56.0
scottsdale app development,https://azwebcorp.com/mobile-app-development-services-arizona/,0,8,0.0,44.5
scottsdale az local seo company,https://azwebcorp.com/arizona-seo-services/,0,15,0.0,99.26666666666667
scottsdale az search engine optimization,https://azwebcorp.com/arizona-seo-services/,0,7,0.0,88.14285714285714
scottsdale az seo company,https://azwebcorp.com/arizona-seo-services/,0,2,0.0,109.5
scottsdale az web development companies,https://azwebcorp.com/frontend-development/,0,5,0.0,64.8
scottsdale local seo,https://azwebcorp.com/arizona-seo-services/,0,5,0.0,82.8
scottsdale mobile development companies,https://azwebcorp.com/mobile-app-development-services-arizona/,0,11,0.0,44.81818181818182
scottsdale search engine optimization,https://azwebcorp.com/arizona-seo-services/,0,4,0.0,81.5
scottsdale seo expert,https://azwebcorp.com/arizona-seo-services/,0,2,0.0,120.5
scottsdale seo services,https://azwebcorp.com/arizona-seo-services/,0,21,0.0,100.14285714285714
scottsdale web developer,https://azwebcorp.com/,0,2,0.0,56.5
scottsdale web developer,https://azwebcorp.com/frontend-development/,0,3,0.0,43.0
scottsdale web development,https://azwebcorp.com/,0,25,0.0,81.76
scottsdale web development,https://azwebcorp.com/frontend-development/,0,21,0.0,62.666666666666664
scottsdale website development,https://azwebcorp.com/frontend-development/,0,6,0.0,64.0
search engine optimization agency phoenix,https://azwebcorp.com/arizona-seo-services/,0,6,0.0,79.0
search engine optimization agency sun city,https://azwebcorp.com/arizona-seo-services/,0,14,0.0,83.78571428571429
search engine optimization arizona,https://azwebcorp.com/arizona-seo-services/,0,703,0.0,82.00711237553342
search engine optimization arizona phoenix,https://azwebcorp.com/2025/12/05/phoenix-seo-expert-local-search/,0,92,0.0,61.90217391304348
search engine optimization arizona phoenix,https://azwebcorp.com/seo-company-phoenix-az/,0,1,0.0,91.0
search engine optimization az,https://azwebcorp.com/arizona-seo-services/,0,204,0.0,78.13725490196079
search engine optimization chandler,https://azwebcorp.com/arizona-seo-services/,0,1,0.0,143.0
search engine optimization companies tempe,https://azwebcorp.com/arizona-seo-services/,0,37,0.0,63.891891891891895
search engine optimization companies tempe hiring,https://azwebcorp.com/arizona-seo-services/,0,15,0.0,90.53333333333333
search engine optimization companies tempe reviews,https://azwebcorp.com/arizona-seo-services/,0,5,0.0,69.6
search engine optimization company in arizona,https://azwebcorp.com/arizona-seo-services/,0,1,0.0,61.0
search engine optimization company scottsdale,https://azwebcorp.com/arizona-seo-services/,0,3,0.0,96.0
search engine optimization company sun city az,https://azwebcorp.com/arizona-seo-services/,0,15,0.0,82.93333333333334
search engine optimization expert phoenix,https://azwebcorp.com/2025/12/05/phoenix-seo-expert-local-search/,0,3,0.0,24.666666666666668
search engine optimization in az,https://azwebcorp.com/arizona-seo-services/,0,95,0.0,71.96842105263158
search engine optimization in scottsdale az,https://azwebcorp.com/arizona-seo-services/,0,1,0.0,72.0
search engine optimization mesa,https://azwebcorp.com/arizona-seo-services/,0,2,0.0,83.5
search engine optimization northern arizona,https://azwebcorp.com/2020/07/29/how-much-does-seo-cost-in-arizona/,0,2,0.0,95.5
search engine optimization phoenix,https://azwebcorp.com/arizona-seo-services/,0,14,0.0,97.78571428571429
search engine optimization phoenix az,https://azwebcorp.com/seo-company-phoenix-az/,0,2,0.0,86.0
search engine optimization scottsdale,https://azwebcorp.com/arizona-seo-services/,0,1,0.0,82.0
search engine optimization seo services,https://azwebcorp.com/arizona-seo-services/,0,1,0.0,69.0
search engine optimization services phoenix,https://azwebcorp.com/arizona-seo-services/,0,3,0.0,93.0
search engine optimization services sun city,https://azwebcorp.com/arizona-seo-services/,0,18,0.0,86.94444444444444
search engine phoenix,https://azwebcorp.com/2025/12/05/phoenix-seo-expert-local-search/,0,31,0.0,64.64516129032259
sedona webs development,https://azwebcorp.com/,0,1,0.0,46.0
selfweb inaz,https://azwebcorp.com/,0,1,0.0,48.0
seo,https://azwebcorp.com/,0,4,0.0,4.75
seo a-z,https://azwebcorp.com/arizona-seo-services/,0,1,0.0,46.0
seo affordable organic growth phoenix arizona,https://azwebcorp.com/,0,8,0.0,38.625
seo affordable organic growth phoenix arizona,https://azwebcorp.com/2020/07/29/how-much-does-seo-cost-in-arizona/,0,34,0.0,56.23529411764706
seo affordable organic growth phoenix arizona,https://azwebcorp.com/arizona-seo-services/,0,21,0.0,54.04761904761905
seo affordable organic growth phoenix az,https://azwebcorp.com/,0,6,0.0,53.666666666666664
seo affordable organic growth phoenix az,https://azwebcorp.com/2020/07/29/how-much-does-seo-cost-in-arizona/,0,15,0.0,58.13333333333333
seo affordable organic growth phoenix az,https://azwebcorp.com/arizona-seo-services/,0,15,0.0,48.86666666666667
seo affordable organic growth services az,https://azwebcorp.com/,0,4,0.0,36.0
seo affordable organic growth services az,https://azwebcorp.com/2020/07/29/how-much-does-seo-cost-in-arizona/,0,44,0.0,72.02272727272727
seo agency,https://azwebcorp.com/arizona-seo-services/,0,1,0.0,28.0
seo agency arizona,https://azwebcorp.com/,0,1,0.0,1.0
seo agency arizona,https://azwebcorp.com/arizona-seo-services/,0,507,0.0,83.89151873767258
seo agency chandler,https://azwebcorp.com/arizona-seo-services/,0,1,0.0,86.0
seo agency focused on consultants,https://azwebcorp.com/arizona-seo-services/,0,1,0.0,46.0
seo agency for attorneys tempe,https://azwebcorp.com/arizona-seo-services/,0,1,0.0,97.0
seo agency for small business,https://azwebcorp.com/arizona-seo-services/,0,8,0.0,75.5
seo agency gilbert az,https://azwebcorp.com/,0,1,0.0,20.0
seo agency in arizona,https://azwebcorp.com/,0,1,0.0,161.0
seo agency in arizona,https://azwebcorp.com/arizona-seo-services/,0,309,0.0,68.36245954692556
seo agency in mesa,https://azwebcorp.com/arizona-seo-services/,0,31,0.0,92.64516129032258
seo agency in mesa az,https://azwebcorp.com/arizona-seo-services/,0,37,0.0,88.16216216216216
seo agency in scottsdale,https://azwebcorp.com/arizona-seo-services/,0,1,0.0,86.0
seo agency in tempe,https://azwebcorp.com/arizona-seo-services/,0,125,0.0,69.68
seo agency mesa,https://azwebcorp.com/arizona-seo-services/,0,16,0.0,90.5625
seo agency mesa az,https://azwebcorp.com/arizona-seo-services/,0,7,0.0,83.0
seo agency near me chandler az,https://azwebcorp.com/arizona-seo-services/,0,52,0.0,92.96153846153847
seo agency near me peoria az,https://azwebcorp.com/arizona-seo-services/,0,13,0.0,81.84615384615384
seo agency tempe,https://azwebcorp.com/arizona-seo-services/,0,4,0.0,61.5
seo and sem marketing in az,https://azwebcorp.com/arizona-seo-services/,0,19,0.0,92.78947368421052
"seo and web design services gilbert, az",https://azwebcorp.com/,0,29,0.0,27.0
seo and website developers ahwatukee,https://azwebcorp.com/,0,15,0.0,65.66666666666667
seo and website developers ahwatukee,https://azwebcorp.com/2025/12/05/phoenix-seo-expert-local-search/,0,2,0.0,20.0
seo and wordpress website development phoenix,https://azwebcorp.com/,0,1,0.0,85.0
seo arizona,https://azwebcorp.com/2020/07/29/how-much-does-seo-cost-in-arizona/,0,132,0.0,60.553030303030305
seo arizona,https://azwebcorp.com/arizona-seo-services/,0,899,0.0,69.30255839822024
seo arizona,https://azwebcorp.com/how-much-does-seo-cost-in-arizona/,0,22,0.0,41.90909090909091
seo audit phoenix,https://azwebcorp.com/arizona-seo-services/,0,2,0.0,72.0
seo audit service near me,https://azwebcorp.com/arizona-seo-services/,0,1,0.0,9.0
seo avondale az,https://azwebcorp.com/arizona-seo-services/,0,9,0.0,49.111111111111114
seo az,https://azwebcorp.com/2020/07/29/how-much-does-seo-cost-in-arizona/,0,2,0.0,31.0
seo az,https://azwebcorp.com/arizona-seo-services/,0,95,0.0,57.8
seo az,https://azwebcorp.com/how-much-does-seo-cost-in-arizona/,0,3,0.0,50.666666666666664
seo az,https://azwebcorp.com/seo-company-phoenix-az/,0,1,0.0,85.0
seo chandler,https://azwebcorp.com/arizona-seo-services/,0,4,0.0,73.0
seo chandler az,https://azwebcorp.com/arizona-seo-services/,0,3,0.0,74.0
seo cheap organic growth arizona,https://azwebcorp.com/,0,1,0.0,40.0
seo cheap organic growth arizona,https://azwebcorp.com/2020/07/29/how-much-does-seo-cost-in-arizona/,0,152,0.0,48.44736842105263
seo cheap organic growth in az,https://azwebcorp.com/2020/07/29/how-much-does-seo-cost-in-arizona/,0,388,0.0,41.54896907216495
seo cheap organic growth phoenix arizona,https://azwebcorp.com/2020/07/29/how-much-does-seo-cost-in-arizona/,0,39,0.0,48.82051282051282
seo cheap organic growth services az,https://azwebcorp.com/2020/07/29/how-much-does-seo-cost-in-arizona/,0,1,0.0,96.0
seo companies arizona,https://azwebcorp.com/arizona-seo-services/,0,405,0.0,67.32592592592593
seo companies az,https://azwebcorp.com/arizona-seo-services/,0,2,0.0,56.5
seo companies in arizona,https://azwebcorp.com/arizona-seo-services/,0,186,0.0,71.52688172043011
seo companies in chandler,https://azwebcorp.com/arizona-seo-services/,0,4,0.0,95.0
seo companies in peoria az,https://azwebcorp.com/arizona-seo-services/,0,2,0.0,66.0
"seo companies scottsdale, az",https://azwebcorp.com/arizona-seo-services/,0,1,0.0,99.0
seo company,https://azwebcorp.com/,0,12,0.0,28.833333333333332
seo company arizona,https://azwebcorp.com/arizona-seo-services/,0,491,0.0,79.27291242362526
seo company az,https://azwebcorp.com/arizona-seo-services/,0,40,0.0,61.75
seo company benson az,https://azwebcorp.com/arizona-seo-services/,0,6,0.0,80.33333333333333
seo company cave creek,https://azwebcorp.com/arizona-seo-services/,0,4,0.0,63.75
seo company chandler,https://azwebcorp.com/arizona-seo-services/,0,4,0.0,95.75
seo company chandler az,https://azwebcorp.com/arizona-seo-services/,0,2,0.0,90.5
seo company for attorneys tempe,https://azwebcorp.com/arizona-seo-services/,0,4,0.0,60.5
seo company in arozona,https://azwebcorp.com/arizona-seo-services/,0,240,0.0,88.44583333333334
seo company in chandler,https://azwebcorp.com/arizona-seo-services/,0,17,0.0,90.88235294117646
seo company in chandler az,https://azwebcorp.com/arizona-seo-services/,0,26,0.0,93.42307692307692
seo company in mesa,https://azwebcorp.com/arizona-seo-services/,0,120,0.0,89.26666666666667
seo company in phoenix arizona,https://azwebcorp.com/arizona-seo-services/,0,3,0.0,74.0
seo company in phoenix arizona,https://azwebcorp.com/seo-company-phoenix-az/,0,1,0.0,77.0
seo company in scottsdale,https://azwebcorp.com/arizona-seo-services/,0,1,0.0,89.0
seo company maricopa county,https://azwebcorp.com/arizona-seo-services/,0,7,0.0,70.71428571428571
seo company mesa,https://azwebcorp.com/arizona-seo-services/,0,69,0.0,94.72463768115942
seo company mesa arizona,https://azwebcorp.com/arizona-seo-services/,0,99,0.0,88.86868686868686
seo company mesa az,https://azwebcorp.com/arizona-seo-services/,0,224,0.0,91.04910714285714
seo company near me,https://azwebcorp.com/,0,13,0.0,17.53846153846154
seo company near sun city az,https://azwebcorp.com/arizona-seo-services/,0,1,0.0,73.0
seo company phoenix az,https://azwebcorp.com/arizona-seo-services/,0,1,0.0,92.0
seo company phoenix az,https://azwebcorp.com/seo-company-phoenix-az/,0,1,0.0,84.0
seo company pinetop lakeside,https://azwebcorp.com/arizona-seo-services/,0,2,0.0,55.5
seo company price comparison arizona,https://azwebcorp.com/2020/07/29/how-much-does-seo-cost-in-arizona/,0,641,0.0,21.313572542901717
seo company price comparison arizona,https://azwebcorp.com/arizona-seo-services/,0,1,0.0,84.0
seo company price comparison arizona,https://azwebcorp.com/how-much-does-seo-cost-in-arizona/,0,1,0.0,59.0
seo company scottsdale az,https://azwebcorp.com/arizona-seo-services/,0,1,0.0,119.0
seo company services az,https://azwebcorp.com/arizona-seo-services/,0,242,0.0,65.07438016528926
seo company tempe,https://azwebcorp.com/arizona-seo-services/,0,48,0.0,83.60416666666667
seo company tempe az,https://azwebcorp.com/arizona-seo-services/,0,4,0.0,60.5
seo company wickenburg,https://azwebcorp.com/arizona-seo-services/,0,1,0.0,85.0
seo company winkelman az,https://azwebcorp.com/arizona-seo-services/,0,42,0.0,89.16666666666667
seo company wittmann az,https://azwebcorp.com/arizona-seo-services/,0,1,0.0,38.0
seo consultant,https://azwebcorp.com/arizona-seo-services/,0,8,0.0,41.125
seo consultant arizona,https://azwebcorp.com/arizona-seo-services/,0,19,0.0,32.578947368421055
seo consultant in arizona,https://azwebcorp.com/arizona-seo-services/,0,1,0.0,38.0
seo consultant in mesa,https://azwebcorp.com/arizona-seo-services/,0,88,0.0,64.04545454545455
seo consultant mesa,https://azwebcorp.com/arizona-seo-services/,0,31,0.0,62.54838709677419
seo consultant phoenix,https://azwebcorp.com/arizona-seo-services/,0,11,0.0,78.9090909090909
seo consultant phoenix az,https://azwebcorp.com/arizona-seo-services/,0,1,0.0,79.0
seo consultant scottsdale,https://azwebcorp.com/arizona-seo-services/,0,3,0.0,93.66666666666667
"seo consultants gilbert, az",https://azwebcorp.com/,0,3,0.0,41.0
seo consultants phoenix,https://azwebcorp.com/arizona-seo-services/,0,1,0.0,96.0
seo consulting,https://azwebcorp.com/arizona-seo-services/,0,1,0.0,51.0
seo consulting arizona,https://azwebcorp.com/arizona-seo-services/,0,350,0.0,60.67142857142857
seo consulting az,https://azwebcorp.com/arizona-seo-services/,0,334,0.0,59.35329341317365
seo consulting phoenix,https://azwebcorp.com/arizona-seo-services/,0,33,0.0,97.78787878787878
seo consulting phoenix arizona,https://azwebcorp.com/arizona-seo-services/,0,7,0.0,93.14285714285714
seo consulting phoenix az,https://azwebcorp.com/arizona-seo-services/,0,4,0.0,97.25
seo consulting scottsdale,https://azwebcorp.com/arizona-seo-services/,0,21,0.0,93.52380952380952
seo consulting scottsdale az,https://azwebcorp.com/arizona-seo-services/,0,36,0.0,92.13888888888889
"seo content creation gilbert, az",https://azwebcorp.com/,0,13,0.0,17.923076923076923
seo cost phoenix,https://azwebcorp.com/2020/07/29/how-much-does-seo-cost-in-arizona/,0,322,0.0,23.574534161490682
seo cost phoenix,https://azwebcorp.com/how-much-does-seo-cost-in-arizona/,0,12,0.0,77.83333333333333
seo developer,https://azwebcorp.com/,0,1,0.0,7.0
seo developers,https://azwebcorp.com/,0,1,0.0,3.0
seo digital marketing company arizona,https://azwebcorp.com/arizona-seo-services/,0,7,0.0,77.14285714285714
seo expert arizona,https://azwebcorp.com/2025/12/05/phoenix-seo-expert-local-search/,0,4,0.0,28.5
seo expert arizona,https://azwebcorp.com/arizona-seo-services/,0,123,0.0,62.65853658536585
seo expert for lawyers tempe,https://azwebcorp.com/arizona-seo-services/,0,1,0.0,82.0
seo expert in arizona,https://azwebcorp.com/arizona-seo-services/,0,15,0.0,40.8
seo expert phoenix,https://azwebcorp.com/2025/12/05/phoenix-seo-expert-local-search/,0,3,0.0,50.0
seo expert phoenix,https://azwebcorp.com/arizona-seo-services/,0,9,0.0,77.66666666666667
seo experts in sun city,https://azwebcorp.com/arizona-seo-services/,0,1,0.0,33.0
seo experts phoenix,https://azwebcorp.com/arizona-seo-services/,0,5,0.0,79.4
seo experts scottsdale,https://azwebcorp.com/arizona-seo-services/,0,6,0.0,83.0
seo experts sun city az,https://azwebcorp.com/arizona-seo-services/,0,3,0.0,90.33333333333333
seo experts web design arizona,https://azwebcorp.com/arizona-seo-services/,0,12,0.0,38.0
seo firm arizona,https://azwebcorp.com/arizona-seo-services/,0,2,0.0,57.5
seo firm in arizona,https://azwebcorp.com/arizona-seo-services/,0,16,0.0,57.5
seo for attorneys in tempe,https://azwebcorp.com/arizona-seo-services/,0,1,0.0,66.0
seo for cbd tempe,https://azwebcorp.com/arizona-seo-services/,0,1,0.0,60.0
seo for home services arizona,https://azwebcorp.com/2020/07/29/how-much-does-seo-cost-in-arizona/,0,134,0.0,69.61194029850746
seo for home services arizona,https://azwebcorp.com/arizona-seo-services/,0,8,0.0,76.5
seo for law firms in tempe,https://azwebcorp.com/arizona-seo-services/,0,1,0.0,97.0
seo growth arizona,https://azwebcorp.com/arizona-seo-services/,0,171,0.0,37.04093567251462
seo growth cheap organic arizona,https://azwebcorp.com/2020/07/29/how-much-does-seo-cost-in-arizona/,0,224,0.0,35.642857142857146
seo growth cheap organic az,https://azwebcorp.com/2020/07/29/how-much-does-seo-cost-in-arizona/,0,157,0.0,32.171974522293
seo growth cheap organic phoenix arizona,https://azwebcorp.com/2020/07/29/how-much-does-seo-cost-in-arizona/,0,178,0.0,36.20224719101124
seo growth cheap organic phoenix az,https://azwebcorp.com/2020/07/29/how-much-does-seo-cost-in-arizona/,0,5,0.0,79.6
seo growth organic arizona,https://azwebcorp.com/2020/07/29/how-much-does-seo-cost-in-arizona/,0,6,0.0,89.83333333333333
seo growth organic arizona,https://azwebcorp.com/arizona-seo-services/,0,7,0.0,69.57142857142857
seo growth organic az,https://azwebcorp.com/2020/07/29/how-much-does-seo-cost-in-arizona/,0,3,0.0,86.33333333333333
seo growth organic az,https://azwebcorp.com/arizona-seo-services/,0,9,0.0,60.22222222222222
seo growth organic in arizona,https://azwebcorp.com/2020/07/29/how-much-does-seo-cost-in-arizona/,0,2,0.0,94.5
seo growth organic in arizona,https://azwebcorp.com/arizona-seo-services/,0,2,0.0,96.0
seo growth organic in az,https://azwebcorp.com/2020/07/29/how-much-does-seo-cost-in-arizona/,0,1,0.0,77.0
seo growth phoenix arizona,https://azwebcorp.com/2025/12/05/phoenix-seo-expert-local-search/,0,13,0.0,19.923076923076923
seo growth service arizona,https://azwebcorp.com/arizona-seo-services/,0,154,0.0,62.383116883116884
seo growth service az,https://azwebcorp.com/2020/07/29/how-much-does-seo-cost-in-arizona/,0,8,0.0,23.5
seo growth service az,https://azwebcorp.com/arizona-seo-services/,0,184,0.0,42.89673913043478
seo guide arizona,https://azwebcorp.com/arizona-seo-services/,0,10,0.0,85.0
seo in arizona,https://azwebcorp.com/arizona-seo-services/,0,284,0.0,73.19718309859155
seo in arizona,https://azwebcorp.com/seo-company-phoenix-az/,0,2,0.0,88.0
seo in az,https://azwebcorp.com/arizona-seo-services/,0,120,0.0,63.49166666666667
seo in mesa az,https://azwebcorp.com/arizona-seo-services/,0,97,0.0,82.91752577319588
seo in tempe,https://azwebcorp.com/2025/12/05/phoenix-seo-expert-local-search/,0,1,0.0,86.0
seo in tempe,https://azwebcorp.com/arizona-seo-services/,0,74,0.0,74.21621621621621
seo internal links plugin,https://azwebcorp.com/2020/07/29/best-internal-linking-plugins-wordpress/,0,3,0.0,67.33333333333333
"seo internal links wordpress,30.00,low,0,approved",https://azwebcorp.com/2020/07/29/best-internal-linking-plugins-wordpress/,0,161,0.0,40.29192546583851
seo jobs arizona,https://azwebcorp.com/arizona-seo-services/,0,27,0.0,48.96296296296296
"seo link building gilbert, az",https://azwebcorp.com/,0,9,0.0,11.0
seo maricopa az,https://azwebcorp.com/arizona-seo-services/,0,5,0.0,25.0
seo marketing agency arizona,https://azwebcorp.com/arizona-seo-services/,0,27,0.0,68.18518518518519
seo marketing aizona,https://azwebcorp.com/arizona-seo-services/,0,50,0.0,60.28
seo marketing arizona,https://azwebcorp.com/arizona-seo-services/,0,5,0.0,68.2
seo mesa,https://azwebcorp.com/arizona-seo-services/,0,32,0.0,95.46875
seo mesa arizona,https://azwebcorp.com/arizona-seo-services/,0,17,0.0,89.94117647058823
seo mesa az,https://azwebcorp.com/,0,1,0.0,1.0
seo mesa az,https://azwebcorp.com/arizona-seo-services/,0,211,0.0,80.43601895734596
seo mi az,https://azwebcorp.com/arizona-seo-services/,0,1,0.0,94.0
seo news arizona,https://azwebcorp.com/2020/07/29/how-much-does-seo-cost-in-arizona/,0,1,0.0,28.0
seo news arizona,https://azwebcorp.com/2025/12/05/phoenix-seo-expert-local-search/,0,4,0.0,38.5
seo optimization for small business sun city,https://azwebcorp.com/arizona-seo-services/,0,3,0.0,84.0
seo organic growth az,https://azwebcorp.com/arizona-seo-services/,0,9,0.0,56.55555555555556
seo organic growth solution az,https://azwebcorp.com/arizona-seo-services/,0,8,0.0,55.875
seo package arizona,https://azwebcorp.com/2020/07/29/how-much-does-seo-cost-in-arizona/,0,2,0.0,79.0
seo package arizona,https://azwebcorp.com/arizona-seo-services/,0,12,0.0,70.33333333333333
seo package in phoenix arizona,https://azwebcorp.com/arizona-seo-services/,0,2,0.0,52.5
seo packages tempe,https://azwebcorp.com/arizona-seo-services/,0,26,0.0,41.73076923076923
seo peoria az,https://azwebcorp.com/arizona-seo-services/,0,7,0.0,68.0
seo phoenix,https://azwebcorp.com/contact-us/,0,1,0.0,5.0
seo phoenix arizona,https://azwebcorp.com/seo-company-phoenix-az/,0,1,0.0,85.0
seo phoenix az,https://azwebcorp.com/,0,3,0.0,20.333333333333332
seo phoenix az,https://azwebcorp.com/seo-company-phoenix-az/,0,2,0.0,81.5
seo plans az,https://azwebcorp.com/2020/07/29/how-much-does-seo-cost-in-arizona/,0,249,0.0,47.76706827309237
seo plans az,https://azwebcorp.com/arizona-seo-services/,0,155,0.0,49.55483870967742
seo plans az,https://azwebcorp.com/how-much-does-seo-cost-in-arizona/,0,12,0.0,69.25
seo plans in arizona,https://azwebcorp.com/2020/07/29/how-much-does-seo-cost-in-arizona/,0,472,0.0,59.029661016949156
seo plans in arizona,https://azwebcorp.com/arizona-seo-services/,0,211,0.0,55.32701421800948
seo plans in arizona,https://azwebcorp.com/how-much-does-seo-cost-in-arizona/,0,10,0.0,78.1
seo plans in az,https://azwebcorp.com/2020/07/29/how-much-does-seo-cost-in-arizona/,0,245,0.0,48.7265306122449
seo plans in az,https://azwebcorp.com/arizona-seo-services/,0,150,0.0,53.766666666666666
seo plans in az,https://azwebcorp.com/how-much-does-seo-cost-in-arizona/,0,11,0.0,74.54545454545455
seo plans in phoenix arizona,https://azwebcorp.com/2020/07/29/how-much-does-seo-cost-in-arizona/,0,1,0.0,91.0
seo plans in phoenix az,https://azwebcorp.com/2020/07/29/how-much-does-seo-cost-in-arizona/,0,2,0.0,91.0
seo plans phoenix arizona,https://azwebcorp.com/2020/07/29/how-much-does-seo-cost-in-arizona/,0,4,0.0,91.5
seo plans phoenix az,https://azwebcorp.com/2020/07/29/how-much-does-seo-cost-in-arizona/,0,3,0.0,96.33333333333333
seo pricing phoenix az,https://azwebcorp.com/2020/07/29/how-much-does-seo-cost-in-arizona/,0,3,0.0,13.0
seo project arizona,https://azwebcorp.com/2020/07/29/how-much-does-seo-cost-in-arizona/,0,10,0.0,46.2
seo project arizona,https://azwebcorp.com/2025/12/05/phoenix-seo-expert-local-search/,0,27,0.0,15.0
seo project arizona,https://azwebcorp.com/arizona-seo-services/,0,209,0.0,36.16746411483253
seo project in arizona,https://azwebcorp.com/arizona-seo-services/,0,158,0.0,42.31645569620253
seo project in phoenix az,https://azwebcorp.com/2025/12/05/phoenix-seo-expert-local-search/,0,52,0.0,17.73076923076923
seo project in phoenix az,https://azwebcorp.com/seo-company-phoenix-az/,0,2,0.0,71.5
seo project phoenix,https://azwebcorp.com/2025/12/05/phoenix-seo-expert-local-search/,0,27,0.0,13.962962962962964
seo project phoenix arizona,https://azwebcorp.com/2025/12/05/phoenix-seo-expert-local-search/,0,16,0.0,28.4375
seo project phoenix arizona,https://azwebcorp.com/seo-company-phoenix-az/,0,2,0.0,77.0
seo project phoenix az,https://azwebcorp.com/2025/12/05/phoenix-seo-expert-local-search/,0,25,0.0,11.64
seo projects arizona,https://azwebcorp.com/2020/07/29/how-much-does-seo-cost-in-arizona/,0,1,0.0,56.0
seo projects arizona,https://azwebcorp.com/arizona-seo-services/,0,304,0.0,41.0296052631579
seo projects az,https://azwebcorp.com/arizona-seo-services/,0,209,0.0,34.83732057416268
seo projects in arizona,https://azwebcorp.com/arizona-seo-services/,0,232,0.0,45.025862068965516
seo projects in phoenix,https://azwebcorp.com/arizona-seo-services/,0,1,0.0,83.0
seo projects in phoenix arizona,https://azwebcorp.com/2025/12/05/phoenix-seo-expert-local-search/,0,5,0.0,30.4
seo queen creek az,https://azwebcorp.com/arizona-seo-services/,0,12,0.0,74.41666666666667
seo rates,https://azwebcorp.com/2020/07/29/how-much-does-seo-cost-in-arizona/,0,4,0.0,75.5
seo reseller in phoenix,https://azwebcorp.com/arizona-seo-services/,0,2,0.0,108.0
seo scottsdale az,https://azwebcorp.com/arizona-seo-services/,0,1,0.0,99.0
seo service,https://azwebcorp.com/arizona-seo-services/,0,1,0.0,63.0
seo service arizona,https://azwebcorp.com/arizona-seo-services/,0,88,0.0,65.47727272727273
seo service az,https://azwebcorp.com/arizona-seo-services/,0,86,0.0,82.46511627906976
seo service scottsdale,https://azwebcorp.com/arizona-seo-services/,0,3,0.0,61.0
seo services,https://azwebcorp.com/arizona-seo-services/,0,4,0.0,60.75
seo services arizona,https://azwebcorp.com/arizona-seo-services/,0,1780,0.0,79.02752808988764
seo services avondale az,https://azwebcorp.com/arizona-seo-services/,0,6,0.0,63.833333333333336
seo services az,https://azwebcorp.com/arizona-seo-services/,0,161,0.0,83.5776397515528
seo services buckeye az,https://azwebcorp.com/arizona-seo-services/,0,12,0.0,65.75
seo services casa grande az,https://azwebcorp.com/arizona-seo-services/,0,7,0.0,60.57142857142857
seo services chandler,https://azwebcorp.com/arizona-seo-services/,0,34,0.0,85.52941176470588
seo services companies az,https://azwebcorp.com/arizona-seo-services/,0,8,0.0,44.875
seo services company arizona,https://azwebcorp.com/arizona-seo-services/,0,56,0.0,89.19642857142857
seo services cost,https://azwebcorp.com/,0,11,0.0,30.09090909090909
"seo services for law firms in scottsdale, az",https://azwebcorp.com/arizona-seo-services/,0,7,0.0,87.71428571428571
seo services for small businesses,https://azwebcorp.com/arizona-seo-services/,0,6,0.0,84.83333333333333
seo services fountain hills az,https://azwebcorp.com/arizona-seo-services/,0,8,0.0,65.25
seo services globe az,https://azwebcorp.com/arizona-seo-services/,0,5,0.0,86.0
seo services goodyear az,https://azwebcorp.com/arizona-seo-services/,0,4,0.0,60.5
seo services in arizona,https://azwebcorp.com/arizona-seo-services/,0,420,0.0,79.25238095238095
seo services in az,https://azwebcorp.com/arizona-seo-services/,0,83,0.0,76.12048192771084
seo services in mesa,https://azwebcorp.com/arizona-seo-services/,0,8,0.0,64.625
seo services in northern arizona,https://azwebcorp.com/arizona-seo-services/,0,5,0.0,86.6
seo services in phoenix,https://azwebcorp.com/arizona-seo-services/,0,8,0.0,99.625
seo services in phoenix arizona,https://azwebcorp.com/arizona-seo-services/,0,36,0.0,96.27777777777777
seo services in phoenix arizona,https://azwebcorp.com/seo-company-phoenix-az/,0,2,0.0,84.5
seo services in phoenix az,https://azwebcorp.com/arizona-seo-services/,0,40,0.0,92.725
seo services in prescott az,https://azwebcorp.com/arizona-seo-services/,0,4,0.0,84.75
seo services in yuma,https://azwebcorp.com/arizona-seo-services/,0,4,0.0,53.0
seo services maricopa az,https://azwebcorp.com/arizona-seo-services/,0,3,0.0,89.33333333333333
seo services mesa,https://azwebcorp.com/arizona-seo-services/,0,261,0.0,82.04980842911877
seo services mesa az,https://azwebcorp.com/arizona-seo-services/,0,307,0.0,82.90879478827361
seo services mirage az,https://azwebcorp.com/arizona-seo-services/,0,1,0.0,100.0
seo services near me avondale az,https://azwebcorp.com/arizona-seo-services/,0,4,0.0,88.75
seo services near me goodyear az,https://azwebcorp.com/arizona-seo-services/,0,47,0.0,77.74468085106383
seo services near me surprise az,https://azwebcorp.com/arizona-seo-services/,0,9,0.0,82.22222222222223
seo services near sun city az,https://azwebcorp.com/arizona-seo-services/,0,5,0.0,78.6
seo services peoria az,https://azwebcorp.com/arizona-seo-services/,0,4,0.0,58.25
seo services phoenix,https://azwebcorp.com/arizona-seo-services/,0,30,0.0,80.96666666666667
seo services phoenix az,https://azwebcorp.com/arizona-seo-services/,0,146,0.0,94.1027397260274
seo services phoenix​,https://azwebcorp.com/arizona-seo-services/,0,3,0.0,77.66666666666667
seo services phoneix,https://azwebcorp.com/arizona-seo-services/,0,2,0.0,85.5
seo services queen creek az,https://azwebcorp.com/arizona-seo-services/,0,5,0.0,75.4
seo services scottsdale,https://azwebcorp.com/arizona-seo-services/,0,6,0.0,99.5
seo services scottsdale az,https://azwebcorp.com/arizona-seo-services/,0,22,0.0,96.77272727272727
seo services seo company az,https://azwebcorp.com/arizona-seo-services/,0,16,0.0,70.5625
seo services sun city az,https://azwebcorp.com/arizona-seo-services/,0,1,0.0,85.0
seo services suncity az,https://azwebcorp.com/arizona-seo-services/,0,4,0.0,67.5
seo services surprise az,https://azwebcorp.com/arizona-seo-services/,0,5,0.0,69.6
seo services tempe,https://azwebcorp.com/arizona-seo-services/,0,526,0.0,61.667300380228134
seo services tempe az,https://azwebcorp.com/arizona-seo-services/,0,54,0.0,84.33333333333333
seo small business phoenix,https://azwebcorp.com/arizona-seo-services/,0,1,0.0,70.0
seo solutions phoenix,https://azwebcorp.com/arizona-seo-services/,0,7,0.0,71.71428571428571
seo solutions phoenix,https://azwebcorp.com/seo-company-phoenix-az/,0,1,0.0,75.0
seo specialist in arizona,https://azwebcorp.com/arizona-seo-services/,0,15,0.0,52.666666666666664
seo surprise az,https://azwebcorp.com/arizona-seo-services/,0,5,0.0,64.8
seo tempe,https://azwebcorp.com/arizona-seo-services/,0,26,0.0,73.57692307692308
seo tempe arizona,https://azwebcorp.com/arizona-seo-services/,0,60,0.0,73.36666666666666
seo tempe az,https://azwebcorp.com/arizona-seo-services/,0,183,0.0,72.46994535519126
seo tool best internal linking plugin,https://azwebcorp.com/2020/07/29/7-best-internal-linking-plugins-for-wordpress-websites/,0,32,0.0,86.3125
seo tool best internal linking plugin,https://azwebcorp.com/2020/07/29/best-internal-linking-plugins-wordpress/,0,5,0.0,87.6
seo tool internal linking plugin,https://azwebcorp.com/2020/07/29/best-internal-linking-plugins-wordpress/,0,1,0.0,99.0
seo tool wordpress internal linking,https://azwebcorp.com/2020/07/29/best-internal-linking-plugins-wordpress/,0,1,0.0,98.0
seo waddell az,https://azwebcorp.com/arizona-seo-services/,0,1,0.0,96.0
seo web design company,https://azwebcorp.com/,0,3,0.0,1.0
seo web designs,https://azwebcorp.com/,0,20,0.0,1.8
seo web development,https://azwebcorp.com/,0,1,0.0,19.0
seo website hosting,https://azwebcorp.com/,0,1,0.0,60.0
seo window rock arizona,https://azwebcorp.com/arizona-seo-services/,0,4,0.0,12.25
seoarizona,https://azwebcorp.com/2020/07/29/how-much-does-seo-cost-in-arizona/,0,3,0.0,96.33333333333333
seoarizona,https://azwebcorp.com/arizona-seo-services/,0,71,0.0,79.40845070422536
shopify website designer near me,https://azwebcorp.com/,0,1,0.0,1.0
small business custom website development arizona,https://azwebcorp.com/,0,55,0.0,56.127272727272725
small business custom website development arizona,https://azwebcorp.com/arizona-web-development/,0,11,0.0,70.72727272727273
small business seo arizona,https://azwebcorp.com/arizona-seo-services/,0,9,0.0,24.444444444444443
small business web design az,https://azwebcorp.com/,0,3,0.0,74.33333333333333
small business website design sun city az,https://azwebcorp.com/,0,4,0.0,87.0
social media agency arizona,https://azwebcorp.com/arizona-digital-marketing/,0,28,0.0,95.64285714285714
social media marketing agency arizona,https://azwebcorp.com/arizona-digital-marketing/,0,1,0.0,88.0
software best internal linking plugin,https://azwebcorp.com/2020/07/29/7-best-internal-linking-plugins-for-wordpress-websites/,0,29,0.0,78.55172413793103
software developer,https://azwebcorp.com/,0,4,0.0,6.0
software developer agency,https://azwebcorp.com/,0,1,0.0,4.0
software developer near me,https://azwebcorp.com/,0,1,0.0,1.0
software developers,https://azwebcorp.com/,0,4,0.0,3.75
software development,https://azwebcorp.com/,0,19,0.0,7.421052631578948
software development company arizona,https://azwebcorp.com/,0,1,0.0,81.0
software development scottsdale az,https://azwebcorp.com/frontend-development/,0,1,0.0,76.0
software development snopsourceferszd,https://azwebcorp.com/,0,1,0.0,11.0
software internal linking plugin,https://azwebcorp.com/2020/07/29/7-best-internal-linking-plugins-for-wordpress-websites/,0,3,0.0,85.66666666666667
software internal linking plugin,https://azwebcorp.com/2020/07/29/best-internal-linking-plugins-wordpress/,0,2,0.0,93.0
software wordpress internal linking,https://azwebcorp.com/2020/07/29/7-best-internal-linking-plugins-for-wordpress-websites/,0,7,0.0,95.42857142857143
software wordpress internal linking,https://azwebcorp.com/2020/07/29/best-internal-linking-plugins-wordpress/,0,2,0.0,93.5
specialized wordpress development services phoenix,https://azwebcorp.com/,0,19,0.0,61.63157894736842
specialized wordpress development services phoenix,https://azwebcorp.com/arizona-web-development/,0,25,0.0,38.8
successful organic seo growth arizona,https://azwebcorp.com/2020/07/29/how-much-does-seo-cost-in-arizona/,0,2,0.0,79.0
sun city web developers,https://azwebcorp.com/,0,1,0.0,94.0
tailored seo solutions for small businesses arizona,https://azwebcorp.com/arizona-seo-services/,0,9,0.0,92.66666666666667
takipcigir 50k free,https://azwebcorp.com/2020/07/29/free-instagram-followers-hack/,0,1,0.0,26.0
tempe arizona seo,https://azwebcorp.com/arizona-seo-services/,0,51,0.0,72.62745098039215
tempe az seo agency,https://azwebcorp.com/arizona-seo-services/,0,46,0.0,72.1086956521739
tempe az web design,https://azwebcorp.com/,0,2,0.0,83.0
tempe seo,https://azwebcorp.com/arizona-seo-services/,0,43,0.0,85.51162790697674
tempe seo agency,https://azwebcorp.com/arizona-seo-services/,0,8,0.0,78.875
tempe seo company,https://azwebcorp.com/arizona-seo-services/,0,37,0.0,78.56756756756756
tempe seo expert,https://azwebcorp.com/arizona-seo-services/,0,37,0.0,53.891891891891895
tempe seo ranker company,https://azwebcorp.com/arizona-seo-services/,0,18,0.0,76.11111111111111
tempe seo services,https://azwebcorp.com/arizona-seo-services/,0,258,0.0,53.298449612403104
there has been a critical error on this website wordpress,https://azwebcorp.com/wordpress-critical-error-on-the-website/,0,11,0.0,85.36363636363636
there has been a critical error on this website. learn more about troubleshooting wordpress,https://azwebcorp.com/wordpress-critical-error-on-the-website/,0,6,0.0,79.33333333333333
there has been a critical error on this website. learn more about troubleshooting wordpress.,https://azwebcorp.com/wordpress-critical-error-on-the-website/,0,7,0.0,83.71428571428571
there has been a critical error on this website. please check your site admin email inbox for instructions. learn more about troubleshooting wordpress.,https://azwebcorp.com/wordpress-critical-error-on-the-website/,0,5,0.0,92.0
there has been a critical error on this website. woocommerce,https://azwebcorp.com/what-is-critical-error-on-wordpress/,0,4,0.0,78.5
there has been a critical error on this website. wordpress,https://azwebcorp.com/wordpress-critical-error-on-the-website/,0,72,0.0,70.72222222222223
there has been a critical error on this website.learn more about troubleshooting wordpress.,https://azwebcorp.com/wordpress-critical-error-on-the-website/,0,7,0.0,82.85714285714286
there has been a critical error on your website. learn more about debugging in wordpress.,https://azwebcorp.com/wordpress-critical-error-on-the-website/,0,3,0.0,94.66666666666667
there is a critical error in your website wordpress,https://azwebcorp.com/what-is-critical-error-on-wordpress/,0,2,0.0,97.5
there is a critical error in your website wordpress,https://azwebcorp.com/wordpress-critical-error-on-the-website/,0,19,0.0,73.21052631578948
tool best internal linking plugin,https://azwebcorp.com/2020/07/29/7-best-internal-linking-plugins-for-wordpress-websites/,0,14,0.0,84.78571428571429
tool best internal linking plugin,https://azwebcorp.com/2020/07/29/best-internal-linking-plugins-wordpress/,0,1,0.0,65.0
tool internal linking plugin,https://azwebcorp.com/2020/07/29/7-best-internal-linking-plugins-for-wordpress-websites/,0,11,0.0,92.45454545454545
tool internal linking plugin,https://azwebcorp.com/2020/07/29/best-internal-linking-plugins-wordpress/,0,1,0.0,96.0
tool wordpress internal linking,https://azwebcorp.com/2020/07/29/7-best-internal-linking-plugins-for-wordpress-websites/,0,1,0.0,93.0
tool wordpress internal linking,https://azwebcorp.com/2020/07/29/best-internal-linking-plugins-wordpress/,0,1,0.0,88.0
top app development companies in arizona,https://azwebcorp.com/mobile-app-development-services-arizona/,0,48,0.0,73.77083333333333
top arizona seo agencies,https://azwebcorp.com/arizona-seo-services/,0,29,0.0,76.24137931034483
top arizona seo agency,https://azwebcorp.com/arizona-seo-services/,0,28,0.0,66.42857142857143
top marketing automation platforms arizona,https://azwebcorp.com/workflow-automation/,0,2,0.0,71.0
top phoenix web development agencies,https://azwebcorp.com/,0,147,0.0,79.54421768707483
top ranking mesa seo consulting company,https://azwebcorp.com/arizona-seo-services/,0,50,0.0,93.36
top ranking seo marketing agency in mesa,https://azwebcorp.com/arizona-seo-services/,0,16,0.0,97.5625
top ranking seo marketing company in mesa,https://azwebcorp.com/arizona-seo-services/,0,24,0.0,99.29166666666667
top ranking seo marketing firm in mesa,https://azwebcorp.com/arizona-seo-services/,0,9,0.0,97.66666666666667
top rated search optimization services company in mesa,https://azwebcorp.com/arizona-seo-services/,0,44,0.0,94.70454545454545
top rated web developer,https://azwebcorp.com/,0,1,0.0,3.0
top search engine optimization companies tempe,https://azwebcorp.com/arizona-seo-services/,0,20,0.0,64.7
top search engine optimization services in chandler az,https://azwebcorp.com/arizona-seo-services/,0,28,0.0,91.89285714285714
top seo companies in arizona,https://azwebcorp.com/arizona-seo-services/,0,74,0.0,84.63513513513513
top seo company arizona,https://azwebcorp.com/arizona-seo-services/,0,1,0.0,65.0
top seo firm scottsdale,https://azwebcorp.com/arizona-seo-services/,0,11,0.0,93.18181818181819
top seo services agency in arizona,https://azwebcorp.com/arizona-seo-services/,0,17,0.0,81.70588235294117
top seo services in arizona,https://azwebcorp.com/arizona-seo-services/,0,7,0.0,83.0
top seo services in phoenix,https://azwebcorp.com/arizona-seo-services/,0,4,0.0,99.25
top web app development company in arizona,https://azwebcorp.com/,0,88,0.0,62.44318181818182
top web app development company in arizona,https://azwebcorp.com/frontend-development/,0,2,0.0,73.0
top web app development company in arizona,https://azwebcorp.com/mobile-app-development-services-arizona/,0,16,0.0,84.1875
top web application development companies,https://azwebcorp.com/,0,2,0.0,11.5
top web development agencies,https://azwebcorp.com/,0,1,0.0,1.0
trade website development company associative,https://azwebcorp.com/,0,1,0.0,13.0
training best internal linking plugin,https://azwebcorp.com/2020/07/29/7-best-internal-linking-plugins-for-wordpress-websites/,0,14,0.0,85.64285714285714
training best internal linking plugin,https://azwebcorp.com/2020/07/29/best-internal-linking-plugins-wordpress/,0,7,0.0,88.28571428571429
training internal linking plugin,https://azwebcorp.com/2020/07/29/7-best-internal-linking-plugins-for-wordpress-websites/,0,2,0.0,93.0
trusted small business seo firms arizona,https://azwebcorp.com/arizona-seo-services/,0,1,0.0,73.0
tutorial best internal linking plugin,https://azwebcorp.com/2020/07/29/7-best-internal-linking-plugins-for-wordpress-websites/,0,6,0.0,94.33333333333333
tutorial best internal linking plugin,https://azwebcorp.com/2020/07/29/best-internal-linking-plugins-wordpress/,0,4,0.0,89.75
web,https://azwebcorp.com/,0,2,0.0,8.5
web agency ain,https://azwebcorp.com/,0,36,0.0,81.13888888888889
web and mobile app development agency,https://azwebcorp.com/mobile-app-development-services-arizona/,0,1,0.0,112.0
web and mobile development services,https://azwebcorp.com/mobile-app-development-services-arizona/,0,2,0.0,94.0
web app developer near me,https://azwebcorp.com/,0,2,0.0,11.0
web app development agencies near me,https://azwebcorp.com/,0,12,0.0,73.83333333333333
web app development company,https://azwebcorp.com/,0,1,0.0,6.0
web app development company associative,https://azwebcorp.com/,0,2,0.0,37.5
web app development near me,https://azwebcorp.com/,0,23,0.0,76.73913043478261
web app development scottsdale,https://azwebcorp.com/,0,13,0.0,62.30769230769231
web app development scottsdale,https://azwebcorp.com/frontend-development/,0,9,0.0,41.44444444444444
web app development scottsdale,https://azwebcorp.com/mobile-app-development-services-arizona/,0,13,0.0,53.15384615384615
web application companies,https://azwebcorp.com/,0,1,0.0,1.0
web application company,https://azwebcorp.com/,0,4,0.0,1.0
web application development agency,https://azwebcorp.com/,0,1,0.0,1.0
web application development company,https://azwebcorp.com/,0,2,0.0,3.5
web application development scottsdale,https://azwebcorp.com/,0,6,0.0,62.166666666666664
web application development scottsdale,https://azwebcorp.com/frontend-development/,0,7,0.0,41.57142857142857
web application development scottsdale,https://azwebcorp.com/mobile-app-development-services-arizona/,0,1,0.0,99.0
web application development service near me,https://azwebcorp.com/,0,1,0.0,82.0
web apps development company,https://azwebcorp.com/,0,1,0.0,6.0
web az,https://azwebcorp.com/,0,8,0.0,23.0
web az,https://azwebcorp.com/about-azwebcorp/,0,5,0.0,66.6
web az,https://azwebcorp.com/contact-us/,0,3,0.0,64.66666666666666
web az,https://azwebcorp.com/hire-our-services/,0,4,0.0,65.0
web az,https://azwebcorp.com/privacy-policy/,0,3,0.0,70.66666666666667
web company near me,https://azwebcorp.com/,0,1,0.0,14.0
web compnay phoenix,https://azwebcorp.com/,0,4,0.0,85.75
web consulting phoenix arizona,https://azwebcorp.com/,0,12,0.0,73.0
web corp,https://azwebcorp.com/,0,1,0.0,6.0
web design & development services,https://azwebcorp.com/,0,1,0.0,73.0
web design & seo service,https://azwebcorp.com/,0,1,0.0,22.0
web design agency arizona,https://azwebcorp.com/,0,38,0.0,60.44736842105263
"web design agency in peoria, az",https://azwebcorp.com/,0,5,0.0,95.8
web design agency mesa arizona,https://azwebcorp.com/,0,7,0.0,63.714285714285715
web design agency peoria az,https://azwebcorp.com/,0,4,0.0,92.5
web design and development agency,https://azwebcorp.com/,0,1,0.0,77.0
web design and development company associative,https://azwebcorp.com/,0,1,0.0,27.0
web design and development in gilbert town,https://azwebcorp.com/,0,26,0.0,66.34615384615384
web design and development near me,https://azwebcorp.com/,0,19,0.0,26.94736842105263
web design and development phoenix,https://azwebcorp.com/,0,9,0.0,86.77777777777777
web design and development services in gilbert town,https://azwebcorp.com/,0,26,0.0,57.15384615384615
web design and development services near me,https://azwebcorp.com/,0,4,0.0,15.0
web design and development sun city,https://azwebcorp.com/,0,1,0.0,86.0
web design and digital marketing,https://azwebcorp.com/,0,1,0.0,2.0
web design and seo company,https://azwebcorp.com/,0,1,0.0,1.0
web design arizona,https://azwebcorp.com/arizona-web-development/,0,2,0.0,72.0
web design arizona,https://azwebcorp.com/frontend-development/,0,1,0.0,84.0
web design arizona,https://azwebcorp.com/our-featured-projects/,0,6,0.0,75.5
web design arizona az,https://azwebcorp.com/,0,3,0.0,92.33333333333333
web design arizona sun city,https://azwebcorp.com/,0,1,0.0,94.0
web design az,https://azwebcorp.com/,0,593,0.0,66.40134907251264
web design companies in arizona,https://azwebcorp.com/,0,53,0.0,71.20754716981132
web design companies in mesa,https://azwebcorp.com/,0,2,0.0,98.0
web design companies near me,https://azwebcorp.com/,0,1,0.0,88.0
web design company,https://azwebcorp.com/,0,1,0.0,9.0
web design company arizona,https://azwebcorp.com/,0,449,0.0,55.4543429844098
web design company arizona,https://azwebcorp.com/about-azwebcorp/,0,3,0.0,10.0
web design company arizona,https://azwebcorp.com/arizona-web-development/,0,3,0.0,10.0
web design company arizona,https://azwebcorp.com/tech/,0,3,0.0,10.0
web design company arizona,https://azwebcorp.com/what-is-critical-error-on-wordpress/,0,3,0.0,10.0
web design company az,https://azwebcorp.com/,0,11,0.0,56.09090909090909
web design company in arizona,https://azwebcorp.com/,0,57,0.0,68.08771929824562
web design company maricopa county,https://azwebcorp.com/,0,5,0.0,77.6
web design company mesa,https://azwebcorp.com/,0,10,0.0,96.6
web design company mesa az,https://azwebcorp.com/,0,66,0.0,77.68181818181819
web design company near me,https://azwebcorp.com/,0,5,0.0,32.6
web design company near sun city az,https://azwebcorp.com/,0,2,0.0,98.5
web design gilbert az,https://azwebcorp.com/about-azwebcorp/,0,38,0.0,10.394736842105264
web design gilbert az,https://azwebcorp.com/arizona-web-development/,0,36,0.0,10.38888888888889
web design gilbert az,https://azwebcorp.com/contact-us/,0,10,0.0,9.0
web design gilbert az,https://azwebcorp.com/hire-our-services/,0,8,0.0,9.75
web design gilbert az,https://azwebcorp.com/marketing-automation2/,0,1,0.0,11.0
web design gilbert az,https://azwebcorp.com/mobile-app-development-services-arizona/,0,2,0.0,10.5
web design gilbert az,https://azwebcorp.com/tech/,0,38,0.0,10.394736842105264
web design gilbert az,https://azwebcorp.com/what-is-critical-error-on-wordpress/,0,38,0.0,10.394736842105264
web design gilbert az,https://azwebcorp.com/workflow-automation/,0,8,0.0,9.75
web design in arizona,https://azwebcorp.com/,0,290,0.0,54.63793103448276
web design in casa grande arizona,https://azwebcorp.com/,0,2,0.0,87.5
web design in dewey-humboldt az,https://azwebcorp.com/,0,1,0.0,69.0
web design in phoenix arizona,https://azwebcorp.com/,0,1,0.0,32.0
web design in safford arizona,https://azwebcorp.com/,0,1,0.0,93.0
web design mesa,https://azwebcorp.com/,0,3,0.0,67.66666666666667
web design mesa arizona,https://azwebcorp.com/,0,24,0.0,93.95833333333333
web design mesa az,https://azwebcorp.com/,0,112,0.0,76.15178571428571
web design services arizona,https://azwebcorp.com/,0,54,0.0,64.24074074074073
web design services gilbert az,https://azwebcorp.com/,0,104,0.0,33.0
web design services gilbert az,https://azwebcorp.com/about-azwebcorp/,0,6,0.0,10.833333333333334
web design services gilbert az,https://azwebcorp.com/mobile-app-development-services-arizona/,0,6,0.0,10.833333333333334
web design services gilbert az,https://azwebcorp.com/tech/,0,6,0.0,10.833333333333334
web design services gilbert az,https://azwebcorp.com/what-is-critical-error-on-wordpress/,0,6,0.0,10.833333333333334
web design services in gilbert az,https://azwebcorp.com/,0,3,0.0,90.66666666666667
web design services mesa,https://azwebcorp.com/,0,31,0.0,87.2258064516129
web design services mesa az,https://azwebcorp.com/,0,31,0.0,87.6774193548387
web design services near me,https://azwebcorp.com/,0,19,0.0,23.736842105263158
web design services sun city az,https://azwebcorp.com/,0,6,0.0,91.83333333333333
web design tempe,https://azwebcorp.com/,0,1,0.0,75.0
web design tempe arizona,https://azwebcorp.com/,0,15,0.0,79.53333333333333
web design tempe az,https://azwebcorp.com/,0,53,0.0,76.64150943396227
web design willowbrook,https://azwebcorp.com/,0,1,0.0,85.0
web design/development,https://azwebcorp.com/,0,1,0.0,2.0
web designer,https://azwebcorp.com/contact-us/,0,1,0.0,6.0
web designer arizona,https://azwebcorp.com/about-azwebcorp/,0,1,0.0,11.0
web designer arizona,https://azwebcorp.com/arizona-web-development/,0,1,0.0,11.0
web designer arizona,https://azwebcorp.com/tech/,0,1,0.0,11.0
web designer arizona,https://azwebcorp.com/what-is-critical-error-on-wordpress/,0,1,0.0,11.0
web designer az,https://azwebcorp.com/,0,19,0.0,67.6842105263158
web designer cave creek,https://azwebcorp.com/,0,17,0.0,73.82352941176471
web designer company near me,https://azwebcorp.com/,0,10,0.0,61.1
web designer in arizona,https://azwebcorp.com/,0,465,0.0,53.59139784946237
web designer in gilbert,https://azwebcorp.com/,0,89,0.0,68.51685393258427
web designer in gilbert az,https://azwebcorp.com/,0,84,0.0,40.51190476190476
"web designer in phoenix, maricopa county",https://azwebcorp.com/,0,1,0.0,100.0
web designer mesa az,https://azwebcorp.com/,0,43,0.0,78.72093023255815
web designer near me,https://azwebcorp.com/,0,35,0.0,29.62857142857143
web designer nearby,https://azwebcorp.com/,0,55,0.0,37.27272727272727
web designer services,https://azwebcorp.com/,0,2,0.0,1.0
web designer tempe arizona,https://azwebcorp.com/,0,11,0.0,82.18181818181819
web designer tempe az,https://azwebcorp.com/,0,10,0.0,83.6
web designers,https://azwebcorp.com/,0,20,0.0,9.1
web designers arizona az,https://azwebcorp.com/,0,49,0.0,87.0204081632653
web designers in arizona,https://azwebcorp.com/,0,480,0.0,42.48125
web designers in arizona,https://azwebcorp.com/about-azwebcorp/,0,4,0.0,11.0
web designers in arizona,https://azwebcorp.com/arizona-web-development/,0,4,0.0,11.0
web designers in arizona,https://azwebcorp.com/contact-us/,0,2,0.0,11.5
web designers in arizona,https://azwebcorp.com/hire-our-services/,0,2,0.0,11.5
web designers in arizona,https://azwebcorp.com/tech/,0,4,0.0,11.0
web designers in arizona,https://azwebcorp.com/what-is-critical-error-on-wordpress/,0,4,0.0,11.0
web designers in arizona,https://azwebcorp.com/workflow-automation/,0,2,0.0,11.5
web designers in phoenix az,https://azwebcorp.com/,0,2,0.0,72.5
"web designers in sedona, az",https://azwebcorp.com/,0,1,0.0,100.0
web designers mesa,https://azwebcorp.com/,0,1,0.0,84.0
web designers mesa az,https://azwebcorp.com/,0,5,0.0,92.0
web designers near me,https://azwebcorp.com/contact-us/,0,1,0.0,1.0
web designing seo,https://azwebcorp.com/,0,1,0.0,2.0
web dev company,https://azwebcorp.com/,0,11,0.0,31.545454545454547
web dev company near me,https://azwebcorp.com/,0,1,0.0,100.0
web dev firm,https://azwebcorp.com/,0,2,0.0,15.0
web dev near me,https://azwebcorp.com/,0,2,0.0,1.0
web deve,https://azwebcorp.com/,0,3,0.0,6.333333333333333
web devel,https://azwebcorp.com/,0,2,0.0,9.0
web develepor,https://azwebcorp.com/,0,1,0.0,8.0
web develope,https://azwebcorp.com/,0,1,0.0,12.0
web developemnt company,https://azwebcorp.com/,0,1,0.0,46.0
web developer agencies,https://azwebcorp.com/,0,1,0.0,1.0
web developer agency,https://azwebcorp.com/,0,1,0.0,1.0
web developer agency near me,https://azwebcorp.com/,0,1,0.0,9.0
web developer and seo,https://azwebcorp.com/,0,1,0.0,2.0
web developer arizona,https://azwebcorp.com/about-azwebcorp/,0,143,0.0,6.6573426573426575
web developer arizona,https://azwebcorp.com/arizona-backend-development/,0,28,0.0,84.89285714285714
web developer arizona,https://azwebcorp.com/arizona-web-development/,0,222,0.0,44.27477477477478
web developer arizona,https://azwebcorp.com/contact-us/,0,33,0.0,6.575757575757576
web developer arizona,https://azwebcorp.com/frontend-development/,0,51,0.0,78.92156862745098
web developer arizona,https://azwebcorp.com/hire-our-services/,0,46,0.0,5.630434782608695
web developer arizona,https://azwebcorp.com/marketing-automation2/,0,8,0.0,8.25
web developer arizona,https://azwebcorp.com/mobile-app-development-services-arizona/,0,56,0.0,19.482142857142858
web developer arizona,https://azwebcorp.com/news-and-insights/,0,4,0.0,9.0
web developer arizona,https://azwebcorp.com/tech-industry-blog/,0,38,0.0,6.842105263157895
web developer arizona,https://azwebcorp.com/tech-industry-blogs/,0,1,0.0,6.0
web developer arizona,https://azwebcorp.com/tech/,0,79,0.0,6.860759493670886
web developer arizona,https://azwebcorp.com/what-is-critical-error-on-wordpress/,0,122,0.0,6.918032786885246
web developer arizona,https://azwebcorp.com/workflow-automation/,0,25,0.0,6.04
web developer around me,https://azwebcorp.com/,0,1,0.0,7.0
web developer association,https://azwebcorp.com/,0,1,0.0,67.0
web developer companies,https://azwebcorp.com/,0,1,0.0,45.0
web developer company,https://azwebcorp.com/,0,4,0.0,55.25
web developer in phoenix,https://azwebcorp.com/,0,17,0.0,54.94117647058823
web developer near me,https://azwebcorp.com/,0,38,0.0,46.36842105263158
web developer phoenix,https://azwebcorp.com/,0,590,0.0,72.4728813559322
web developer phoenix,https://azwebcorp.com/frontend-development/,0,37,0.0,82.78378378378379
web developer phoenix az,https://azwebcorp.com/about-azwebcorp/,0,3,0.0,11.666666666666666
web developer phoenix az,https://azwebcorp.com/arizona-web-development/,0,3,0.0,11.666666666666666
web developer phoenix az,https://azwebcorp.com/frontend-development/,0,25,0.0,82.0
web developer phoenix az,https://azwebcorp.com/tech/,0,3,0.0,11.666666666666666
web developer phoenix az,https://azwebcorp.com/what-is-critical-error-on-wordpress/,0,3,0.0,11.666666666666666
web developer scottsdale,https://azwebcorp.com/,0,3,0.0,69.33333333333333
web developer scottsdale,https://azwebcorp.com/frontend-development/,0,3,0.0,50.0
web developer services,https://azwebcorp.com/,0,1,0.0,1.0
web developer springfield,https://azwebcorp.com/,0,12,0.0,80.08333333333333
web developers,https://azwebcorp.com/,0,116,0.0,3.456896551724138
web developers arizona,https://azwebcorp.com/,0,318,0.0,14.30817610062893
web developers arizona,https://azwebcorp.com/about-azwebcorp/,0,79,0.0,8.544303797468356
web developers arizona,https://azwebcorp.com/arizona-web-development/,0,70,0.0,19.085714285714285
web developers arizona,https://azwebcorp.com/contact-us/,0,61,0.0,8.62295081967213
web developers arizona,https://azwebcorp.com/frontend-development/,0,1,0.0,81.0
web developers arizona,https://azwebcorp.com/hire-our-services/,0,46,0.0,8.673913043478262
web developers arizona,https://azwebcorp.com/marketing-automation2/,0,19,0.0,8.157894736842106
web developers arizona,https://azwebcorp.com/mobile-app-development-services-arizona/,0,23,0.0,8.26086956521739
web developers arizona,https://azwebcorp.com/tech-industry-blog/,0,8,0.0,8.5
web developers arizona,https://azwebcorp.com/tech/,0,67,0.0,8.64179104477612
web developers arizona,https://azwebcorp.com/what-is-critical-error-on-wordpress/,0,75,0.0,8.626666666666667
web developers arizona,https://azwebcorp.com/workflow-automation/,0,42,0.0,8.833333333333332
web developers in gilbert arizona,https://azwebcorp.com/,0,15,0.0,1.0
web developers in phoenix az,https://azwebcorp.com/,0,788,0.0,34.83629441624365
web developers in phoenix az,https://azwebcorp.com/about-azwebcorp/,0,4,0.0,10.5
web developers in phoenix az,https://azwebcorp.com/arizona-web-development/,0,6,0.0,35.833333333333336
web developers in phoenix az,https://azwebcorp.com/tech/,0,4,0.0,10.5
web developers in phoenix az,https://azwebcorp.com/what-is-critical-error-on-wordpress/,0,4,0.0,10.5
web developers near me,https://azwebcorp.com/,0,2,0.0,17.0
web developers phoenix,https://azwebcorp.com/,0,33,0.0,66.48484848484848
web developers phoenix az,https://azwebcorp.com/,0,176,0.0,51.36363636363637
web developers resources,https://azwebcorp.com/,0,2,0.0,11.5
web developers sedona,https://azwebcorp.com/,0,41,0.0,49.048780487804876
web developers sedona,https://azwebcorp.com/arizona-web-development/,0,2,0.0,65.0
web development,https://azwebcorp.com/,0,1478,0.0,4.922192151556157
web development agencies,https://azwebcorp.com/,0,2,0.0,2.0
web development agencies in phoenix,https://azwebcorp.com/,0,21,0.0,77.57142857142857
web development agencies near me,https://azwebcorp.com/,0,2,0.0,10.0
web development agency,https://azwebcorp.com/,0,11,0.0,42.18181818181818
web development agency ada,https://azwebcorp.com/,0,5,0.0,71.4
web development agency arizona,https://azwebcorp.com/,0,363,0.0,17.31129476584022
web development agency arizona,https://azwebcorp.com/about-azwebcorp/,0,6,0.0,10.5
web development agency arizona,https://azwebcorp.com/arizona-web-development/,0,6,0.0,25.333333333333332
web development agency arizona,https://azwebcorp.com/mobile-app-development-services-arizona/,0,1,0.0,10.0
web development agency arizona,https://azwebcorp.com/tech/,0,6,0.0,10.5
web development agency arizona,https://azwebcorp.com/what-is-critical-error-on-wordpress/,0,6,0.0,10.5
web development agency chandler az,https://azwebcorp.com/,0,30,0.0,80.13333333333334
web development agency gilbert az,https://azwebcorp.com/,0,111,0.0,4.4324324324324325
web development agency gilbert az,https://azwebcorp.com/about-azwebcorp/,0,10,0.0,6.7
web development agency gilbert az,https://azwebcorp.com/arizona-web-development/,0,5,0.0,4.8
web development agency gilbert az,https://azwebcorp.com/contact-us/,0,5,0.0,6.0
web development agency gilbert az,https://azwebcorp.com/hire-our-services/,0,5,0.0,4.8
web development agency gilbert az,https://azwebcorp.com/marketing-automation2/,0,2,0.0,8.5
web development agency gilbert az,https://azwebcorp.com/mobile-app-development-services-arizona/,0,5,0.0,8.6
web development agency gilbert az,https://azwebcorp.com/tech/,0,8,0.0,7.0
web development agency gilbert az,https://azwebcorp.com/what-is-critical-error-on-wordpress/,0,8,0.0,7.0
web development agency gilbert az,https://azwebcorp.com/workflow-automation/,0,3,0.0,4.333333333333334
web development agency in az,https://azwebcorp.com/,0,133,0.0,23.68421052631579
web development agency in az,https://azwebcorp.com/about-azwebcorp/,0,5,0.0,9.6
web development agency in az,https://azwebcorp.com/arizona-web-development/,0,3,0.0,97.0
web development agency in az,https://azwebcorp.com/mobile-app-development-services-arizona/,0,5,0.0,9.6
web development agency in az,https://azwebcorp.com/tech/,0,5,0.0,9.6
web development agency in az,https://azwebcorp.com/what-is-critical-error-on-wordpress/,0,5,0.0,9.6
web development agency mesa az,https://azwebcorp.com/,0,49,0.0,15.040816326530612
web development agency mesa az,https://azwebcorp.com/about-azwebcorp/,0,2,0.0,11.0
web development agency mesa az,https://azwebcorp.com/contact-us/,0,2,0.0,11.0
web development agency mesa az,https://azwebcorp.com/marketing-automation2/,0,2,0.0,11.0
web development agency mesa az,https://azwebcorp.com/mobile-app-development-services-arizona/,0,2,0.0,11.0
web development agency mesa az,https://azwebcorp.com/tech/,0,2,0.0,11.0
web development agency mesa az,https://azwebcorp.com/what-is-critical-error-on-wordpress/,0,2,0.0,11.0
web development agency near me,https://azwebcorp.com/,0,1,0.0,64.0
web development agency peoria az,https://azwebcorp.com/,0,3,0.0,35.333333333333336
web development agency phoenix,https://azwebcorp.com/,0,30,0.0,64.9
web development agency phoenix az,https://azwebcorp.com/,0,9,0.0,32.22222222222222
web development agency scottsdale,https://azwebcorp.com/,0,168,0.0,85.30952380952381
web development agency scottsdale,https://azwebcorp.com/frontend-development/,0,1,0.0,87.0
web development agency scottsdale az,https://azwebcorp.com/,0,6,0.0,73.66666666666667
web development agency surprise az,https://azwebcorp.com/,0,2,0.0,35.0
web development agency tempe az,https://azwebcorp.com/,0,18,0.0,25.0
web development and seo services,https://azwebcorp.com/arizona-seo-services/,0,2,0.0,82.0
web development arizona,https://azwebcorp.com/about-azwebcorp/,0,645,0.0,7.831007751937984
web development arizona,https://azwebcorp.com/arizona-backend-development/,0,12,0.0,89.5
web development arizona,https://azwebcorp.com/arizona-web-development/,0,694,0.0,30.53602305475504
web development arizona,https://azwebcorp.com/contact-us/,0,104,0.0,7.384615384615385
web development arizona,https://azwebcorp.com/frontend-development/,0,83,0.0,70.97590361445783
web development arizona,https://azwebcorp.com/hire-our-services/,0,145,0.0,9.641379310344828
web development arizona,https://azwebcorp.com/marketing-automation2/,0,38,0.0,7.578947368421052
web development arizona,https://azwebcorp.com/mobile-app-development-services-arizona/,0,188,0.0,10.50531914893617
web development arizona,https://azwebcorp.com/tech-industry-blog/,0,108,0.0,9.462962962962964
web development arizona,https://azwebcorp.com/tech/,0,463,0.0,7.5809935205183585
web development arizona,https://azwebcorp.com/what-is-critical-error-on-wordpress/,0,571,0.0,7.936952714535902
web development arizona,https://azwebcorp.com/workflow-automation/,0,66,0.0,7.2727272727272725
web development astoria,https://azwebcorp.com/,0,1,0.0,78.0
web development az,https://azwebcorp.com/,0,84,0.0,10.452380952380953
web development az,https://azwebcorp.com/about-azwebcorp/,0,20,0.0,8.95
web development az,https://azwebcorp.com/arizona-web-development/,0,4,0.0,62.5
web development az,https://azwebcorp.com/frontend-development/,0,3,0.0,77.66666666666667
web development az,https://azwebcorp.com/mobile-app-development-services-arizona/,0,20,0.0,8.95
web development az,https://azwebcorp.com/tech/,0,20,0.0,8.95
web development az,https://azwebcorp.com/what-is-critical-error-on-wordpress/,0,20,0.0,8.95
web development carmel,https://azwebcorp.com/,0,18,0.0,86.16666666666667
web development champaign,https://azwebcorp.com/,0,8,0.0,77.375
web development chandler,https://azwebcorp.com/,0,4,0.0,85.5
web development companies,https://azwebcorp.com/,0,1,0.0,25.0
web development companies az,https://azwebcorp.com/,0,21,0.0,20.047619047619047
web development companies in arizona,https://azwebcorp.com/,0,14,0.0,21.0
web development companies in phoenix,https://azwebcorp.com/,0,70,0.0,74.55714285714286
web development companies near me,https://azwebcorp.com/,0,26,0.0,50.34615384615385
web development companies phoenix az,https://azwebcorp.com/,0,86,0.0,75.56976744186046
web development company,https://azwebcorp.com/,0,118,0.0,13.805084745762711
web development company ada,https://azwebcorp.com/,0,2,0.0,75.0
web development company arizona,https://azwebcorp.com/,0,11,0.0,34.18181818181818
web development company arizona,https://azwebcorp.com/mobile-app-development-services-arizona/,0,1,0.0,88.0
web development company chandler arizona,https://azwebcorp.com/,0,1,0.0,99.0
web development company gilbert az,https://azwebcorp.com/,0,117,0.0,3.9572649572649574
web development company gilbert az,https://azwebcorp.com/about-azwebcorp/,0,23,0.0,4.3478260869565215
web development company gilbert az,https://azwebcorp.com/arizona-web-development/,0,17,0.0,4.1764705882352935
web development company gilbert az,https://azwebcorp.com/contact-us/,0,12,0.0,4.416666666666666
web development company gilbert az,https://azwebcorp.com/hire-our-services/,0,13,0.0,4.384615384615385
web development company gilbert az,https://azwebcorp.com/marketing-automation2/,0,3,0.0,4.0
web development company gilbert az,https://azwebcorp.com/mobile-app-development-services-arizona/,0,6,0.0,4.833333333333334
web development company gilbert az,https://azwebcorp.com/tech/,0,19,0.0,4.421052631578947
web development company gilbert az,https://azwebcorp.com/what-is-critical-error-on-wordpress/,0,19,0.0,4.421052631578947
web development company gilbert az,https://azwebcorp.com/workflow-automation/,0,9,0.0,4.555555555555555
web development company in arizona,https://azwebcorp.com/about-azwebcorp/,0,22,0.0,8.90909090909091
web development company in arizona,https://azwebcorp.com/arizona-web-development/,0,27,0.0,25.074074074074073
web development company in arizona,https://azwebcorp.com/tech-industry-blog/,0,9,0.0,10.0
web development company in arizona,https://azwebcorp.com/tech/,0,13,0.0,8.153846153846153
web development company in arizona,https://azwebcorp.com/web-development/,0,3,0.0,82.66666666666667
web development company in arizona,https://azwebcorp.com/what-is-critical-error-on-wordpress/,0,22,0.0,8.90909090909091
web development company in calabasas,https://azwebcorp.com/,0,15,0.0,88.73333333333333
web development company in malibu,https://azwebcorp.com/,0,23,0.0,81.08695652173913
web development company in northridge,https://azwebcorp.com/,0,16,0.0,85.3125
web development company in pasadena,https://azwebcorp.com/,0,1,0.0,89.0
web development company in united states,https://azwebcorp.com/,0,1,0.0,1.0
web development company in usa,https://azwebcorp.com/,0,1,0.0,1.0
web development company mesa az,https://azwebcorp.com/,0,63,0.0,15.412698412698413
web development company mesa az,https://azwebcorp.com/about-azwebcorp/,0,14,0.0,9.785714285714286
web development company mesa az,https://azwebcorp.com/arizona-web-development/,0,13,0.0,9.76923076923077
web development company mesa az,https://azwebcorp.com/contact-us/,0,6,0.0,9.833333333333334
web development company mesa az,https://azwebcorp.com/hire-our-services/,0,6,0.0,9.833333333333334
web development company mesa az,https://azwebcorp.com/mobile-app-development-services-arizona/,0,1,0.0,10.0
web development company mesa az,https://azwebcorp.com/tech/,0,14,0.0,9.785714285714286
web development company mesa az,https://azwebcorp.com/what-is-critical-error-on-wordpress/,0,14,0.0,9.785714285714286
web development company mesa az,https://azwebcorp.com/workflow-automation/,0,6,0.0,9.833333333333334
web development company near me,https://azwebcorp.com/,0,30,0.0,31.333333333333332
web development company peoria az,https://azwebcorp.com/,0,1,0.0,46.0
web development company phoenix,https://azwebcorp.com/,0,196,0.0,64.63775510204081
web development company phoenix az,https://azwebcorp.com/,0,339,0.0,61.99410029498525
web development company phoenix az,https://azwebcorp.com/about-azwebcorp/,0,1,0.0,11.0
web development company phoenix az,https://azwebcorp.com/arizona-web-development/,0,1,0.0,11.0
web development company phoenix az,https://azwebcorp.com/tech/,0,1,0.0,11.0
web development company phoenix az,https://azwebcorp.com/what-is-critical-error-on-wordpress/,0,1,0.0,11.0
web development company services,https://azwebcorp.com/,0,2,0.0,1.5
web development company surprise az,https://azwebcorp.com/,0,5,0.0,45.4
web development consultation phoenix,https://azwebcorp.com/,0,21,0.0,73.57142857142857
web development consultation phoenix,https://azwebcorp.com/frontend-development/,0,5,0.0,98.4
web development corporation,https://azwebcorp.com/,0,1,0.0,31.0
web development experts,https://azwebcorp.com/,0,1,0.0,2.0
web development firm,https://azwebcorp.com/,0,9,0.0,29.11111111111111
web development flagstaff az,https://azwebcorp.com/,0,10,0.0,66.8
web development flagstaff az,https://azwebcorp.com/frontend-development/,0,1,0.0,80.0
web development for manufacturers,https://azwebcorp.com/,0,1,0.0,12.0
web development gilbert arizona,https://azwebcorp.com/,0,306,0.0,2.049019607843137
web development gilbert arizona,https://azwebcorp.com/about-azwebcorp/,0,30,0.0,3.6333333333333333
web development gilbert arizona,https://azwebcorp.com/arizona-web-development/,0,31,0.0,6.387096774193548
web development gilbert arizona,https://azwebcorp.com/hire-our-services/,0,5,0.0,4.4
web development gilbert arizona,https://azwebcorp.com/news-and-insights/,0,1,0.0,6.0
web development gilbert arizona,https://azwebcorp.com/tech-industry-blog/,0,6,0.0,2.5
web development gilbert arizona,https://azwebcorp.com/tech-industry-blogs/,0,2,0.0,7.0
web development gilbert arizona,https://azwebcorp.com/tech/,0,16,0.0,3.25
web development gilbert arizona,https://azwebcorp.com/what-is-critical-error-on-wordpress/,0,25,0.0,3.48
web development goodyear az,https://azwebcorp.com/,0,4,0.0,62.75
web development in arizona,https://azwebcorp.com/,0,58,0.0,16.67241379310345
web development in arizona,https://azwebcorp.com/about-azwebcorp/,0,10,0.0,9.7
web development in arizona,https://azwebcorp.com/arizona-web-development/,0,20,0.0,46.85
web development in arizona,https://azwebcorp.com/contact-us/,0,1,0.0,12.0
web development in arizona,https://azwebcorp.com/hire-our-services/,0,1,0.0,12.0
web development in arizona,https://azwebcorp.com/news-and-insights/,0,1,0.0,12.0
web development in arizona,https://azwebcorp.com/tech-industry-blog/,0,7,0.0,9.428571428571429
web development in arizona,https://azwebcorp.com/tech/,0,2,0.0,9.5
web development in arizona,https://azwebcorp.com/what-is-critical-error-on-wordpress/,0,10,0.0,9.7
web development in arizona,https://azwebcorp.com/workflow-automation/,0,1,0.0,12.0
web development in new braunfels,https://azwebcorp.com/,0,2,0.0,92.5
web development malibu,https://azwebcorp.com/,0,40,0.0,59.05
web development near me,https://azwebcorp.com/,0,29,0.0,18.448275862068964
web development northern arizona,https://azwebcorp.com/,0,9,0.0,62.666666666666664
web development outsourcing company,https://azwebcorp.com/,0,2,0.0,6.0
web development phoenix,https://azwebcorp.com/,0,1283,0.0,68.0132501948558
web development phoenix,https://azwebcorp.com/frontend-development/,0,179,0.0,85.79329608938548
web development phoenix,https://azwebcorp.com/phoenix-web-development/,0,10,0.0,83.2
web development phoenix arizona,https://azwebcorp.com/about-azwebcorp/,0,4,0.0,8.0
web development phoenix arizona,https://azwebcorp.com/arizona-web-development/,0,4,0.0,8.0
web development phoenix arizona,https://azwebcorp.com/frontend-development/,0,1,0.0,84.0
web development phoenix arizona,https://azwebcorp.com/news-and-insights/,0,1,0.0,3.0
web development phoenix arizona,https://azwebcorp.com/tech/,0,3,0.0,9.666666666666666
web development phoenix arizona,https://azwebcorp.com/what-is-critical-error-on-wordpress/,0,4,0.0,8.0
web development phoenix az,https://azwebcorp.com/,0,444,0.0,38.695945945945944
web development phoenix az,https://azwebcorp.com/about-azwebcorp/,0,2,0.0,10.5
web development phoenix az,https://azwebcorp.com/arizona-web-development/,0,2,0.0,10.5
web development phoenix az,https://azwebcorp.com/frontend-development/,0,7,0.0,83.28571428571429
web development phoenix az,https://azwebcorp.com/tech/,0,2,0.0,10.5
web development phoenix az,https://azwebcorp.com/what-is-critical-error-on-wordpress/,0,2,0.0,10.5
web development phoenix projects,https://azwebcorp.com/,0,78,0.0,77.02564102564102
web development phoenix projects,https://azwebcorp.com/frontend-development/,0,55,0.0,70.4
web development san marcos,https://azwebcorp.com/,0,2,0.0,77.5
web development scottsdale,https://azwebcorp.com/,0,61,0.0,77.98360655737704
web development scottsdale,https://azwebcorp.com/frontend-development/,0,36,0.0,75.61111111111111
web development scottsdale az,https://azwebcorp.com/,0,17,0.0,65.11764705882354
web development scottsdale az,https://azwebcorp.com/frontend-development/,0,3,0.0,63.666666666666664
web development sedona,https://azwebcorp.com/,0,65,0.0,47.33846153846154
web development sedona,https://azwebcorp.com/arizona-backend-development/,0,2,0.0,82.5
web development sedona,https://azwebcorp.com/arizona-web-development/,0,5,0.0,69.8
web development sedona,https://azwebcorp.com/mobile-app-development-services-arizona/,0,1,0.0,88.0
web development service,https://azwebcorp.com/,0,5,0.0,45.4
web development service ada,https://azwebcorp.com/,0,19,0.0,79.47368421052632
web development service company,https://azwebcorp.com/,0,1,0.0,3.0
web development services,https://azwebcorp.com/,0,32,0.0,38.75
web development services,https://azwebcorp.com/contact-us/,0,1,0.0,2.0
web development services company,https://azwebcorp.com/,0,1,0.0,2.0
web development services malibu,https://azwebcorp.com/,0,3,0.0,77.33333333333333
web development services near me,https://azwebcorp.com/,0,2,0.0,66.0
web development services phoenix,https://azwebcorp.com/,0,1,0.0,67.0
web development solutions,https://azwebcorp.com/,0,8,0.0,43.5
web development springfield,https://azwebcorp.com/,0,5,0.0,92.4
web development usa scottsdale az,https://azwebcorp.com/,0,2,0.0,70.0
web development usa scottsdale az,https://azwebcorp.com/frontend-development/,0,2,0.0,51.5
web development ventura,https://azwebcorp.com/,0,1,0.0,69.0
web digital,https://azwebcorp.com/,0,1,0.0,2.0
web hoster,https://azwebcorp.com/,0,1,0.0,13.0
web hosting,https://azwebcorp.com/,0,49,0.0,11.83673469387755
web hosting arizona,https://azwebcorp.com/,0,7,0.0,80.0
web hosting arizona,https://azwebcorp.com/hire-our-services/,0,3,0.0,66.0
web hosting companies in arizona,https://azwebcorp.com/,0,76,0.0,69.61842105263158
web hosting companies in arizona,https://azwebcorp.com/hosting-domains/,0,10,0.0,87.6
web hosting companies in arizona,https://azwebcorp.com/web-hosting-plus/,0,8,0.0,92.875
web hosting company,https://azwebcorp.com/,0,3,0.0,2.0
web hosting package in phoenix az,https://azwebcorp.com/hosting-domains/,0,10,0.0,91.3
web hosting package in phoenix az,https://azwebcorp.com/web-hosting-plus/,0,10,0.0,87.5
web hosting services,https://azwebcorp.com/,0,8,0.0,12.0
web management company,https://azwebcorp.com/,0,1,0.0,1.0
web management services for small businesses,https://azwebcorp.com/,0,2,0.0,12.0
web page design,https://azwebcorp.com/,0,1,0.0,1.0
web page design arizona,https://azwebcorp.com/,0,9,0.0,90.0
web projects az,https://azwebcorp.com/,0,445,0.0,23.757303370786516
web projects az,https://azwebcorp.com/arizona-backend-development/,0,4,0.0,89.0
web projects az,https://azwebcorp.com/arizona-web-development/,0,117,0.0,65.52991452991454
web projects az,https://azwebcorp.com/frontend-development/,0,84,0.0,78.75
web projects az,https://azwebcorp.com/hire-our-services/,0,6,0.0,92.33333333333333
web projects az,https://azwebcorp.com/mobile-app-development-services-arizona/,0,1,0.0,100.0
web projects az,https://azwebcorp.com/our-featured-projects/,0,364,0.0,56.637362637362635
web projects az,https://azwebcorp.com/web-development-services/,0,84,0.0,67.95238095238095
web projects in arizona,https://azwebcorp.com/,0,309,0.0,36.56957928802589
web projects in arizona,https://azwebcorp.com/arizona-backend-development/,0,14,0.0,74.14285714285714
web projects in arizona,https://azwebcorp.com/arizona-web-development/,0,119,0.0,77.76470588235294
web projects in arizona,https://azwebcorp.com/frontend-development/,0,84,0.0,71.55952380952381
web projects in arizona,https://azwebcorp.com/hire-our-services/,0,13,0.0,84.84615384615384
web projects in arizona,https://azwebcorp.com/mobile-app-development-services-arizona/,0,29,0.0,81.96551724137932
web projects in arizona,https://azwebcorp.com/our-featured-projects/,0,253,0.0,45.359683794466406
web projects in arizona,https://azwebcorp.com/web-development-services/,0,8,0.0,86.875
web projects in phoenix,https://azwebcorp.com/,0,133,0.0,58.578947368421055
web projects in phoenix,https://azwebcorp.com/frontend-development/,0,86,0.0,78.80232558139535
web projects in phoenix,https://azwebcorp.com/mobile-app-development-services-arizona/,0,3,0.0,89.66666666666667
web projects in phoenix,https://azwebcorp.com/our-featured-projects/,0,10,0.0,45.9
web projects in phoenix arizona,https://azwebcorp.com/,0,187,0.0,41.401069518716575
web projects in phoenix arizona,https://azwebcorp.com/frontend-development/,0,24,0.0,65.41666666666667
web projects in phoenix arizona,https://azwebcorp.com/our-featured-projects/,0,15,0.0,46.333333333333336
web projects in phoenix az,https://azwebcorp.com/,0,159,0.0,45.9748427672956
web projects in phoenix az,https://azwebcorp.com/arizona-web-development/,0,1,0.0,92.0
web projects in phoenix az,https://azwebcorp.com/frontend-development/,0,39,0.0,78.3076923076923
web projects in phoenix az,https://azwebcorp.com/our-featured-projects/,0,36,0.0,44.55555555555556
web projects phoenix,https://azwebcorp.com/,0,148,0.0,51.810810810810814
web projects phoenix,https://azwebcorp.com/frontend-development/,0,67,0.0,78.82089552238806
web projects phoenix,https://azwebcorp.com/mobile-app-development-services-arizona/,0,1,0.0,86.0
web projects phoenix,https://azwebcorp.com/our-featured-projects/,0,5,0.0,50.8
web projects phoenix,https://azwebcorp.com/phoenix-web-development/,0,1,0.0,78.0
web projects phoenix arizona,https://azwebcorp.com/,0,271,0.0,39.4169741697417
web projects phoenix arizona,https://azwebcorp.com/frontend-development/,0,127,0.0,71.96062992125984
web projects phoenix arizona,https://azwebcorp.com/our-featured-projects/,0,17,0.0,47.529411764705884
web projects phoenix az,https://azwebcorp.com/,0,252,0.0,51.22222222222222
web projects phoenix az,https://azwebcorp.com/frontend-development/,0,144,0.0,75.77083333333333
web projects phoenix az,https://azwebcorp.com/our-featured-projects/,0,7,0.0,46.857142857142854
web projects phoenix az,https://azwebcorp.com/phoenix-web-development/,0,2,0.0,81.5
web projects phoenix az,https://azwebcorp.com/web-development/,0,2,0.0,93.5
web seo company,https://azwebcorp.com/,0,1,0.0,1.0
web seo services,https://azwebcorp.com/,0,1,0.0,2.0
web seo services,https://azwebcorp.com/arizona-seo-services/,0,5,0.0,81.4
web seo solutions,https://azwebcorp.com/,0,8,0.0,84.875
web seo solutions,https://azwebcorp.com/arizona-seo-services/,0,5,0.0,72.4
web site design company in arizona,https://azwebcorp.com/,0,5,0.0,55.4
web site developer,https://azwebcorp.com/,0,1,0.0,1.0
web site developers,https://azwebcorp.com/,0,1,0.0,1.0
web software development company,https://azwebcorp.com/,0,3,0.0,7.666666666666667
web software development services,https://azwebcorp.com/,0,1,0.0,11.0
web store designer,https://azwebcorp.com/,0,1,0.0,16.0
web workflows,https://azwebcorp.com/workflow-automation/,0,1,0.0,47.0
web+and+seo+services,https://azwebcorp.com/arizona-seo-services/,0,1,0.0,47.0
web+design+arizona,https://azwebcorp.com/,0,7,0.0,62.57142857142857
web+design+company+arizona,https://azwebcorp.com/,0,15,0.0,71.0
web+design+in+arizona,https://azwebcorp.com/,0,8,0.0,62.25
web+developer+services,https://azwebcorp.com/,0,1,0.0,25.0
web-hosting,https://azwebcorp.com/,0,1,0.0,12.0
webcorp,https://azwebcorp.com/,0,10,0.0,18.6
webcorp solutions,https://azwebcorp.com/,0,17,0.0,73.47058823529412
webcorp solutions,https://azwebcorp.com/frontend-development/,0,12,0.0,83.75
webcorp.com,https://azwebcorp.com/,0,3,0.0,14.666666666666666
webcorp.com,https://azwebcorp.com/about-azwebcorp/,0,1,0.0,78.0
webcorp.com,https://azwebcorp.com/arizona-web-development/,0,1,0.0,70.0
webdesign,https://azwebcorp.com/,0,1,0.0,3.0
webhost,https://azwebcorp.com/,0,1,0.0,16.0
webhosting,https://azwebcorp.com/,0,5,0.0,12.8
website and application development company,https://azwebcorp.com/,0,1,0.0,17.0
website and seo services,https://azwebcorp.com/,0,3,0.0,41.0
website application development company associative,https://azwebcorp.com/,0,8,0.0,58.75
website builder,https://azwebcorp.com/,0,7,0.0,15.857142857142858
website builder in tempe arizona,https://azwebcorp.com/,0,2,0.0,78.5
website builder near me,https://azwebcorp.com/,0,6,0.0,16.166666666666664
website builders,https://azwebcorp.com/,0,1,0.0,2.0
website builders near me,https://azwebcorp.com/,0,1,0.0,1.0
website company near me,https://azwebcorp.com/,0,1,0.0,11.0
website design,https://azwebcorp.com/,0,8,0.0,22.875
website design agency phoenix,https://azwebcorp.com/,0,2,0.0,37.5
"website design and seo gilbert, az",https://azwebcorp.com/,0,25,0.0,29.08
website design arizona,https://azwebcorp.com/,0,169,0.0,59.84023668639053
website design az,https://azwebcorp.com/,0,34,0.0,72.32352941176471
website design az,https://azwebcorp.com/arizona-web-development/,0,2,0.0,70.5
website design az,https://azwebcorp.com/our-featured-projects/,0,1,0.0,89.0
website design companies in arizona,https://azwebcorp.com/,0,30,0.0,67.43333333333334
website design companies in az,https://azwebcorp.com/,0,1,0.0,77.0
website design company gilbert az,https://azwebcorp.com/,0,4,0.0,36.75
website design company near me,https://azwebcorp.com/,0,25,0.0,1.0
website design company near sun city az,https://azwebcorp.com/,0,3,0.0,97.33333333333333
website design company sun city az,https://azwebcorp.com/,0,5,0.0,92.2
website design company tempe az,https://azwebcorp.com/,0,5,0.0,88.4
website design cost for small business,https://azwebcorp.com/,0,1,0.0,1.0
website design development company,https://azwebcorp.com/,0,3,0.0,45.0
website design for contractor gilbert,https://azwebcorp.com/,0,15,0.0,57.8
website design for small businesses arizona,https://azwebcorp.com/,0,1,0.0,76.0
website design gilbert,https://azwebcorp.com/,0,107,0.0,41.85981308411215
website design gilbert arizona,https://azwebcorp.com/about-azwebcorp/,0,11,0.0,9.818181818181818
website design gilbert arizona,https://azwebcorp.com/mobile-app-development-services-arizona/,0,11,0.0,9.818181818181818
website design gilbert arizona,https://azwebcorp.com/tech/,0,11,0.0,9.818181818181818
website design gilbert arizona,https://azwebcorp.com/what-is-critical-error-on-wordpress/,0,11,0.0,9.818181818181818
website design gilbert az,https://azwebcorp.com/,0,816,0.0,29.63235294117647
website design gilbert az,https://azwebcorp.com/about-azwebcorp/,0,92,0.0,10.554347826086957
website design gilbert az,https://azwebcorp.com/arizona-web-development/,0,22,0.0,9.363636363636363
website design gilbert az,https://azwebcorp.com/contact-us/,0,39,0.0,10.743589743589743
website design gilbert az,https://azwebcorp.com/hire-our-services/,0,11,0.0,9.727272727272727
website design gilbert az,https://azwebcorp.com/marketing-automation2/,0,28,0.0,11.142857142857142
website design gilbert az,https://azwebcorp.com/mobile-app-development-services-arizona/,0,70,0.0,10.928571428571429
website design gilbert az,https://azwebcorp.com/tech/,0,92,0.0,10.554347826086957
website design gilbert az,https://azwebcorp.com/what-is-critical-error-on-wordpress/,0,92,0.0,10.554347826086957
website design gilbert az,https://azwebcorp.com/workflow-automation/,0,11,0.0,9.727272727272727
"website design gilbert, arizona",https://azwebcorp.com/,0,14,0.0,61.714285714285715
website design in arizona,https://azwebcorp.com/,0,220,0.0,72.55454545454545
website design mesa,https://azwebcorp.com/,0,1,0.0,72.0
website design mesa arizona,https://azwebcorp.com/,0,4,0.0,68.0
website design mesa az,https://azwebcorp.com/,0,51,0.0,87.27450980392157
"website design mesa, arizona",https://azwebcorp.com/,0,12,0.0,81.25
website design near me,https://azwebcorp.com/,0,2,0.0,1.0
website design phoenix,https://azwebcorp.com/,0,1,0.0,16.0
website design services sun city az,https://azwebcorp.com/,0,9,0.0,94.0
website design tempe az,https://azwebcorp.com/,0,2,0.0,91.5
website designer,https://azwebcorp.com/,0,15,0.0,5.0
website designer arizona,https://azwebcorp.com/,0,571,0.0,71.55516637478108
website designer arizona,https://azwebcorp.com/about-azwebcorp/,0,1,0.0,10.0
website designer arizona,https://azwebcorp.com/arizona-web-development/,0,1,0.0,10.0
website designer arizona,https://azwebcorp.com/contact-us/,0,1,0.0,10.0
website designer arizona,https://azwebcorp.com/hire-our-services/,0,1,0.0,10.0
website designer arizona,https://azwebcorp.com/tech/,0,1,0.0,10.0
website designer arizona,https://azwebcorp.com/what-is-critical-error-on-wordpress/,0,1,0.0,10.0
website designer arizona,https://azwebcorp.com/workflow-automation/,0,1,0.0,10.0
website designer az,https://azwebcorp.com/,0,37,0.0,55.108108108108105
website designer gilbert,https://azwebcorp.com/,0,20,0.0,75.8
website designer gilbert az,https://azwebcorp.com/,0,17,0.0,25.41176470588235
website designer in near me,https://azwebcorp.com/,0,53,0.0,24.37735849056604
website designer near me,https://azwebcorp.com/,0,30,0.0,27.833333333333332
website designer tempe arizona,https://azwebcorp.com/,0,17,0.0,86.41176470588235
website designer tempe az,https://azwebcorp.com/,0,15,0.0,87.73333333333333
website designers,https://azwebcorp.com/,0,3,0.0,41.0
website designers arizona,https://azwebcorp.com/,0,16,0.0,74.375
website designers az,https://azwebcorp.com/,0,8,0.0,76.25
website designers in ahwatukee,https://azwebcorp.com/,0,12,0.0,83.75
website designers near me,https://azwebcorp.com/,0,2,0.0,3.0
website developer,https://azwebcorp.com/,0,183,0.0,1.9836065573770492
website developer gilbert az,https://azwebcorp.com/,0,231,0.0,8.41125541125541
website developer gilbert az,https://azwebcorp.com/about-azwebcorp/,0,40,0.0,8.425
website developer gilbert az,https://azwebcorp.com/arizona-web-development/,0,39,0.0,8.41025641025641
website developer gilbert az,https://azwebcorp.com/contact-us/,0,15,0.0,8.533333333333333
website developer gilbert az,https://azwebcorp.com/hire-our-services/,0,15,0.0,8.533333333333333
website developer gilbert az,https://azwebcorp.com/mobile-app-development-services-arizona/,0,1,0.0,9.0
website developer gilbert az,https://azwebcorp.com/tech-industry-blog/,0,3,0.0,10.666666666666666
website developer gilbert az,https://azwebcorp.com/tech/,0,37,0.0,8.243243243243242
website developer gilbert az,https://azwebcorp.com/what-is-critical-error-on-wordpress/,0,40,0.0,8.425
website developer gilbert az,https://azwebcorp.com/workflow-automation/,0,15,0.0,8.533333333333333
website developer in india,https://azwebcorp.com/,0,2,0.0,10.0
website developer in phoenix,https://azwebcorp.com/,0,42,0.0,68.23809523809524
website developer near me,https://azwebcorp.com/,0,1,0.0,86.0
website developer phoenix,https://azwebcorp.com/,0,113,0.0,70.60176991150442
website developer scottsdale,https://azwebcorp.com/,0,2,0.0,60.5
website developer scottsdale,https://azwebcorp.com/frontend-development/,0,1,0.0,90.0
website developers,https://azwebcorp.com/,0,101,0.0,1.1485148514851484
website developers near me,https://azwebcorp.com/,0,8,0.0,15.0
website developers phoenix,https://azwebcorp.com/,0,15,0.0,67.06666666666666
website development,https://azwebcorp.com/,0,1,0.0,2.0
website development agencies,https://azwebcorp.com/,0,5,0.0,1.0
website development agency,https://azwebcorp.com/,0,3,0.0,27.666666666666668
website development agency near me,https://azwebcorp.com/,0,1,0.0,20.0
website development agency scottsdale arizona,https://azwebcorp.com/,0,1,0.0,49.0
website development altoona,https://azwebcorp.com/,0,6,0.0,84.0
website development and seo company,https://azwebcorp.com/,0,1,0.0,1.0
website development and seo services,https://azwebcorp.com/,0,11,0.0,41.0
website development and seo services,https://azwebcorp.com/arizona-seo-services/,0,2,0.0,40.5
website development arizona,https://azwebcorp.com/about-azwebcorp/,0,10,0.0,9.9
website development arizona,https://azwebcorp.com/arizona-web-development/,0,16,0.0,44.75
website development arizona,https://azwebcorp.com/contact-us/,0,1,0.0,10.0
website development arizona,https://azwebcorp.com/hire-our-services/,0,1,0.0,10.0
website development arizona,https://azwebcorp.com/mobile-app-development-services-arizona/,0,1,0.0,11.0
website development arizona,https://azwebcorp.com/tech/,0,10,0.0,9.9
website development arizona,https://azwebcorp.com/what-is-critical-error-on-wordpress/,0,10,0.0,9.9
website development arizona,https://azwebcorp.com/workflow-automation/,0,1,0.0,10.0
website development assistance,https://azwebcorp.com/,0,1,0.0,13.0
website development centennial,https://azwebcorp.com/,0,1,0.0,8.0
website development company,https://azwebcorp.com/,0,45,0.0,14.733333333333333
website development company associative,https://azwebcorp.com/,0,1,0.0,10.0
website development company gilbert,https://azwebcorp.com/,0,127,0.0,23.653543307086615
website development company in arizona,https://azwebcorp.com/,0,16,0.0,41.25
website development company in arizona,https://azwebcorp.com/arizona-web-development/,0,1,0.0,100.0
website development company in phoenix,https://azwebcorp.com/,0,11,0.0,72.18181818181819
website development company near me,https://azwebcorp.com/,0,8,0.0,31.5
website development company phoenix,https://azwebcorp.com/,0,2,0.0,51.5
website development firm,https://azwebcorp.com/,0,1,0.0,1.0
website development gilbert az,https://azwebcorp.com/,0,60,0.0,5.4
website development gilbert az,https://azwebcorp.com/about-azwebcorp/,0,15,0.0,9.133333333333333
website development gilbert az,https://azwebcorp.com/arizona-web-development/,0,15,0.0,9.133333333333333
website development gilbert az,https://azwebcorp.com/tech/,0,15,0.0,9.133333333333333
website development gilbert az,https://azwebcorp.com/what-is-critical-error-on-wordpress/,0,15,0.0,9.133333333333333
website development malibu,https://azwebcorp.com/,0,2,0.0,91.5
website development mesa az,https://azwebcorp.com/,0,84,0.0,45.523809523809526
website development outsourcing company,https://azwebcorp.com/,0,1,0.0,95.0
website development peoria az,https://azwebcorp.com/,0,38,0.0,53.44736842105263
website development phoenix,https://azwebcorp.com/,0,1,0.0,63.0
website development phoenix az,https://azwebcorp.com/,0,7,0.0,97.14285714285714
website development scottsdale,https://azwebcorp.com/frontend-development/,0,2,0.0,69.5
website development scottsdale az,https://azwebcorp.com/frontend-development/,0,1,0.0,70.0
website development seo,https://azwebcorp.com/,0,1,0.0,1.0
website development service,https://azwebcorp.com/,0,1,0.0,1.0
website development service chandler arizona,https://azwebcorp.com/,0,9,0.0,83.33333333333333
website development service gilbert az,https://azwebcorp.com/,0,330,0.0,16.60909090909091
website development service gilbert az,https://azwebcorp.com/about-azwebcorp/,0,1,0.0,9.0
website development service gilbert az,https://azwebcorp.com/arizona-web-development/,0,1,0.0,9.0
website development service gilbert az,https://azwebcorp.com/tech/,0,1,0.0,9.0
website development service gilbert az,https://azwebcorp.com/what-is-critical-error-on-wordpress/,0,1,0.0,9.0
website development service providers,https://azwebcorp.com/,0,1,0.0,3.0
website development services,https://azwebcorp.com/,0,53,0.0,5.584905660377358
website development services arizona,https://azwebcorp.com/,0,22,0.0,64.36363636363637
website development services company,https://azwebcorp.com/,0,3,0.0,42.333333333333336
website development services near me,https://azwebcorp.com/,0,14,0.0,21.928571428571427
website development services provider,https://azwebcorp.com/,0,1,0.0,1.0
website development tempe az,https://azwebcorp.com/,0,21,0.0,57.38095238095238
website hosting companies,https://azwebcorp.com/,0,1,0.0,6.0
website hosting phoenix,https://azwebcorp.com/,0,1,0.0,85.0
website maintenance,https://azwebcorp.com/,0,1,0.0,2.0
website maintenance companies near me,https://azwebcorp.com/,0,1,0.0,24.0
website maintenance company,https://azwebcorp.com/,0,3,0.0,1.0
website maker near me,https://azwebcorp.com/,0,1,0.0,1.0
website makers,https://azwebcorp.com/,0,3,0.0,2.0
"website optimization gilbert, az",https://azwebcorp.com/,0,15,0.0,17.666666666666668
website projects phoenix,https://azwebcorp.com/,0,19,0.0,37.21052631578947
website projects phoenix,https://azwebcorp.com/frontend-development/,0,28,0.0,72.78571428571429
website projects phoenix arizona,https://azwebcorp.com/,0,146,0.0,36.21917808219178
website projects phoenix arizona,https://azwebcorp.com/frontend-development/,0,10,0.0,54.8
website projects phoenix arizona,https://azwebcorp.com/our-featured-projects/,0,30,0.0,79.93333333333334
website redesign companies,https://azwebcorp.com/,0,1,0.0,1.0
website service,https://azwebcorp.com/,0,5,0.0,1.0
website services,https://azwebcorp.com/,0,5,0.0,2.0
website studios,https://azwebcorp.com/,0,1,0.0,3.0
website support near me,https://azwebcorp.com/,0,1,0.0,1.0
website+design+arizona,https://azwebcorp.com/,0,3,0.0,66.66666666666667
website+design+az,https://azwebcorp.com/,0,6,0.0,76.16666666666667
website+design+in+arizona,https://azwebcorp.com/,0,8,0.0,56.0
website+development+arizona,https://azwebcorp.com/,0,20,0.0,22.6
website+development+arizona,https://azwebcorp.com/arizona-web-development/,0,2,0.0,61.5
websitedevelopernearme.in,https://azwebcorp.com/,0,1,0.0,91.0
websites development company,https://azwebcorp.com/,0,1,0.0,1.0
websites near me,https://azwebcorp.com/,0,1,0.0,3.0
web制作会社,https://azwebcorp.com/,0,1,0.0,10.0
wep developer,https://azwebcorp.com/,0,3,0.0,5.0
what is a critical error,https://azwebcorp.com/what-is-critical-error-on-wordpress/,0,1,0.0,53.0
what is a critical error on a website,https://azwebcorp.com/what-is-critical-error-on-wordpress/,0,1,0.0,84.0
what is critical error,https://azwebcorp.com/what-is-critical-error-on-wordpress/,0,1,0.0,30.0
where get web,https://azwebcorp.com/,0,1,0.0,13.0
where to hire someone to build a website,https://azwebcorp.com/,0,1,0.0,13.0
which plugin is the easiest to use for automating internal links,https://azwebcorp.com/2020/07/29/best-internal-linking-plugins-wordpress/,0,2,0.0,90.5
white label seo services arizona,https://azwebcorp.com/arizona-seo-services/,0,2,0.0,71.5
white label seo services company phoenix arizona,https://azwebcorp.com/arizona-seo-services/,0,1,0.0,96.0
wordpress arizona,https://azwebcorp.com/,0,13,0.0,40.0
wordpress arizona,https://azwebcorp.com/arizona-web-development/,0,14,0.0,83.78571428571429
wordpress arizona,https://azwebcorp.com/wordpress-tutorials-resolve-at-arizona-azwebcorp/,0,1,0.0,96.0
wordpress auto internal links,https://azwebcorp.com/2020/07/29/best-internal-linking-plugins-wordpress/,0,1,0.0,97.0
"wordpress auto internal links,10.00,high,76,approved",https://azwebcorp.com/2020/07/29/best-internal-linking-plugins-wordpress/,0,193,0.0,78.73575129533678
wordpress automatic internal links plugin,https://azwebcorp.com/2020/07/29/best-internal-linking-plugins-wordpress/,0,78,0.0,59.92307692307692
"wordpress automatic internal links plugin,10.00,medium,50,approved",https://azwebcorp.com/2020/07/29/best-internal-linking-plugins-wordpress/,0,116,0.0,82.64655172413794
wordpress best internal linking plugin,https://azwebcorp.com/2020/07/29/7-best-internal-linking-plugins-for-wordpress-websites/,0,24,0.0,82.20833333333333
wordpress critical error,https://azwebcorp.com/what-is-critical-error-on-wordpress/,0,36,0.0,85.75
wordpress critical error,https://azwebcorp.com/wordpress-critical-error-on-the-website/,0,1114,0.0,75.69120287253142
wordpress critical error help,https://azwebcorp.com/wordpress-critical-error-on-the-website/,0,1,0.0,73.0
wordpress critical error on this website,https://azwebcorp.com/what-is-critical-error-on-wordpress/,0,4,0.0,94.0
wordpress critical error on this website,https://azwebcorp.com/wordpress-critical-error-on-the-website/,0,18,0.0,71.83333333333333
wordpress critical error on website,https://azwebcorp.com/wordpress-critical-error-on-the-website/,0,2,0.0,68.5
wordpress design arizona,https://azwebcorp.com/,0,1,0.0,219.0
wordpress design arizona,https://azwebcorp.com/arizona-web-development/,0,5,0.0,100.8
wordpress design az,https://azwebcorp.com/,0,1,0.0,102.0
wordpress design az,https://azwebcorp.com/arizona-web-development/,0,2,0.0,68.0
wordpress design gilbert,https://azwebcorp.com/,0,4,0.0,70.25
wordpress design services arizona,https://azwebcorp.com/arizona-web-development/,0,9,0.0,78.77777777777777
wordpress designer in phoenix,https://azwebcorp.com/,0,1,0.0,71.0
wordpress designer near me,https://azwebcorp.com/,0,4,0.0,19.25
wordpress designer phoenix,https://azwebcorp.com/arizona-web-development/,0,30,0.0,74.5
wordpress designers near me,https://azwebcorp.com/,0,60,0.0,11.416666666666666
wordpress developer arizona,https://azwebcorp.com/,0,1,0.0,50.0
wordpress developer arizona,https://azwebcorp.com/arizona-web-development/,0,4,0.0,35.5
wordpress developer for restaurants phoenix,https://azwebcorp.com/,0,11,0.0,90.72727272727273
wordpress developer for small business phoenix,https://azwebcorp.com/,0,1,0.0,73.0
wordpress developer for small business phoenix,https://azwebcorp.com/arizona-web-development/,0,10,0.0,44.8
wordpress developer in phoenix arizona,https://azwebcorp.com/,0,42,0.0,72.33333333333333
wordpress developer in phoenix arizona,https://azwebcorp.com/arizona-web-development/,0,174,0.0,44.43103448275862
wordpress developer in phoenix arizona,https://azwebcorp.com/web-development/,0,3,0.0,83.66666666666667
wordpress developer phoenix,https://azwebcorp.com/,0,48,0.0,85.125
wordpress developer phoenix,https://azwebcorp.com/arizona-web-development/,0,147,0.0,59.40816326530612
wordpress developer phoenix arizona,https://azwebcorp.com/,0,66,0.0,79.33333333333333
wordpress developer phoenix arizona,https://azwebcorp.com/arizona-web-development/,0,134,0.0,52.85820895522388
wordpress developer phoenix az,https://azwebcorp.com/,0,11,0.0,74.63636363636364
wordpress developer phoenix az,https://azwebcorp.com/arizona-web-development/,0,5,0.0,46.0
wordpress development company in arizona,https://azwebcorp.com/,0,51,0.0,84.0
wordpress development company in arizona,https://azwebcorp.com/arizona-web-development/,0,238,0.0,45.273109243697476
wordpress development company in arizona,https://azwebcorp.com/web-development/,0,2,0.0,84.5
wordpress development company phoenix,https://azwebcorp.com/,0,1,0.0,59.0
wordpress development company phoenix,https://azwebcorp.com/arizona-web-development/,0,6,0.0,64.33333333333334
wordpress development firm in phoenix,https://azwebcorp.com/,0,1,0.0,81.0
wordpress development firm phoenix,https://azwebcorp.com/arizona-web-development/,0,10,0.0,55.6
wordpress development firm phoenix az,https://azwebcorp.com/,0,18,0.0,56.94444444444444
wordpress development firm phoenix az,https://azwebcorp.com/arizona-web-development/,0,12,0.0,38.916666666666664
wordpress development phoenix,https://azwebcorp.com/,0,4,0.0,86.0
wordpress development phoenix,https://azwebcorp.com/arizona-web-development/,0,14,0.0,74.21428571428571
wordpress development services arizona,https://azwebcorp.com/,0,115,0.0,75.22608695652174
wordpress development services arizona,https://azwebcorp.com/arizona-web-development/,0,246,0.0,48.6260162601626
wordpress development services arizona,https://azwebcorp.com/web-development/,0,2,0.0,79.5
wordpress error there has been a critical error on this website.,https://azwebcorp.com/wordpress-critical-error-on-the-website/,0,22,0.0,78.27272727272727
wordpress expert phoenix,https://azwebcorp.com/arizona-web-development/,0,3,0.0,40.333333333333336
wordpress fatal error,https://azwebcorp.com/what-is-critical-error-on-wordpress/,0,2,0.0,79.0
wordpress find internal links,https://azwebcorp.com/2020/07/29/best-internal-linking-plugins-wordpress/,0,19,0.0,74.84210526315789
"wordpress find internal links,20.00,low,3,approved",https://azwebcorp.com/2020/07/29/best-internal-linking-plugins-wordpress/,0,103,0.0,74.13592233009709
wordpress interlinking plugin,https://azwebcorp.com/2020/07/29/7-best-internal-linking-plugins-for-wordpress-websites/,0,10,0.0,94.0
wordpress interlinking plugin,https://azwebcorp.com/2020/07/29/best-internal-linking-plugins-wordpress/,0,257,0.0,78.10894941634241
"wordpress interlinking plugin,10.00,low,3,approved",https://azwebcorp.com/2020/07/29/best-internal-linking-plugins-wordpress/,0,150,0.0,81.05333333333333
wordpress internal link plugin,https://azwebcorp.com/2020/07/29/best-internal-linking-plugins-wordpress/,0,2,0.0,64.5
wordpress internal link suggestion,https://azwebcorp.com/2020/07/29/7-best-internal-linking-plugins-for-wordpress-websites/,0,1,0.0,93.0
wordpress internal link suggestion,https://azwebcorp.com/2020/07/29/best-internal-linking-plugins-wordpress/,0,179,0.0,80.09497206703911
"wordpress internal link suggestion,20.00,low,0,approved",https://azwebcorp.com/2020/07/29/best-internal-linking-plugins-wordpress/,0,132,0.0,65.78030303030303
wordpress internal link tool,https://azwebcorp.com/2020/07/29/best-internal-linking-plugins-wordpress/,0,23,0.0,67.43478260869566
wordpress internal linking,https://azwebcorp.com/2020/07/29/best-internal-linking-plugins-wordpress/,0,48,0.0,78.91666666666667
wordpress internal linking plugin,https://azwebcorp.com/2020/07/29/7-best-internal-linking-plugins-for-wordpress-websites/,0,303,0.0,74.0957095709571
wordpress internal linking plugin,https://azwebcorp.com/2020/07/29/best-internal-linking-plugins-wordpress/,0,265,0.0,69.63396226415094
"wordpress internal linking plugin,90.00,low,25,approved",https://azwebcorp.com/2020/07/29/best-internal-linking-plugins-wordpress/,0,197,0.0,71.6751269035533
"wordpress internal linking,210.00,low,21,approved",https://azwebcorp.com/2020/07/29/best-internal-linking-plugins-wordpress/,0,151,0.0,61.56953642384106
wordpress internal links 2024,https://azwebcorp.com/2020/07/29/7-best-internal-linking-plugins-for-wordpress-websites/,0,3,0.0,80.66666666666667
wordpress internal links plugin,https://azwebcorp.com/2020/07/29/best-internal-linking-plugins-wordpress/,0,5,0.0,58.4
wordpress internal page links,https://azwebcorp.com/2020/07/29/best-internal-linking-plugins-wordpress/,0,2,0.0,93.5
"wordpress internal page links,10.00,low,14,approved",https://azwebcorp.com/2020/07/29/best-internal-linking-plugins-wordpress/,0,3,0.0,70.33333333333333
wordpress plugin auto internal link,https://azwebcorp.com/2020/07/29/best-internal-linking-plugins-wordpress/,0,145,0.0,71.35862068965517
"wordpress plugin auto internal link,10.00,low,0,approved",https://azwebcorp.com/2020/07/29/best-internal-linking-plugins-wordpress/,0,169,0.0,71.8224852071006
wordpress plugin for internal link building,https://azwebcorp.com/2020/07/29/7-best-internal-linking-plugins-for-wordpress-websites/,0,2,0.0,92.0
wordpress plugin for internal linking,https://azwebcorp.com/2020/07/29/best-internal-linking-plugins-wordpress/,0,122,0.0,70.65573770491804
"wordpress plugin for internal linking,70.00,low,5,approved",https://azwebcorp.com/2020/07/29/best-internal-linking-plugins-wordpress/,0,300,0.0,68.03333333333333
wordpress plugin internal links,https://azwebcorp.com/2020/07/29/best-internal-linking-plugins-wordpress/,0,107,0.0,68.2803738317757
"wordpress plugin internal links,10.00,medium,36,approved",https://azwebcorp.com/2020/07/29/best-internal-linking-plugins-wordpress/,0,212,0.0,79.60849056603773
wordpress plugin search internal links,https://azwebcorp.com/2020/07/29/7-best-internal-linking-plugins-for-wordpress-websites/,0,4,0.0,94.25
wordpress plugin search internal links,https://azwebcorp.com/2020/07/29/best-internal-linking-plugins-wordpress/,0,22,0.0,83.95454545454545
"wordpress seo internal links,210.00,low,2,approved",https://azwebcorp.com/2020/07/29/best-internal-linking-plugins-wordpress/,0,99,0.0,59.98989898989899
wordpress seo phoenix,https://azwebcorp.com/2025/12/05/phoenix-seo-expert-local-search/,0,1,0.0,73.0
wordpress seo phoenix,https://azwebcorp.com/arizona-seo-services/,0,1,0.0,69.0
wordpress there has been a critical error on this website,https://azwebcorp.com/wordpress-critical-error-on-the-website/,0,67,0.0,66.8955223880597
wordpress there has been a critical error on this website.,https://azwebcorp.com/wordpress-critical-error-on-the-website/,0,54,0.0,67.18518518518519
wordpress there is a critical error on this website,https://azwebcorp.com/wordpress-critical-error-on-the-website/,0,1,0.0,45.0
wordpress web design in gilbert,https://azwebcorp.com/,0,118,0.0,34.110169491525426
wordpress web design phoenix,https://azwebcorp.com/,0,2,0.0,30.0
wordpress web designer phoenix,https://azwebcorp.com/,0,1,0.0,102.0
wordpress web designer phoenix,https://azwebcorp.com/arizona-web-development/,0,1,0.0,78.0
wordpress web designer tempe,https://azwebcorp.com/,0,1,0.0,91.0
wordpress web designer tempe,https://azwebcorp.com/arizona-web-development/,0,1,0.0,77.0
wordpress web designers gilbert,https://azwebcorp.com/,0,128,0.0,34.6328125
wordpress web designers mesa,https://azwebcorp.com/,0,6,0.0,56.5
wordpress web development company phoenix az,https://azwebcorp.com/,0,25,0.0,52.2
wordpress web development company phoenix az,https://azwebcorp.com/arizona-web-development/,0,17,0.0,47.470588235294116
wordpress website critical error,https://azwebcorp.com/wordpress-critical-error-on-the-website/,0,3,0.0,62.333333333333336
wordpress website design arizona,https://azwebcorp.com/,0,5,0.0,85.2
wordpress website design arizona,https://azwebcorp.com/arizona-web-development/,0,48,0.0,89.66666666666667
wordpress website designer near me,https://azwebcorp.com/,0,1,0.0,1.0
wordpress website seo agency near me,https://azwebcorp.com/arizona-seo-services/,0,2,0.0,27.5
workflow web based,https://azwebcorp.com/workflow-automation/,0,1,0.0,86.0
yoast internal linking,https://azwebcorp.com/2020/07/29/best-internal-linking-plugins-wordpress/,0,1,0.0,88.0
yuma arizona seo,https://azwebcorp.com/arizona-seo-services/,0,7,0.0,60.42857142857143
